[Licensing::Module] Trying to connect to existing licensing client channel...
Built from '6000.4/staging' branch; Version is '6000.4.4f1 (360f97ecca93) revision 3542935'; Using compiler version '194234433'; Build Type 'Release'
OS: 'Windows 11  (10.0.26200) Professional' Language: 'fr' Physical Memory: 32553 MB
BatchMode: 1, IsHumanControllingUs: 0, StartBugReporterOnCrash: 0, Is64bit: 1
[Licensing::IpcConnector] Channel LicenseClient-Matthew doesn't exist
System  architecture: x64
Process architecture: x64
Date: 2026-10-06T20:08:36Z
[Licensing::Module] Successfully launched the LicensingClient (PId: 9096)

COMMAND LINE ARGUMENTS:
D:\Unity\Hub\6000.4.4f1\Editor\Unity.exe
-batchmode
-job-worker-count
2
-projectPath
D:\Dev\Krag-Kings\benchmark\local\unity-strand-hair-pilot\project
-logFile
D:\Dev\Krag-Kings\benchmark\local\logs\unity-native-character-render-v1.log
-executeMethod
KragKings.StrandPilot.CharacterRenderProbe.Run
-force-d3d12
Successfully changed project path to: D:\Dev\Krag-Kings\benchmark\local\unity-strand-hair-pilot\project
D:/Dev/Krag-Kings/benchmark/local/unity-strand-hair-pilot/project
[UnityMemory] Configuration Parameters - Can be set up in boot.config
    "memorysetup-temp-allocator-size-gi-baking-worker=262144"
    "memorysetup-temp-allocator-size-gi-baking-worker=262144"
    "memorysetup-temp-allocator-size-gi-baking-worker=262144"
    "memorysetup-temp-allocator-size-gi-baking-worker=262144"
    "memorysetup-temp-allocator-size-gi-baking-worker=262144"
    "memorysetup-temp-allocator-size-nav-mesh-worker=65536"
    "memorysetup-temp-allocator-size-audio-worker=65536"
    "memorysetup-temp-allocator-size-cloud-worker=32768"
    "memorysetup-temp-allocator-size-gfx=262144"
    "memorysetup-temp-allocator-size-preload-manager=33554432"
    "memorysetup-temp-allocator-size-job-worker=262144"
    "memorysetup-temp-allocator-size-background-worker=32768"
    "memorysetup-allocator-temp-initial-block-size-main=262144"
    "memorysetup-allocator-temp-initial-block-size-worker=262144"
    "memorysetup-bucket-allocator-granularity=16"
    "memorysetup-bucket-allocator-bucket-count=8"
    "memorysetup-bucket-allocator-block-size=33554432"
    "memorysetup-bucket-allocator-block-count=8"
    "memorysetup-main-allocator-block-size=16777216"
    "memorysetup-thread-allocator-block-size=16777216"
    "memorysetup-gfx-main-allocator-block-size=16777216"
    "memorysetup-gfx-thread-allocator-block-size=16777216"
    "memorysetup-cache-allocator-block-size=4194304"
    "memorysetup-typetree-allocator-block-size=2097152"
    "memorysetup-profiler-bucket-allocator-granularity=16"
    "memorysetup-profiler-bucket-allocator-bucket-count=8"
    "memorysetup-profiler-bucket-allocator-block-size=33554432"
    "memorysetup-profiler-bucket-allocator-block-count=8"
    "memorysetup-profiler-allocator-block-size=16777216"
    "memorysetup-profiler-editor-allocator-block-size=1048576"
    "memorysetup-temp-allocator-size-main=16777216"
    "memorysetup-job-temp-allocator-block-size=2097152"
    "memorysetup-job-temp-allocator-block-size-background=1048576"
    "memorysetup-job-temp-allocator-reduction-small-platforms=262144"
Player connection [28820]  Target information:

Player connection [28820]  * "[IP] 172.17.32.1 [Port] 55504 [Flags] 2 [Guid] 877444421 [EditorId] 877444421 [Version] 1048832 [Id] WindowsEditor(7,LAPTOP-E39AUCND) [Debug] 1 [PackageName] WindowsEditor [ProjectName] Editor" 

Player connection [28820]  * "[IP] 172.26.16.1 [Port] 55504 [Flags] 2 [Guid] 877444421 [EditorId] 877444421 [Version] 1048832 [Id] WindowsEditor(7,LAPTOP-E39AUCND) [Debug] 1 [PackageName] WindowsEditor [ProjectName] Editor" 

Player connection [28820]  * "[IP] 192.168.31.40 [Port] 55504 [Flags] 2 [Guid] 877444421 [EditorId] 877444421 [Version] 1048832 [Id] WindowsEditor(7,LAPTOP-E39AUCND) [Debug] 1 [PackageName] WindowsEditor [ProjectName] Editor" 

Player connection [28820] Host joined multi-casting on [225.0.0.222:54997]...
Player connection [28820] Host joined alternative multi-casting on [225.0.0.222:34997]...
JobSystem: Creating JobQueue using job-worker-count value 2
Input System module state changed to: Initialized.
[Physics::Module] Initialized fallback backend.
[Physics::Module] Id: 0xdecafbad
[Licensing::IpcConnector] Successfully connected to: "LicenseClient-Matthew" at "2026-10-06T20:08:37.3196633Z"
[Package Manager] Connected to IPC stream "Upm-17372" after 0.5 seconds.
[Licensing::Module] Licensing is not yet initialized.
[Licensing::Client] Handshaking with LicensingClient:
  Version:                 1.18.1+9fbee8e
  Session Id:              342d937b22584be5b9bad8dc8b3a7b10
  Correlation Id:          ba402e266d18a4c4e8f7564f1bb6f3e4
  External correlation Id: 8009723145304711276
  Machine Id:              H9ywjWMk/aJPg3YR91m8eMuX6rE=
[Licensing::Module] Successfully connected to LicensingClient on channel: "LicenseClient-Matthew" (connect: 0.57s, validation: 0.05s, handshake: 1.29s)
[Licensing::IpcConnector] Successfully connected to: "LicenseClient-Matthew-notifications" at "2026-10-06T20:08:38.660899Z"
[Licensing::Module] Connected to LicensingClient (PId: 9096, launch time: 0.01, total connection time: 1.91s)
[Licensing::Module] Error: Access token is unavailable; failed to update
[Licensing::Client] Successfully resolved entitlement details
[Licensing::Module] License group:
  Id: F4-DJ6W-5N43-F9Y2-7JQE-XXXX
  Product: Unity Personal
  Type: ULF
  Expiration: Unlimited
[Licensing::Module] License group:
  Id: 9070992302932-UnityPersXXXX
  Product: Unity Personal
  Type: Assigned
  Expiration: Unlimited
[Licensing::Client] Successfully updated license, isAsync: True, time: 0.01
[Licensing::Client] Successfully resolved entitlement details
[Licensing::Module] License group:
  Id: F4-DJ6W-5N43-F9Y2-7JQE-XXXX
  Product: Unity Personal
  Type: ULF
  Expiration: Unlimited
[Licensing::Module] License group:
  Id: 9070992302932-UnityPersXXXX
  Product: Unity Personal
  Type: Assigned
  Expiration: Unlimited
[Licensing::Module] Licensing Background thread has ended after 1.95s
[Licensing::Module] Licensing is initialized (took 1.19s).
[Licensing::Client] Successfully resolved entitlement details
[Licensing::Module] License group:
  Id: F4-DJ6W-5N43-F9Y2-7JQE-XXXX
  Product: Unity Personal
  Type: ULF
  Expiration: Unlimited
[Licensing::Module] License group:
  Id: 9070992302932-UnityPersXXXX
  Product: Unity Personal
  Type: Assigned
  Expiration: Unlimited
Library Redirect Path: Library/
[Physics::Module] Selected backend.
[Physics::Module] Name: PhysX
[Physics::Module] Id: 0xf2b8ea05
[Physics::Module] SDK Version: 4.1.2
[Physics::Module] Integration Version: 1.0.0
[Physics::Module] Threading Mode: Multi-Threaded
Initialize engine version: 6000.4.4f1 (360f97ecca93)
[Subsystems] Discovering subsystems at path D:/Unity/Hub/6000.4.4f1/Editor/Data/Resources/UnitySubsystems
[Subsystems] Discovering subsystems at path D:/Dev/Krag-Kings/benchmark/local/unity-strand-hair-pilot/project/Assets
Forcing GfxDevice: Direct3D 12
GfxDevice: creating device client; kGfxThreadingModeNonThreaded
d3d12: failed to query info queue interface (0x80004002).
Direct3D:
    Version:         Direct3D 12 [level 12.2]
    Renderer:        NVIDIA GeForce RTX 2060 (ID=0x1f15)
    Vendor:          NVIDIA
    VRAM:            5955 MB
    App VRAM Budget: 5187 MB
    Driver:          32.0.15.9144
Initialize mono
Mono path[0] = 'D:/Unity/Hub/6000.4.4f1/Editor/Data/Managed'
Mono path[1] = 'D:/Unity/Hub/6000.4.4f1/Editor/Data/MonoBleedingEdge/lib/mono/unityjit-win32'
Mono config path = 'D:/Unity/Hub/6000.4.4f1/Editor/Data/MonoBleedingEdge/etc'
Using monoOptions --debugger-agent=transport=dt_socket,embedding=1,server=y,suspend=n,address=127.0.0.1:56372
CodeReloadManager initialized
Using cacheserver namespaces - metadata:defaultmetadata, artifacts:defaultartifacts
Using cacheserver namespaces - metadata:defaultmetadata, artifacts:defaultartifacts
ImportWorker Server TCP listen port: 0
AcceleratorClientConnectionCallback - disconnected - :0
Begin MonoManager ReloadAssembly
Registering precompiled unity dll's ...
Register platform support module: D:/Unity/Hub/6000.4.4f1/Editor/Data/PlaybackEngines/WebGLSupport/UnityEditor.WebGL.Extensions.dll
Register platform support module: D:/Unity/Hub/6000.4.4f1/Editor/Data/PlaybackEngines/WindowsStandaloneSupport/UnityEditor.WindowsStandalone.Extensions.dll
Registered in 0.001855 seconds.
Native extension for WindowsStandalone target not found
Native extension for WebGL target not found
Package Manager log level set to [2]
ScheduleIndexationOnStartup MainProcess:False IndexOnStartup:True
Mono: successfully reloaded assembly
- Finished resetting the current domain, in  0.526 seconds
Domain Reload Profiling: 1072ms
	BeginReloadAssembly (176ms)
		CreateAndSetChildDomain (14ms)
	RebuildCommonClasses (43ms)
	RebuildNativeTypeToScriptingClass (15ms)
	initialDomainReloadingComplete (71ms)
	LoadAllAssembliesAndSetupDomain (240ms)
		LoadAssemblies (162ms)
		AnalyzeDomain (228ms)
			TypeCache.Refresh (226ms)
				TypeCache.ScanAssembly (210ms)
	FinalizeReload (528ms)
		SetupLoadedEditorAssemblies (0ms)
			InitializePlatformSupportModulesInManaged (61ms)
			BeforeProcessingInitializeOnLoad (107ms)
			ProcessInitializeOnLoadAttributes (147ms)
			ProcessInitializeOnLoadMethodAttributes (123ms)
[Licensing::Client] Successfully resolved entitlement details
[Licensing::Module] License group:
  Id: F4-DJ6W-5N43-F9Y2-7JQE-XXXX
  Product: Unity Personal
  Type: ULF
  Expiration: Unlimited
[Licensing::Module] License group:
  Id: 9070992302932-UnityPersXXXX
  Product: Unity Personal
  Type: Assigned
  Expiration: Unlimited
Application.AssetDatabase Initial Refresh Start
[Package Manager] Restoring resolved packages state from cache
[Licensing::Client] Successfully resolved entitlement details
[Package Manager] Registered 34 packages:
  Packages from [https://packages.unity.com]:
    com.unity.inputsystem@1.19.0 (location: D:\Dev\Krag-Kings\benchmark\local\unity-strand-hair-pilot\project\Library\PackageCache\com.unity.inputsystem@21a28c3a6c83)
    com.unity.burst@1.8.29 (location: D:\Dev\Krag-Kings\benchmark\local\unity-strand-hair-pilot\project\Library\PackageCache\com.unity.burst@6bb9aca3ef38)
    com.unity.mathematics@1.3.3 (location: D:\Dev\Krag-Kings\benchmark\local\unity-strand-hair-pilot\project\Library\PackageCache\com.unity.mathematics@19a9377c4ffa)
    com.unity.timeline@1.8.12 (location: D:\Dev\Krag-Kings\benchmark\local\unity-strand-hair-pilot\project\Library\PackageCache\com.unity.timeline@8cd8509afae5)
    com.unity.nuget.mono-cecil@1.11.6 (location: D:\Dev\Krag-Kings\benchmark\local\unity-strand-hair-pilot\project\Library\PackageCache\com.unity.nuget.mono-cecil@ecb9724e46ff)
    com.unity.test-framework.performance@3.4.0 (location: D:\Dev\Krag-Kings\benchmark\local\unity-strand-hair-pilot\project\Library\PackageCache\com.unity.test-framework.performance@aa81a99c4a75)
    com.unity.searcher@4.9.4 (location: D:\Dev\Krag-Kings\benchmark\local\unity-strand-hair-pilot\project\Library\PackageCache\com.unity.searcher@d45a78918735)
  Built-in packages:
    com.unity.render-pipelines.high-definition@17.4.0 (location: D:\Dev\Krag-Kings\benchmark\local\unity-strand-hair-pilot\project\Library\PackageCache\com.unity.render-pipelines.high-definition@4509f627d0da)
    com.unity.ugui@2.0.0 (location: D:\Dev\Krag-Kings\benchmark\local\unity-strand-hair-pilot\project\Library\PackageCache\com.unity.ugui@d8a2716f3013)
    com.unity.modules.screencapture@1.0.0 (location: D:\Dev\Krag-Kings\benchmark\local\unity-strand-hair-pilot\project\Library\PackageCache\com.unity.modules.screencapture)
    com.unity.modules.particlesystem@1.0.0 (location: D:\Dev\Krag-Kings\benchmark\local\unity-strand-hair-pilot\project\Library\PackageCache\com.unity.modules.particlesystem)
    com.unity.modules.physics@1.0.0 (location: D:\Dev\Krag-Kings\benchmark\local\unity-strand-hair-pilot\project\Library\PackageCache\com.unity.modules.physics)
    com.unity.modules.wind@1.0.0 (location: D:\Dev\Krag-Kings\benchmark\local\unity-strand-hair-pilot\project\Library\PackageCache\com.unity.modules.wind)
    com.unity.modules.animation@1.0.0 (location: D:\Dev\Krag-Kings\benchmark\local\unity-strand-hair-pilot\project\Library\PackageCache\com.unity.modules.animation)
    com.unity.modules.audio@1.0.0 (location: D:\Dev\Krag-Kings\benchmark\local\unity-strand-hair-pilot\project\Library\PackageCache\com.unity.modules.audio)
    com.unity.modules.imgui@1.0.0 (location: D:\Dev\Krag-Kings\benchmark\local\unity-strand-hair-pilot\project\Library\PackageCache\com.unity.modules.imgui)
    com.unity.modules.jsonserialize@1.0.0 (location: D:\Dev\Krag-Kings\benchmark\local\unity-strand-hair-pilot\project\Library\PackageCache\com.unity.modules.jsonserialize)
    com.unity.collections@6.4.0 (location: D:\Dev\Krag-Kings\benchmark\local\unity-strand-hair-pilot\project\Library\PackageCache\com.unity.collections@9c2353fb96f6)
    com.unity.render-pipelines.core@17.4.0 (location: D:\Dev\Krag-Kings\benchmark\local\unity-strand-hair-pilot\project\Library\PackageCache\com.unity.render-pipelines.core@2269be549234)
    com.unity.shadergraph@17.4.0 (location: D:\Dev\Krag-Kings\benchmark\local\unity-strand-hair-pilot\project\Library\PackageCache\com.unity.shadergraph@cd28a7c13031)
    com.unity.modules.imageconversion@1.0.0 (location: D:\Dev\Krag-Kings\benchmark\local\unity-strand-hair-pilot\project\Library\PackageCache\com.unity.modules.imageconversion)
    com.unity.modules.uielements@1.0.0 (location: D:\Dev\Krag-Kings\benchmark\local\unity-strand-hair-pilot\project\Library\PackageCache\com.unity.modules.uielements)
    com.unity.modules.ui@1.0.0 (location: D:\Dev\Krag-Kings\benchmark\local\unity-strand-hair-pilot\project\Library\PackageCache\com.unity.modules.ui)
    com.unity.modules.video@1.0.0 (location: D:\Dev\Krag-Kings\benchmark\local\unity-strand-hair-pilot\project\Library\PackageCache\com.unity.modules.video)
    com.unity.visualeffectgraph@17.4.0 (location: D:\Dev\Krag-Kings\benchmark\local\unity-strand-hair-pilot\project\Library\PackageCache\com.unity.visualeffectgraph@e00a147af410)
    com.unity.render-pipelines.high-definition-config@17.4.0 (location: D:\Dev\Krag-Kings\benchmark\local\unity-strand-hair-pilot\project\Library\PackageCache\com.unity.render-pipelines.high-definition-config@f2a20abb2a1c)
    com.unity.modules.director@1.0.0 (location: D:\Dev\Krag-Kings\benchmark\local\unity-strand-hair-pilot\project\Library\PackageCache\com.unity.modules.director)
    com.unity.test-framework@1.6.0 (location: D:\Dev\Krag-Kings\benchmark\local\unity-strand-hair-pilot\project\Library\PackageCache\com.unity.test-framework@76560ee600cb)
    com.unity.modules.terrain@1.0.0 (location: D:\Dev\Krag-Kings\benchmark\local\unity-strand-hair-pilot\project\Library\PackageCache\com.unity.modules.terrain)
    com.unity.modules.hierarchycore@1.0.0 (location: D:\Dev\Krag-Kings\benchmark\local\unity-strand-hair-pilot\project\Library\PackageCache\com.unity.modules.hierarchycore)
    com.unity.modules.unitywebrequest@1.0.0 (location: D:\Dev\Krag-Kings\benchmark\local\unity-strand-hair-pilot\project\Library\PackageCache\com.unity.modules.unitywebrequest)
    com.unity.ext.nunit@2.0.5 (location: D:\Dev\Krag-Kings\benchmark\local\unity-strand-hair-pilot\project\Library\PackageCache\com.unity.ext.nunit@d8c07649098d)
  Local packages:
    com.unity.demoteam.hair@file:D:\Dev\Krag-Kings\benchmark\local\unity-strand-hair-pilot\source (location: D:\Dev\Krag-Kings\benchmark\local\unity-strand-hair-pilot\source)
    com.unity.demoteam.digital-human@file:D:\Dev\Krag-Kings\benchmark\local\unity-strand-hair-pilot\digital-human (location: D:\Dev\Krag-Kings\benchmark\local\unity-strand-hair-pilot\digital-human)
[Subsystems] No new subsystems found in resolved package list.
[Package Manager] Done registering packages in 0.02 seconds
[ScriptCompilation] Requested script compilation because: AssetDatabase observed changes in script compilation related files
Starting: D:\Unity\Hub\6000.4.4f1\Editor\Data\Tools\BuildPipeline\bee_backend.exe --ipc --defer-dag-verification --dagfile="Library/Bee/1900b0aE.dag" --continue-on-failure --profile="Library/Bee/backend1.traceevents" ScriptAssemblies
WorkingDir: D:/Dev/Krag-Kings/benchmark/local/unity-strand-hair-pilot/project
DisplayProgressbar: Compiling Scripts
ExitCode: 4 Duration: 0s295ms
Rebuilding DAG because FileSignature timestamp changed: Library/Bee/1900b0aE-inputdata.json
[567/718    0s] ILPP-Configuration Library/ilpp-configuration.nevergeneratedoutput
*** Tundra requires additional run (0.25 seconds), 1 items updated, 566 evaluated
Starting: D:\Unity\Hub\6000.4.4f1\Editor\Data\netcorerun\netcorerun.exe "D:\Unity\Hub\6000.4.4f1\Editor\Data\Tools\BuildPipeline\ScriptCompilationBuildProgram.exe" "Library/Bee/1900b0aE.dag.json" "Library/Bee/1900b0aE-inputdata.json" "Library\Bee\buildprogram0.traceevents"
WorkingDir: D:/Dev/Krag-Kings/benchmark/local/unity-strand-hair-pilot/project
ExitCode: 0 Duration: 3s66ms
Starting: D:\Unity\Hub\6000.4.4f1\Editor\Data\Tools\BuildPipeline\bee_backend.exe --ipc --defer-dag-verification --dagfile="Library/Bee/1900b0aE.dag" --continue-on-failure --dagfilejson="Library\Bee\1900b0aE.dag.json" --profile="Library/Bee/backend2.traceevents" ScriptAssemblies
WorkingDir: D:/Dev/Krag-Kings/benchmark/local/unity-strand-hair-pilot/project
ExitCode: 0 Duration: 2s449ms
Finished compiling graph: 722 nodes, 11931 flattened edges (9875 ToBuild, 108 ToUse), maximum node priority 816
[418/718    0s] WriteText Library/Bee/artifacts/1900b0aE.dag/KragKings.StrandPilot.Editor.rsp
[566/718    0s] ILPP-Configuration Library/ilpp-configuration.nevergeneratedoutput
[714/718    1s] Csc Library/Bee/artifacts/1900b0aE.dag/KragKings.StrandPilot.Editor.dll (+2 others)
Assets\Editor\CharacterRenderProbe.cs(137,107): warning CS0618: 'HDAdditionalLightData.SetIntensity(float, LightUnit)' is obsolete: 'This property has been deprecated. Use LightUnitUtils.ConvertIntensity(...) & directly set Light.lightUnit + Light.intensity instead. #from(2023.3)'

Assets\Editor\RenderProbe.cs(73,67): warning CS0618: 'HDAdditionalLightData.SetIntensity(float, LightUnit)' is obsolete: 'This property has been deprecated. Use LightUnitUtils.ConvertIntensity(...) & directly set Light.lightUnit + Light.intensity instead. #from(2023.3)'

Assets\Editor\RenderProbe.cs(75,68): warning CS0618: 'HDAdditionalLightData.SetIntensity(float, LightUnit)' is obsolete: 'This property has been deprecated. Use LightUnitUtils.ConvertIntensity(...) & directly set Light.lightUnit + Light.intensity instead. #from(2023.3)'
[715/718    0s] ILPostProcess Library/Bee/artifacts/1900b0aE.dag/post-processed/KragKings.StrandPilot.Editor.dll (+pdb)
Processing assembly Library/Bee/artifacts/1900b0aE.dag/KragKings.StrandPilot.Editor.dll, with 137 defines and 288 references

processors: Unity.Jobs.CodeGen.JobsILPostProcessor, zzzUnity.Burst.CodeGen.BurstILPostProcessor

running Unity.Jobs.CodeGen.JobsILPostProcessor

running zzzUnity.Burst.CodeGen.BurstILPostProcessor
[716/718    0s] CopyFiles Library/ScriptAssemblies/KragKings.StrandPilot.Editor.pdb
[717/718    0s] CopyFiles Library/ScriptAssemblies/KragKings.StrandPilot.Editor.dll
*** Tundra build success (2.43 seconds), 6 items updated, 718 evaluated
Assets\Editor\CharacterRenderProbe.cs(137,107): warning CS0618: 'HDAdditionalLightData.SetIntensity(float, LightUnit)' is obsolete: 'This property has been deprecated. Use LightUnitUtils.ConvertIntensity(...) & directly set Light.lightUnit + Light.intensity instead. #from(2023.3)'
Assets\Editor\RenderProbe.cs(73,67): warning CS0618: 'HDAdditionalLightData.SetIntensity(float, LightUnit)' is obsolete: 'This property has been deprecated. Use LightUnitUtils.ConvertIntensity(...) & directly set Light.lightUnit + Light.intensity instead. #from(2023.3)'
Assets\Editor\RenderProbe.cs(75,68): warning CS0618: 'HDAdditionalLightData.SetIntensity(float, LightUnit)' is obsolete: 'This property has been deprecated. Use LightUnitUtils.ConvertIntensity(...) & directly set Light.lightUnit + Light.intensity instead. #from(2023.3)'
AssetDatabase: script compilation time: 6.348290s
Begin MonoManager ReloadAssembly
Assembly Assembly-CSharp-Editor-firstpass.dll at Library/ScriptAssemblies/Assembly-CSharp-Editor-firstpass.dll not valid. Loading of assembly skipped.
Assembly Assembly-CSharp-Editor.dll at Library/ScriptAssemblies/Assembly-CSharp-Editor.dll not valid. Loading of assembly skipped.
Assembly Assembly-CSharp-firstpass.dll at Library/ScriptAssemblies/Assembly-CSharp-firstpass.dll not valid. Loading of assembly skipped.
Assembly Assembly-CSharp.dll at Library/ScriptAssemblies/Assembly-CSharp.dll not valid. Loading of assembly skipped.
Assembly DocCodeExamples.dll at Library/ScriptAssemblies/DocCodeExamples.dll not valid. Loading of assembly skipped.
Assembly TestNewCustomAssembly.dll at Library/ScriptAssemblies/TestNewCustomAssembly.dll not valid. Loading of assembly skipped.
Assembly Unity.Collections.BurstCompatibilityGen.dll at Library/ScriptAssemblies/Unity.Collections.BurstCompatibilityGen.dll not valid. Loading of assembly skipped.
Assembly Unity.Collections.DocCodeSamples.dll at Library/ScriptAssemblies/Unity.Collections.DocCodeSamples.dll not valid. Loading of assembly skipped.
Assembly Unity.Collections.PerformanceTests.dll at Library/ScriptAssemblies/Unity.Collections.PerformanceTests.dll not valid. Loading of assembly skipped.
Assembly Unity.Collections.Tests.dll at Library/ScriptAssemblies/Unity.Collections.Tests.dll not valid. Loading of assembly skipped.
Assembly Unity.Collections.Tests.Playmode.dll at Library/ScriptAssemblies/Unity.Collections.Tests.Playmode.dll not valid. Loading of assembly skipped.
Assembly Unity.DemoTeam.Hair.Tests.Editor.dll at Library/ScriptAssemblies/Unity.DemoTeam.Hair.Tests.Editor.dll not valid. Loading of assembly skipped.
Assembly Unity.DemoTeam.Hair.Tests.Runtime.dll at Library/ScriptAssemblies/Unity.DemoTeam.Hair.Tests.Runtime.dll not valid. Loading of assembly skipped.
Assembly Unity.InputSystem.IntegrationTests.dll at Library/ScriptAssemblies/Unity.InputSystem.IntegrationTests.dll not valid. Loading of assembly skipped.
Assembly Unity.Mathematics.Tests.dll at Library/ScriptAssemblies/Unity.Mathematics.Tests.dll not valid. Loading of assembly skipped.
Assembly Unity.Nuget.Mono-Cecil.dll at Library/ScriptAssemblies/Unity.Nuget.Mono-Cecil.dll not valid. Loading of assembly skipped.
Assembly Unity.PathTracing.Editor.Tests.dll at Library/ScriptAssemblies/Unity.PathTracing.Editor.Tests.dll not valid. Loading of assembly skipped.
Assembly Unity.PathTracing.Runtime.Tests.dll at Library/ScriptAssemblies/Unity.PathTracing.Runtime.Tests.dll not valid. Loading of assembly skipped.
Assembly Unity.RenderPipelines.Core.Editor.Tests.dll at Library/ScriptAssemblies/Unity.RenderPipelines.Core.Editor.Tests.dll not valid. Loading of assembly skipped.
Assembly Unity.RenderPipelines.Core.Runtime.Tests.dll at Library/ScriptAssemblies/Unity.RenderPipelines.Core.Runtime.Tests.dll not valid. Loading of assembly skipped.
Assembly Unity.RenderPipelines.HighDefinition.Editor.Tests.dll at Library/ScriptAssemblies/Unity.RenderPipelines.HighDefinition.Editor.Tests.dll not valid. Loading of assembly skipped.
Assembly Unity.RenderPipelines.HighDefinition.Runtime.Tests.dll at Library/ScriptAssemblies/Unity.RenderPipelines.HighDefinition.Runtime.Tests.dll not valid. Loading of assembly skipped.
Assembly Unity.RenderPipelines.HighDefinitionConfig.Editor.Tests.dll at Library/ScriptAssemblies/Unity.RenderPipelines.HighDefinitionConfig.Editor.Tests.dll not valid. Loading of assembly skipped.
Assembly Unity.Searcher.EditorTests.dll at Library/ScriptAssemblies/Unity.Searcher.EditorTests.dll not valid. Loading of assembly skipped.
Assembly Unity.ShaderGraph.Editor.Tests.dll at Library/ScriptAssemblies/Unity.ShaderGraph.Editor.Tests.dll not valid. Loading of assembly skipped.
Assembly Unity.TextMeshPro.Editor.Tests.dll at Library/ScriptAssemblies/Unity.TextMeshPro.Editor.Tests.dll not valid. Loading of assembly skipped.
Assembly Unity.TextMeshPro.Tests.dll at Library/ScriptAssemblies/Unity.TextMeshPro.Tests.dll not valid. Loading of assembly skipped.
Assembly Unity.UnifiedRayTracing.Editor.Tests.dll at Library/ScriptAssemblies/Unity.UnifiedRayTracing.Editor.Tests.dll not valid. Loading of assembly skipped.
Assembly Unity.VisualEffectGraph.Editor.Tests.dll at Library/ScriptAssemblies/Unity.VisualEffectGraph.Editor.Tests.dll not valid. Loading of assembly skipped.
Assembly Unity.VisualEffectGraph.Runtime.Tests.dll at Library/ScriptAssemblies/Unity.VisualEffectGraph.Runtime.Tests.dll not valid. Loading of assembly skipped.
Assembly UnityEditor.UI.Common.Tests.dll at Library/ScriptAssemblies/UnityEditor.UI.Common.Tests.dll not valid. Loading of assembly skipped.
Assembly UnityEditor.UI.EditorTests.dll at Library/ScriptAssemblies/UnityEditor.UI.EditorTests.dll not valid. Loading of assembly skipped.
Assembly UnityEngine.UI.Tests.dll at Library/ScriptAssemblies/UnityEngine.UI.Tests.dll not valid. Loading of assembly skipped.
Start importing Assets/Benchmark using Guid(9229ed6dc1a821b4b9927cb370de01e6) (DefaultImporter) -> (Import Result ID: 'cb52a25b9886189b5993eedb46e4f16a') in 0.040386 seconds [static dependencies only]. Details - ImportResultOutputID=4f5b778df14210112285d3eae5851b01 DependenciesID=f118350cefdc8c175e138b3e6e0a8a91 StaticDependenciesID=b1c81006fd2a3b0120196e2bbaefbb22 
Start importing Assets/Benchmark/Generated using Guid(06e4d63d2126631479996608e855e8ac) (DefaultImporter) -> (Import Result ID: '5eb6570c7d9dc2b0f93a76413174a28b') in 0.0081786 seconds [static dependencies only]. Details - ImportResultOutputID=803707ee1871ff30dc7988b8cf635e75 DependenciesID=bb7446d627e934e99e77a15fb44c8a9b StaticDependenciesID=2050933c2941255ed55a3d5aac51a1ca 
Start importing Assets/Benchmark/Imported using Guid(3b50dab929fedee43a2a1e9d6b804325) (DefaultImporter) -> (Import Result ID: '9aadff3e5a2a198b46ed627d8ae2eae8') in 0.0076251 seconds [static dependencies only]. Details - ImportResultOutputID=a3f64218f77b8856aa0f6ad81900285f DependenciesID=360867175705e8f997186357de564f87 StaticDependenciesID=ade7060c93b925d5ccdc773a92c185d8 
Start importing Assets/Benchmark/Imported/characters using Guid(a070fdcab4b5c9d478c52b22dfceb707) (DefaultImporter) -> (Import Result ID: 'd8ee77dfcaf73a24ffc7434a71a16d26') in 0.0070573 seconds [static dependencies only]. Details - ImportResultOutputID=de316470ba33e913cd7aa94042a08cdb DependenciesID=41fb73c60eb9e99a808aa35092e720d3 StaticDependenciesID=7ab4bbf449478f80ee4e6628b90acd1b 
Start importing Assets/Benchmark/Imported/characters/nib using Guid(c8058c42c2dc247419a6731fcb74c1df) (DefaultImporter) -> (Import Result ID: '33b9fee1cda3a90146798fa9d07871ca') in 0.0081197 seconds [static dependencies only]. Details - ImportResultOutputID=12aed734416099adfee3e6a8b962006d DependenciesID=940d204bf5a07492b53324e29533f008 StaticDependenciesID=0a5a4e75bd8b1ef820e811263f6823d3 
Start importing Assets/Benchmark/Imported/characters/nib/textures using Guid(36b80c6d90229ac44b54af6bb5fb4883) (DefaultImporter) -> (Import Result ID: '9eeb18edb6508567e0aff911aa994a13') in 0.0067103 seconds [static dependencies only]. Details - ImportResultOutputID=2e20ce69fbd4c78855471ce77784ac9c DependenciesID=1e3bd8f73f48e5852fcc2c8820a5881f StaticDependenciesID=7041bd41ec8ccd4400ce485ec1aaffff 
Native extension for WindowsStandalone target not found
Native extension for WebGL target not found
ScheduleIndexationOnStartup MainProcess:True IndexOnStartup:True
Mono: successfully reloaded assembly
- Finished resetting the current domain, in  3.408 seconds
Domain Reload Profiling: 4529ms
	BeginReloadAssembly (381ms)
		DisableScriptedObjects (28ms)
		CreateAndSetChildDomain (159ms)
	RebuildCommonClasses (43ms)
	RebuildNativeTypeToScriptingClass (15ms)
	initialDomainReloadingComplete (183ms)
	LoadAllAssembliesAndSetupDomain (500ms)
		LoadAssemblies (374ms)
		AnalyzeDomain (262ms)
			TypeCache.Refresh (194ms)
				TypeCache.ScanAssembly (183ms)
			BuildScriptInfoCaches (54ms)
			ResolveRequiredComponents (12ms)
	FinalizeReload (3408ms)
		SetupLoadedEditorAssemblies (0ms)
			InitializePlatformSupportModulesInManaged (26ms)
			BeforeProcessingInitializeOnLoad (171ms)
			ProcessInitializeOnLoadAttributes (2395ms)
			ProcessInitializeOnLoadMethodAttributes (572ms)
			AfterProcessingInitializeOnLoad (4ms)
		AwakeInstancesAfterBackupRestoration (26ms)
Start importing Assets/Benchmark/Generated/Nib_Hair_Mask.png using Guid(30cbc0441aeae4e4cb86bd0ac6fa9773) (TextureImporter) -> (Import Result ID: '8d6f4ef3a37d2d5ce84e880675fd6b10') in 0.4620459 seconds [static and dynamic dependencies]. Details - ImportResultOutputID=40afd78385c9a7a1c051eb05a82a19d5 DependenciesID=75a415c12aa2f062e6cccec178e41c1f StaticDependenciesID=47c1dc8e0894a1ccd0b602161d1bb4b1 
Start importing Assets/Benchmark/Imported/characters/nib/textures/Nib_v5_FacialSkinAtlas_BaseColor.png using Guid(41c736a2dd31596429e57bfdf78410bf) (TextureImporter) -> (Import Result ID: '7725d02cb0b5149ab3f3dabbe6a68408') in 1.5400296 seconds [static and dynamic dependencies]. Details - ImportResultOutputID=527b2aa522d1434af2b0127b7627725e DependenciesID=01780ee1ebbac51022e472dbc10b637d StaticDependenciesID=e90e3d60f01ee8e8d53127215209f874 
Start importing Assets/Benchmark/Generated/Nib_Cloth_Mask.png using Guid(919469e86f4c228408681361e92e30d5) (TextureImporter) -> (Import Result ID: '9b3efea9bf3b365ecdaf3c4697d532f0') in 0.3730699 seconds [static and dynamic dependencies]. Details - ImportResultOutputID=76f20bfb9d18fa694b5de5d4b181c178 DependenciesID=3bd29d8cf0e58d731c2a450ef0c78617 StaticDependenciesID=0b88781bc5f8a0e65831cadd8fe61889 
Start importing Assets/Benchmark/Imported/characters/nib/textures/Nib_IdentityOcularGlobe_Normal.png using Guid(a134f8e1c7c1e3244869bebb4d53d52e) (TextureImporter) -> (Import Result ID: '5a353c06cf4e598264b4563b13fa2f29') in 0.021101 seconds [static and dynamic dependencies]. Details - ImportResultOutputID=b868fedcb2e628b7b47f02a75d4021e4 DependenciesID=ba513ea0b299ab8ec1f7140770b85896 StaticDependenciesID=d69c5f97db2f7e28102310b74477efa1 
Start importing Assets/Benchmark/Generated/Nib_v6_TawnyEarFurCards_Mask.png using Guid(b13c5640b630bae40b2b2298816956a6) (TextureImporter) -> (Import Result ID: '08f24fdc243f22199fc34d9057bbc220') in 1.3407438 seconds [static and dynamic dependencies]. Details - ImportResultOutputID=6138e42eb2a37be3be0fe79a715d1e48 DependenciesID=ab9647ca35d3f7dff99931aed751e032 StaticDependenciesID=8221b4c87aedfd8006a6ca26265b9c57 
Start importing Assets/Benchmark/Imported/characters/nib/textures/Nib_Workwear_BaseColor.png using Guid(f1221333c89d10745a981703bf9d6e64) (TextureImporter) -> (Import Result ID: '9d6e80cff0939df69c26f2b44954a1bb') in 0.1628447 seconds [static and dynamic dependencies]. Details - ImportResultOutputID=f3383735663c992309336e4cf5c68f74 DependenciesID=2e38545a88d35eefb7cd221374d01b5c StaticDependenciesID=ae68ab52cb488daba38336655bc173b0 
Start importing Assets/Benchmark/Generated/Nib_EarInner_Mask.png using Guid(024767681a630834b9256891c8d4fcba) (TextureImporter) -> (Import Result ID: 'dcbc00af30bf587b72f8ddfdaa72a47f') in 0.3789004 seconds [static and dynamic dependencies]. Details - ImportResultOutputID=2c25f1a3a3556b04330b5d53638fc0d6 DependenciesID=1eb4cbcd5dfdb2c53a9efb560478de2a StaticDependenciesID=910ed7662d4c08c8b8b4715d730becc8 
Start importing Assets/Benchmark/Imported/characters/nib/textures/Nib_Brass_Normal.png using Guid(63ea7093dc31d874691b574fc0cefb7e) (TextureImporter) -> (Import Result ID: '0d11834ba20d1294c7d3c04051b5f63f') in 0.4413553 seconds [static and dynamic dependencies]. Details - ImportResultOutputID=19ecf9663ed9c0a13b0fb5a61c9a2ba1 DependenciesID=70137665efe09d224861a668cdf05afa StaticDependenciesID=0bac7d10f8b8fbe80278bf0b6cca60b5 
Start importing Assets/Benchmark/Imported/characters/nib/textures/Nib_v5_InnerEarWisps_Normal.png using Guid(93acd9aaa19f63e44b619859436915cf) (TextureImporter) -> (Import Result ID: '860ad31d30a26defb339b0d7cbac16be') in 0.008218 seconds [static and dynamic dependencies]. Details - ImportResultOutputID=a8ec2e0557aea8ee985cae2da675168f DependenciesID=52481732557b96c831bf09da2c377061 StaticDependenciesID=e71c997ab6fdd2993f486d9daa2cf786 
Start importing Assets/Benchmark/Imported/characters/nib/textures/Nib_v6_TawnyEarFurCards_BaseColor.png using Guid(a3c83616b16f36f40a13081bbaf4e5b5) (TextureImporter) -> (Import Result ID: 'f536837da2d8ab7659ac54e8a57e9d27') in 0.93403 seconds [static and dynamic dependencies]. Details - ImportResultOutputID=d05084efd13fdc7d3d64cd1feef43c80 DependenciesID=92c0dcac85ced0b5078de78e3e6f84c0 StaticDependenciesID=fa3607cb5697b2c47a61b5792f791929 
Start importing Assets/Benchmark/Imported/characters/nib/textures/Nib_v5_TawnyEarFur_BaseColor.png using Guid(d3d7c078802c3e14a92c5a87cf3be2db) (TextureImporter) -> (Import Result ID: '6917e246f207167f8d39e75158528aa3') in 0.1066389 seconds [static and dynamic dependencies]. Details - ImportResultOutputID=6375416eed6d8856fa5de38acdffb79c DependenciesID=a9c5778312799385bc167cfac23a4936 StaticDependenciesID=376fa4f1dab157fdf9609fa6bc76ee81 
Start importing Assets/Benchmark/Imported/characters/nib/textures/Nib_IdentityOcularIris_R_Normal.png using Guid(14385de786e5a2441a6db8c280e8b139) (TextureImporter) -> (Import Result ID: '4d290b24d5de9bc089982ef5b3a8bde6') in 0.0448834 seconds [static and dynamic dependencies]. Details - ImportResultOutputID=f8896adec36cc6d3e1d5f9dfa1a7f9a4 DependenciesID=d8369de56ac4c68b28366a8d651b6a4a StaticDependenciesID=3496f2c5a3a390ff10efcebc135451be 
Start importing Assets/Benchmark/Imported/characters/nib/textures/Nib_v5_TawnyEarFur_Normal.png using Guid(149ee6ae2304ec84e8e80afe075aced3) (TextureImporter) -> (Import Result ID: '67523eacee9c85e2be3db65a30adcdfc') in 0.0081942 seconds [static and dynamic dependencies]. Details - ImportResultOutputID=32c2d71c7ab462cf8b950cdcb21c9ff3 DependenciesID=f9cedb6bd1babe6f73272ee47d08c7e9 StaticDependenciesID=61a3263d778151bfbb807a887b2f2b38 
Start importing Assets/Benchmark/Generated/Nib_IdentityOcularIris_L_Mask.png using Guid(642595e92c78d6f4bb871857c6162bae) (TextureImporter) -> (Import Result ID: '406a896ab426c949c0bb5fe86a3c2587') in 0.0197963 seconds [static and dynamic dependencies]. Details - ImportResultOutputID=97afcccb620d57888047c31d60504175 DependenciesID=0a4af4b4634fbc1f31ad58f5005576bd StaticDependenciesID=0e265ba0b2b0f66e9132152ab2d9f1b8 
Start importing Assets/Benchmark/Imported/characters/nib/textures/Nib_v5_DustyPinkEar_Normal.png using Guid(7471dc16d8a20f4429aa5933f36c2574) (TextureImporter) -> (Import Result ID: 'dae9236c50540fabfeab06f0d4fdd62a') in 0.0093919 seconds [static and dynamic dependencies]. Details - ImportResultOutputID=1416f78b725734994aec8855717250bb DependenciesID=69ff8e8caef248e035055855740bfb84 StaticDependenciesID=9b2d28687d776cd02f89311518494d7a 
Start importing Assets/Benchmark/Generated/Nib_Steel_Mask.png using Guid(842e6b1527333d04fb716e453b2fba6a) (TextureImporter) -> (Import Result ID: 'f405453e1916b9256a2e46c28d221cf9') in 0.4099064 seconds [static and dynamic dependencies]. Details - ImportResultOutputID=a71e9e34dbd1e08e210fc0dc015c3efd DependenciesID=ea62dbd63a9a4092e8f31f3aec9a05c8 StaticDependenciesID=454f689187e0b44d18c7396af4abfd53 
Start importing Assets/Benchmark/Generated/Nib_Teal_Mask.png using Guid(b4fcb3e00790d284d8df6bdc8befa1e8) (TextureImporter) -> (Import Result ID: 'c750b51a587ce871ccfe807c668fe67e') in 0.3687235 seconds [static and dynamic dependencies]. Details - ImportResultOutputID=70cbeb98bdb69c863d767f125afb16b2 DependenciesID=1a668884353096acf5066c74ec95c908 StaticDependenciesID=13708460da6bc594cf71a4cd655585e6 
Start importing Assets/Benchmark/Generated/Nib_Lens_Mask.png using Guid(c51a386ff1a06fc4d9537bd60d38bbeb) (TextureImporter) -> (Import Result ID: '6af941c1db4dfec94dea3e36f36216ad') in 0.3984359 seconds [static and dynamic dependencies]. Details - ImportResultOutputID=736173f20c86c5e2d106ccee4310c5f8 DependenciesID=4124c184b8735bc0a1dd0ad002af9f5d StaticDependenciesID=7711a3c6c6d3bcecda49aea1da10c1d5 
Start importing Assets/Benchmark/Imported/characters/nib/textures/Nib_Workwear_Normal.png using Guid(d57995d4071bbec44988ace5bac9583e) (TextureImporter) -> (Import Result ID: '38feab224d45a776c2c219584daf7c1d') in 0.2932173 seconds [static and dynamic dependencies]. Details - ImportResultOutputID=0dad30d0e934604cd4131e89a594a204 DependenciesID=178f692e5e1b063515d184a3236d3010 StaticDependenciesID=434c2a51b5532c684904472bcb0253c6 
Start importing Assets/Benchmark/Generated/Nib_v5_HeadFur_Mask.png using Guid(161693e38b7d15140924f097769f4d6b) (TextureImporter) -> (Import Result ID: '69a78993bff5d83b2bcba3fbceff44c2') in 0.0069773 seconds [static and dynamic dependencies]. Details - ImportResultOutputID=3c71899d1e4a39e02368558b7cfde5c4 DependenciesID=d8061bd482f3b11a1504b30bea6d886a StaticDependenciesID=b307b02adcf2163530e24a0c008a5484 
Start importing Assets/Benchmark/Imported/characters/nib/textures/Nib_v5_TawnyEarUndercoat_Normal.png using Guid(2631b01ad4140d840af94a3eb77a0c40) (TextureImporter) -> (Import Result ID: 'fb421278f031480fa6dcbb554d818ab5') in 0.008344 seconds [static and dynamic dependencies]. Details - ImportResultOutputID=b15d8357ead40894e0e2cb535ba20be2 DependenciesID=6763bfc3008386ed3ab083c3df4e91f3 StaticDependenciesID=76963db0c2f2f818579f9f21b68ea130 
Start importing Assets/Benchmark/Imported/characters/nib/textures/Nib_Tongue_BaseColor.png using Guid(86c61dd890932af4f9d544156039d045) (TextureImporter) -> (Import Result ID: '69359e0d90a7ef5d07cba8a0516501fc') in 0.1273772 seconds [static and dynamic dependencies]. Details - ImportResultOutputID=68cd12e2201037630a550d63c9b7eb37 DependenciesID=d3729e3085d48a9843f57b4c6b923889 StaticDependenciesID=023c21678aa30a28d0f74938a6b7aeae 
Start importing Assets/Benchmark/Generated/Nib_v5_DustyPinkEar_Mask.png using Guid(b6421b18ab96aae4e95f2fd6d259e56c) (TextureImporter) -> (Import Result ID: '4222348df500b4a672eb61787f349b01') in 0.0070671 seconds [static and dynamic dependencies]. Details - ImportResultOutputID=5abc1f382eb1f5abb1e7aa499d04973a DependenciesID=5d28d2e53261885aba5488febfe2b3a2 StaticDependenciesID=7d20b7657b2f7e896dd0266e5e80ede8 
Start importing Assets/Benchmark/Generated/Nib_Skin_Mask.png using Guid(d66c438b8391865418ec391447837f02) (TextureImporter) -> (Import Result ID: 'c5ad59ebd79b62088ba04b49f7cfa44f') in 1.7249024 seconds [static and dynamic dependencies]. Details - ImportResultOutputID=e5fa9135746d7ae6a2c565b85799fba4 DependenciesID=6464d762be8529aeb3f9056f72c66d7f StaticDependenciesID=8053edab7badb176efd2059165f80fb9 
Start importing Assets/Benchmark/Imported/characters/nib/textures/Nib_Lens_Normal.png using Guid(e6affe6730239524ebb62b1c36ab9318) (TextureImporter) -> (Import Result ID: 'a23c001e71d91d13b02f4c4a02e00996') in 0.4783106 seconds [static and dynamic dependencies]. Details - ImportResultOutputID=efd6222b742f6a0a73177a60c11c94b2 DependenciesID=f39c458a4f8846132d6ad0dd8df138b0 StaticDependenciesID=69d7e6718516931419139b131e345b5c 
Start importing Assets/Benchmark/Imported/characters/nib/textures/Nib_Brass_BaseColor.png using Guid(07ea39b79ee7fee46adaf368eeea97b8) (TextureImporter) -> (Import Result ID: 'bb402bbc0b4960e15425d7f9253792d9') in 0.1359774 seconds [static and dynamic dependencies]. Details - ImportResultOutputID=e344030e7258cfd2654b276e099e2422 DependenciesID=0ad28552715ec0e6e19d36de20c1e585 StaticDependenciesID=e97049829838272ab1686237370065c8 
Start importing Assets/Benchmark/Generated/Nib_Workwear_Mask.png using Guid(170c9554fa1d74f4fa774859093bd50f) (TextureImporter) -> (Import Result ID: '51538a721c9f7f785b7f5b646f8717ce') in 0.3663579 seconds [static and dynamic dependencies]. Details - ImportResultOutputID=4399f67ba2ef001d02b0f28248d5103d DependenciesID=34a696bdba140092e880e423c77a1c0a StaticDependenciesID=e5d670ef5c0060b4b650a78eee71112f 
Start importing Assets/Benchmark/Generated/Nib_v5_TawnyEarUndercoat_Mask.png using Guid(474af12da7e37a245b6da5cbc2736a3a) (TextureImporter) -> (Import Result ID: 'c81eaa3e56dd5913e13bf831e534ff3d') in 0.0073584 seconds [static and dynamic dependencies]. Details - ImportResultOutputID=3c0d4907f9d040a208bfbc404bf855fa DependenciesID=081c761bfa8ad6dc3630d8f3c612e998 StaticDependenciesID=79555ca820f01fb1d722a40928530370 
Start importing Assets/Benchmark/Imported/characters/nib/textures/Nib_Tongue_Normal.png using Guid(878ef67818de4994d93a27eeea973b23) (TextureImporter) -> (Import Result ID: 'b2f430ab975b6fd1efca63ace462dff1') in 0.278879 seconds [static and dynamic dependencies]. Details - ImportResultOutputID=514ae41e667a57366321cbc1d92ac55b DependenciesID=f685baf67c0deebf787b921bf6659c0f StaticDependenciesID=f0181ab655b0e023ae79330381deaf0a 
Start importing Assets/Benchmark/Imported/characters/nib/textures/Nib_v6_HeadFurCards_BaseColor.png using Guid(c7294de14069aa448b218405ec3f6258) (TextureImporter) -> (Import Result ID: '93fe5243a5de9d6c0666a11dcaeb9c7b') in 0.9331841 seconds [static and dynamic dependencies]. Details - ImportResultOutputID=c68b8281920846870d60789fa648fb9f DependenciesID=f8d07eaaa8bb6ec96a7d9b521df82b6b StaticDependenciesID=9d2a5a18696c9ee7e390e185242d75c8 
Start importing Assets/Benchmark/Imported/characters/nib/textures/Nib_IdentityOcularGlobe_BaseColor.png using Guid(e7d5512684212854bbb0f1d56efffbd5) (TextureImporter) -> (Import Result ID: 'a582301dc5c56672aa76350b643f1165') in 0.02839 seconds [static and dynamic dependencies]. Details - ImportResultOutputID=00a212eebfd0df9ed4d2edb74f187d33 DependenciesID=fd11c74c61bf5a61848ca430b8c0ac2b StaticDependenciesID=88f93a8691e95068b7f89aba79a6f8e9 
Start importing Assets/Benchmark/Generated/Nib_Tooth_Mask.png using Guid(083d1419152577743907dbdf4888b8a6) (TextureImporter) -> (Import Result ID: 'e17a4e17f29679cd0651d7a3da8e0178') in 0.3587741 seconds [static and dynamic dependencies]. Details - ImportResultOutputID=35f344f9f856411995b9fa9db8312dd4 DependenciesID=69fc117c87a797d070be5e58081bde29 StaticDependenciesID=e0f758954f0c2b553919176a503dcd4e 
Start importing Assets/Benchmark/Imported/characters/nib/textures/Nib_Teal_Normal.png using Guid(68a7e4eb46bd3ac44b1124ff7b3757a8) (TextureImporter) -> (Import Result ID: '1c9287279f14965e3997d22ef54f3e26') in 0.4541271 seconds [static and dynamic dependencies]. Details - ImportResultOutputID=033f3a579a6cf0e9d0a87e2c117a9d63 DependenciesID=136e799481b5c9dc47dd80587d21eb25 StaticDependenciesID=5bbc08c5ed7b98681ad579daf2f3848a 
Start importing Assets/Benchmark/Imported/characters/nib/textures/Nib_IdentityOcularIris_L_BaseColor.png using Guid(78064826e30ac8d4db79efb3b41b43eb) (TextureImporter) -> (Import Result ID: '0a7588691e0bf6897e01412e0ab1f8a5') in 0.0715291 seconds [static and dynamic dependencies]. Details - ImportResultOutputID=d5280379799ee33a3bc86bc47ab23be4 DependenciesID=d62d35f7f50245bcc6dce1eaf1f75e1e StaticDependenciesID=8c69064956fff6900aeedb5f7883270d 
Start importing Assets/Benchmark/Imported/characters/nib/textures/Nib_v5_HeadFur_BaseColor.png using Guid(8884094818d55b14d81992d2baa9032e) (TextureImporter) -> (Import Result ID: '11e8b9a2f088ffeea214831c79cf4a8d') in 0.1109048 seconds [static and dynamic dependencies]. Details - ImportResultOutputID=e7ed7688a2da5fa61d6fcc88c3280214 DependenciesID=aa6e0aef8af87b8145a35fe2f3a97c49 StaticDependenciesID=cb9375716ce89c85b9972e0820193ba8 
Start importing Assets/Benchmark/Imported/characters/nib/textures/Nib_Skin_BaseColor.png using Guid(79e442ec5e6f8e94a82ce457c5005986) (TextureImporter) -> (Import Result ID: '93173e6232761b3c97e724d872a390cf') in 0.5085392 seconds [static and dynamic dependencies]. Details - ImportResultOutputID=def02b221ea93b12610ca77918f6a176 DependenciesID=c822e16df0f118e8d4cce3028fb7ae96 StaticDependenciesID=9cf43ef70feb0c93c22da6c3f8eede25 
Start importing Assets/Benchmark/Imported/characters/nib/textures/Nib_IdentityOcularIris_R_BaseColor.png using Guid(f927f56a4eeb0474c917b43d5a6f801a) (TextureImporter) -> (Import Result ID: 'db3716e4b9bf9d00831623de0be43b71') in 0.0719608 seconds [static and dynamic dependencies]. Details - ImportResultOutputID=27fb87f927d6a895f453287474127934 DependenciesID=ab1addf21e947e40f9fdf7a982dfb648 StaticDependenciesID=dce5564670fe451bbeaf3c35d06eda9d 
Start importing Assets/Benchmark/Imported/characters/nib/textures/Nib_Gum_Normal.png using Guid(0a3836e7772f3884aaddd6b665c96ebe) (TextureImporter) -> (Import Result ID: '6ad02fea260db4b053828905e169e6df') in 0.2752402 seconds [static and dynamic dependencies]. Details - ImportResultOutputID=5d85249c1ec1368ed26098dea71c4189 DependenciesID=a01debf99f59547fe5eb276ce531f25e StaticDependenciesID=96207c8d3da2fb0ad155fc73f5af434f 
Start importing Assets/Benchmark/Imported/characters/nib/textures/Nib_Leather_BaseColor.png using Guid(1a12ed0ad24990a4ea664cebc30bf55a) (TextureImporter) -> (Import Result ID: '75e5caea32189d9bfb0b4e1d509ebb6c') in 0.1308131 seconds [static and dynamic dependencies]. Details - ImportResultOutputID=703792c0d5b0b1f0415a1e76abe4e816 DependenciesID=9fbaa8b873a7dac91d15107b5f68b069 StaticDependenciesID=01441eb0a0984d811079a73b48d50d19 
Start importing Assets/Benchmark/Generated/Nib_Brass_Mask.png using Guid(1ae215a712507844db8fa14f85e26b6d) (TextureImporter) -> (Import Result ID: '2caedc50d663d0231797282beedcd64d') in 0.3967163 seconds [static and dynamic dependencies]. Details - ImportResultOutputID=01efd6c8b72a727db5352d517063f2c7 DependenciesID=c7c6102f2a1dc199cd93ff95fbab9f08 StaticDependenciesID=aaa113a1f9020e8520fa05d6f4f66847 
Start importing Assets/Benchmark/Generated/Nib_Tongue_Mask.png using Guid(3abd9bd8c53234447aa7b163cccbf83b) (TextureImporter) -> (Import Result ID: '4b63cf2f15c756e18cc2e22bcb7ca4b5') in 0.3508188 seconds [static and dynamic dependencies]. Details - ImportResultOutputID=4a9c2521b544ea2713f11545bb5903e4 DependenciesID=b2c738d6c597743cb7a961d6dfd780a7 StaticDependenciesID=e64104d1ed560f1402d04aa6c3f4cc75 
Start importing Assets/Benchmark/Generated/Nib_Eye_Mask.png using Guid(4abd879e60f902e47830f2cfa083d921) (TextureImporter) -> (Import Result ID: '2af674a2772a3742fdc9bc8e64dcd78c') in 0.3636087 seconds [static and dynamic dependencies]. Details - ImportResultOutputID=cef8a55b40eb7b821feb3f9fa4292dfa DependenciesID=959e0cfc75e5a671ba54616ba1c50ca3 StaticDependenciesID=7d0e7a0a9c84236a27444853d7693b35 
Start importing Assets/Benchmark/Generated/Nib_IdentityOcularGlobe_Mask.png using Guid(7a23ae3c48c6f2a4da49f9da71e4675b) (TextureImporter) -> (Import Result ID: 'fa1efa5e0293168fe3c3017a0eb6b50a') in 0.00715 seconds [static and dynamic dependencies]. Details - ImportResultOutputID=03979181d6f6c7182f036cc3f72c6348 DependenciesID=82b3d17803999baf60aa5b9ee799c8d4 StaticDependenciesID=1b2c8fa90aa5a9d3b704cefcfb498abc 
Start importing Assets/Benchmark/Imported/characters/nib/textures/Nib_Tooth_Normal.png using Guid(ba74deac908ddf7429bc208604f365f9) (TextureImporter) -> (Import Result ID: '47ade192e1d019067e659d94dd10b4bc') in 0.2611545 seconds [static and dynamic dependencies]. Details - ImportResultOutputID=d6d6f020299c2e8405da1eaf9e5850af DependenciesID=523134ad2ea7144689e5e5387ef0db28 StaticDependenciesID=2a87eedbcb1bab00ed36e1b0cd24aea3 
Start importing Assets/Benchmark/Imported/characters/nib/textures/Nib_Steel_Normal.png using Guid(1b0d42fda59947f47af8b04113c2f316) (TextureImporter) -> (Import Result ID: '4f9a3b4215a225411d4caee8429cf03d') in 0.4131049 seconds [static and dynamic dependencies]. Details - ImportResultOutputID=61a1134ac54ac1f0fec46b8f3ba4cb2a DependenciesID=d6beded23f62d12ec1648ef660a0d669 StaticDependenciesID=f699c56575ce3c3d77a52fcf851ff872 
Start importing Assets/Benchmark/Imported/characters/nib/textures/Nib_MouthInterior_BaseColor.png using Guid(4b7ef66922d445f4580cd55db9af6827) (TextureImporter) -> (Import Result ID: 'b84209398b79a505082cb64a1306a1d5') in 0.0794845 seconds [static and dynamic dependencies]. Details - ImportResultOutputID=1bfb12021837a683a7947e34d16631aa DependenciesID=4e31e438f3ed19c56fc7a9706a068585 StaticDependenciesID=a43cca7f0ad4b62ea5effc95cc83d3d6 
Start importing Assets/Benchmark/Generated/Nib_v5_FacialSkinAtlas_Mask.png using Guid(5b41c1c89a5f3dc469a3370a59923c69) (TextureImporter) -> (Import Result ID: 'c37e9fa1a059c8e0b29c00ab6960a171') in 0.3461618 seconds [static and dynamic dependencies]. Details - ImportResultOutputID=58670bca95f1a95ecc7a69fa6dd02beb DependenciesID=cda956b5674ea1fb0965cfcefaf66b8d StaticDependenciesID=7c7ee8200116ca4f030ff86febb4a8d9 
Start importing Assets/Benchmark/Imported/characters/nib/textures/Nib_Hair_BaseColor.png using Guid(6bd99cbb80f93874fb9906930bbefcaa) (TextureImporter) -> (Import Result ID: '35d51bcd9d68541007a77da583d5bd61') in 0.1165626 seconds [static and dynamic dependencies]. Details - ImportResultOutputID=706acdefaa03067b5fedb76666edab9c DependenciesID=85a083002321964f499b51636b728112 StaticDependenciesID=d1fa71ca6b38f7d8fe00a888f10546aa 
Start importing Assets/Benchmark/Imported/characters/nib/textures/Nib_Dark_BaseColor.png using Guid(7b5a42a083561ed40873f722f8e76f86) (TextureImporter) -> (Import Result ID: '1d58a19b2927f7ebb05532ee73f4101a') in 0.1214556 seconds [static and dynamic dependencies]. Details - ImportResultOutputID=5316f322df84185d497e9a5902e963f6 DependenciesID=6b57e878504712001b87258675b435c4 StaticDependenciesID=03b786e0d66f25fe2019ddbd82b7fbc4 
Start importing Assets/Benchmark/Generated/Nib_Leather_Mask.png using Guid(8bd072e67c0a5e94799db8e27d9c4f76) (TextureImporter) -> (Import Result ID: 'dcc5c14663ea689659d6b30ae6f95d0b') in 0.3477279 seconds [static and dynamic dependencies]. Details - ImportResultOutputID=6131f74fe2b91caa43bcd8d72f796406 DependenciesID=b4291370bb10cb982989d1f9a4858cf1 StaticDependenciesID=06e763fe87b4e2942012e5736d839cf3 
Start importing Assets/Benchmark/Imported/characters/nib/textures/Nib_Cloth_Normal.png using Guid(bb5656976398ad641a351af496c4bf4f) (TextureImporter) -> (Import Result ID: 'd31cb7c2e47f5d56a1030c1f05cf01d8') in 0.309356 seconds [static and dynamic dependencies]. Details - ImportResultOutputID=c08fb1f76704a96dc557dfb89ab273c4 DependenciesID=eda3350b2abb28ddcde53b7606f77427 StaticDependenciesID=20f2d42f7decc9fcc2e2dcd3859a025b 
Start importing Assets/Benchmark/Generated/Nib_v5_InnerEarWisps_Mask.png using Guid(bb5f08c33c490ad45bb8018884ead052) (TextureImporter) -> (Import Result ID: '1c01817c43f6fd53f87cdd7e1367ba94') in 0.0067693 seconds [static and dynamic dependencies]. Details - ImportResultOutputID=aa157f545795b77b04ef64b633082a01 DependenciesID=afbe75807e5acf7dc5cafb62414af059 StaticDependenciesID=d70ed9eaf5b9de9e56bac0918d32f8b7 
Start importing Assets/Benchmark/Imported/characters/nib/textures/Nib_v6_FurCards_Normal.png using Guid(0c56a53b65d54d64b88c51b5551ce0d4) (TextureImporter) -> (Import Result ID: '551917af0808674fff8e3ee4c5df24e9') in 1.7306096 seconds [static and dynamic dependencies]. Details - ImportResultOutputID=f4e10470715fcc583bb243bbe1c504c6 DependenciesID=b7b1da2b25c5bf5ae82e70cab258407f StaticDependenciesID=e64c2b8ecbbb25fdea5c0845a87e113a 
Start importing Assets/Benchmark/Imported/characters/nib/textures/Nib_v5_InnerEarWisps_BaseColor.png using Guid(0c7e662bfb6a9bb4a82595a96a5b25ec) (TextureImporter) -> (Import Result ID: '98d13c1f5a8a242ff10e80b7170a43a8') in 0.12168 seconds [static and dynamic dependencies]. Details - ImportResultOutputID=910384ee168c287f118321bb872b8feb DependenciesID=2cc36a3172d64b8ce14f263f1e52ea5e StaticDependenciesID=357aeae5f9852bd5d31da6de5f1d6a60 
Start importing Assets/Benchmark/Imported/characters/nib/textures/Nib_v5_DustyPinkEar_BaseColor.png using Guid(4c73b87f00fdfa14e8b0d40036bbccac) (TextureImporter) -> (Import Result ID: '18002b3e7dcef7d8c4b71ac33e447e5f') in 0.1262778 seconds [static and dynamic dependencies]. Details - ImportResultOutputID=b9c181b8adbf7bec3a8972e28cce6d46 DependenciesID=81076502e68ac4359db209571998f179 StaticDependenciesID=4aec7897e93239207a5e669c9b7b1e5a 
Start importing Assets/Benchmark/Imported/characters/nib/textures/Nib_Stitch_Normal.png using Guid(4cbcf6ae2cc20494ab03cf6ee062b5b2) (TextureImporter) -> (Import Result ID: '055fc58c69081957f47c84488b6f28da') in 0.298918 seconds [static and dynamic dependencies]. Details - ImportResultOutputID=5677455b62fe4abd37490b09af56ad4f DependenciesID=8895593848bd3bc1b437dae903d603f2 StaticDependenciesID=fdcf775ca398d18ee59a3fd9d9b12b6d 
Start importing Assets/Benchmark/Imported/characters/nib/textures/Nib_Dark_Normal.png using Guid(6c43aa4fc7e2df3458c349e4bedd421f) (TextureImporter) -> (Import Result ID: '8a5b059d8ff1ca65969514cbf8a74ed7') in 0.3178546 seconds [static and dynamic dependencies]. Details - ImportResultOutputID=7f16bd78bf1f22ce505e99504aeda69e DependenciesID=c3317a46d9429ec5665eddf3c9c410a4 StaticDependenciesID=0c208834aa334164274a9a8c7dab2b02 
Start importing Assets/Benchmark/Imported/characters/nib/textures/Nib_v5_HeadFur_Normal.png using Guid(7c922f2f1a9378e4792b5fac5d85987e) (TextureImporter) -> (Import Result ID: '2d80e739b5731593164e40a25a5cbbb2') in 0.0075282 seconds [static and dynamic dependencies]. Details - ImportResultOutputID=b31433c2c61bd115a8eb8df8f011f7e3 DependenciesID=0bca24d1a9fc8e5ba5d5651b937f848c StaticDependenciesID=f5925640d5d5e2fb769d551ad5cbfde1 
Start importing Assets/Benchmark/Imported/characters/nib/textures/Nib_Stitch_BaseColor.png using Guid(acbc9fd450106f244875b979b425ee2c) (TextureImporter) -> (Import Result ID: '6a6b60ada709a285f17cf0295968d050') in 0.1310544 seconds [static and dynamic dependencies]. Details - ImportResultOutputID=4332051b678fa28eba88fabbc924ccf1 DependenciesID=71897b509d6951a4a5dddccde86010fa StaticDependenciesID=a32783f147b3c2145a21fdc543fffa26 
Start importing Assets/Benchmark/Imported/characters/nib/textures/Nib_Lens_BaseColor.png using Guid(fc71ba5eedbfe694ca7496e962d08632) (TextureImporter) -> (Import Result ID: '24802a724e51c0df877dfa11e060156d') in 0.1221626 seconds [static and dynamic dependencies]. Details - ImportResultOutputID=3b93822581617bf39e4a486bfcaf999d DependenciesID=2c574972b01a174109dfef70f99b2d2e StaticDependenciesID=b5bccaef43b9f4a5f2bac9d2ca07a85f 
Start importing Assets/Benchmark/Generated/Nib_v6_InnerEarWispsCards_Mask.png using Guid(0dd1565e6434f2a41b65f806768166b2) (TextureImporter) -> (Import Result ID: '9b8378dbcb6cdb2fe8276a094f9f4868') in 1.3645379 seconds [static and dynamic dependencies]. Details - ImportResultOutputID=475cac78990d2ac66624753e0b0a1f47 DependenciesID=53d3befb8534b90fa07fe2007f6fecc9 StaticDependenciesID=10ae6e1f501ba36a488d9a9dc2549117 
Start importing Assets/Benchmark/Generated/Nib_Dark_Mask.png using Guid(2d502eff476df834bb6310101f57c64c) (TextureImporter) -> (Import Result ID: 'd8a15b7c90a9184997837392700c4cc0') in 0.353638 seconds [static and dynamic dependencies]. Details - ImportResultOutputID=738d969bf974a18ec7c0b3bc02bf4968 DependenciesID=5d8e321c7ee797b0c41b5ad8fdec5086 StaticDependenciesID=521e69ec6a3983cd019198508758054e 
Start importing Assets/Benchmark/Imported/characters/nib/textures/Nib_Skin_Normal.png using Guid(4d46b7cd1f1986f49a0b3d013bd937ae) (TextureImporter) -> (Import Result ID: '6d79c8b731137072f5b7f2124c41b10e') in 1.1534552 seconds [static and dynamic dependencies]. Details - ImportResultOutputID=9005fe52629bc69304ad7303351c9517 DependenciesID=511fe1be1d1e06804e28e32895c26069 StaticDependenciesID=b814913bcda82248791c5b019e819030 
Start importing Assets/Benchmark/Imported/characters/nib/textures/Nib_v5_FacialSkinAtlas_Normal.png using Guid(7d46412ee6639c243824b8f6a698aaca) (TextureImporter) -> (Import Result ID: '3ca0df18c0d57f06b03708bb23070c1f') in 0.798811 seconds [static and dynamic dependencies]. Details - ImportResultOutputID=0418836dd5e5ed7c91d4948c6715b419 DependenciesID=23c556a75335e1d3c710b876c709ebd8 StaticDependenciesID=8b027c45989fe657df0ebef87d2b3d77 
Start importing Assets/Benchmark/Imported/characters/nib/textures/Nib_IdentityOcularIris_L_Normal.png using Guid(8db21ad3911e6454b9b6e99a3e4bb766) (TextureImporter) -> (Import Result ID: '8bb294b4e8688cfd68a636bb5f930136') in 0.0470154 seconds [static and dynamic dependencies]. Details - ImportResultOutputID=6e51bc5f40e289695071c7359da24d3a DependenciesID=b254ea0f0a10e9fac3d88649561bbcfa StaticDependenciesID=02455ce042d816c4427b1535bf408796 
Start importing Assets/Benchmark/Imported/characters/nib/textures/Nib_v6_InnerEarWispsCards_BaseColor.png using Guid(bd6cccb761833cb47810c7b890fdf338) (TextureImporter) -> (Import Result ID: 'aa01f88ba210013c67a05c4460c68c65') in 0.909606 seconds [static and dynamic dependencies]. Details - ImportResultOutputID=e7b5e434df26dd853c5e9679a2e45b34 DependenciesID=f136979be5e0cbad7dae704d7feca092 StaticDependenciesID=074272db88c7ef39759c064e05b31614 
Start importing Assets/Benchmark/Imported/characters/nib/textures/Nib_Tooth_BaseColor.png using Guid(edb3815a39af9704f828645c9d6e8821) (TextureImporter) -> (Import Result ID: 'ab78cd548aa0c9423caec8582efff609') in 0.1288447 seconds [static and dynamic dependencies]. Details - ImportResultOutputID=db7e1904395ae6102418a29512bacfec DependenciesID=d51163da4a979e796680acacc6d09506 StaticDependenciesID=14a3c91f3c2e2c6f5b4a1959cd08515e 
Start importing Assets/Benchmark/Generated/Nib_Stitch_Mask.png using Guid(ed8dc820e602a864aabc5a6776d8ffca) (TextureImporter) -> (Import Result ID: '7854fef6d9f41bfb87fd3913319fc112') in 0.3767467 seconds [static and dynamic dependencies]. Details - ImportResultOutputID=c923bd6318d4ab30f1b789ecfe8f1cb3 DependenciesID=604fb801d455e474fe44a14a45cb1857 StaticDependenciesID=00b263e2529fb035d07faa7ca7fc6a2d 
Start importing Assets/Benchmark/Generated/Nib_v5_TawnyEarFur_Mask.png using Guid(2e72f3fbf360cc145b05c10bfc34dd8e) (TextureImporter) -> (Import Result ID: '9e6a797d4a150f33138d9c1ca1db921d') in 0.0066643 seconds [static and dynamic dependencies]. Details - ImportResultOutputID=1cd0df4ad95e5ffec839e2c9bd96ff73 DependenciesID=5f5c9250ef8fb54ec18613c8408fbb86 StaticDependenciesID=2a97ad68ad7fa18e78b325abcaa58028 
Start importing Assets/Benchmark/Imported/characters/nib/textures/Nib_Steel_BaseColor.png using Guid(4edad1673bd72d84cb11f3d14c84389c) (TextureImporter) -> (Import Result ID: 'f88dc6850bcb5eac8e72878bdf6a1e7a') in 0.1260543 seconds [static and dynamic dependencies]. Details - ImportResultOutputID=2539a1f7c8205d004acfae819368b958 DependenciesID=68c9cb752cd241ee7a6cd59e443edfd6 StaticDependenciesID=9a0e948501ce2304bc37013a771cd8da 
Start importing Assets/Benchmark/Generated/Nib_IdentityOcularIris_R_Mask.png using Guid(7e7724b48b7d20d408fa65e2ae6104d6) (TextureImporter) -> (Import Result ID: '14a6b35c155a5aadf6a6d76e601e8123') in 0.0182679 seconds [static and dynamic dependencies]. Details - ImportResultOutputID=2baf4b79254a8ad1bb6f5c6ec7bef513 DependenciesID=e4f7bb8cd4f1d76e38c1d943446594e0 StaticDependenciesID=f09e6c4f2b22d43d0f02c75fe461bf48 
Start importing Assets/Benchmark/Generated/Nib_Muzzle_Mask.png using Guid(9e85fb96ef1389a4394248d0ef35897c) (TextureImporter) -> (Import Result ID: '84cd8d3a5b12a551844d2a3d86ea67ea') in 0.3562265 seconds [static and dynamic dependencies]. Details - ImportResultOutputID=b4361b4de13e44173eb94e805b41d9f1 DependenciesID=be9ba7d49e0759e7ac8965cb0cc9abc3 StaticDependenciesID=1ece2ee2a9d926939e943d41112ded98 
Start importing Assets/Benchmark/Imported/characters/nib/textures/Nib_Leather_Normal.png using Guid(be762dd7388cc86499405cc8c0b2290f) (TextureImporter) -> (Import Result ID: '4dd6d913d267940d90e5bd3485aecdf1') in 0.3381426 seconds [static and dynamic dependencies]. Details - ImportResultOutputID=210bf345863f988145c4e7e8d9a82e75 DependenciesID=578234b338f5832d482385add00f362f StaticDependenciesID=0635580fd6e7cb7b144a90f07d9c1cd6 
Start importing Assets/Benchmark/Imported/characters/nib/textures/Nib_Hair_Normal.png using Guid(de46c07ac62e4fb45aead1d54f3a50ab) (TextureImporter) -> (Import Result ID: '94c9da0585e2febd512a7c15185948a1') in 0.2753649 seconds [static and dynamic dependencies]. Details - ImportResultOutputID=5873f23bbb91fdad259cc1a555cfb8e2 DependenciesID=bf1f6d31e4c9aec974dee158f4e8c0d2 StaticDependenciesID=7ceddc86ec4d920bf4fd93473f6eaa05 
Start importing Assets/Benchmark/Imported/characters/nib/textures/Nib_Teal_BaseColor.png using Guid(fe07934bd7f5ecc4580908531f24ee25) (TextureImporter) -> (Import Result ID: 'd566b5c35bc8e2787533dff018189ede') in 0.1384542 seconds [static and dynamic dependencies]. Details - ImportResultOutputID=836ff4f1e68743781039b965966a23bd DependenciesID=526090bb5dfa8f52ca3715d6b55e0434 StaticDependenciesID=bfd11eeb08996b596d25effee9881d32 
Start importing Assets/Benchmark/Generated/Nib_v6_HeadFurCards_Mask.png using Guid(fe590a18f4eb0fd4f888b45d56e4800a) (TextureImporter) -> (Import Result ID: '05ed1943caaac1b917474faf463edc0d') in 1.3835302 seconds [static and dynamic dependencies]. Details - ImportResultOutputID=fc68019fe76c9267a31ad3e91d902318 DependenciesID=f05f3ca1309de69fe52fc154b0af553e StaticDependenciesID=4a7ebf6e1cfca698f88e5e7b9fbf6264 
Start importing Assets/Benchmark/Imported/characters/nib/textures/Nib_MouthInterior_Normal.png using Guid(4f00bea81a1986b4ab1224021a9fed2a) (TextureImporter) -> (Import Result ID: '8fcec77e43cd132e79d6b47a22fe307a') in 0.3038887 seconds [static and dynamic dependencies]. Details - ImportResultOutputID=023fa5a54c40f18e4102125ce282e1e3 DependenciesID=cd8a709f88eecc250cadb0e8b4538b3c StaticDependenciesID=012d5bdb6948ee4dc4337911f7404b30 
Start importing Assets/Benchmark/Imported/characters/nib/textures/Nib_Gum_BaseColor.png using Guid(5f0e587747438334b9d39cd41fce301e) (TextureImporter) -> (Import Result ID: 'ddd45ffc62cadd0134892df3e343cfc4') in 0.1344305 seconds [static and dynamic dependencies]. Details - ImportResultOutputID=3c087f9b6185411a3a59cb7d7f053c7f DependenciesID=88972a5c6f994e9a6a6a91f3fcda984b StaticDependenciesID=cdb391c43c446300ff8db0709d26cdb7 
Start importing Assets/Benchmark/Imported/characters/nib/textures/Nib_v5_TawnyEarUndercoat_BaseColor.png using Guid(7fd31877b94bdc441ae56e815de26d44) (TextureImporter) -> (Import Result ID: '7d11ed2e0f444ae822454eed30fc725d') in 0.1391679 seconds [static and dynamic dependencies]. Details - ImportResultOutputID=6798e50dc8a7724e04645f521b3fb95f DependenciesID=0d84bde740ad2109a7eb986cda21ae83 StaticDependenciesID=1b5f3900e8624aaf777f4fa7032da8e8 
Start importing Assets/Benchmark/Imported/characters/nib/textures/Nib_Cloth_BaseColor.png using Guid(8f752b08502c0d6448e6a962d60654aa) (TextureImporter) -> (Import Result ID: '1163422c634a5352f0747734a0e09ec1') in 0.1244712 seconds [static and dynamic dependencies]. Details - ImportResultOutputID=3d780e6356708f992cc5c60c3df4e526 DependenciesID=b20d053f083000bd12885038316ee54d StaticDependenciesID=da48ede5dc93109ae6e40c873b368979 
Start importing Assets/Benchmark/Generated/Nib_MouthInterior_Mask.png using Guid(cfdfeff5bcf1ea149b9354b201e9afbc) (TextureImporter) -> (Import Result ID: '038ae73f8a4ac2c0b26d857230840d5b') in 0.3453761 seconds [static and dynamic dependencies]. Details - ImportResultOutputID=95e9f9fb56cb66500bab6609943c9a24 DependenciesID=c5dc1380d9c05bf3b4d4bbc66fa0699e StaticDependenciesID=fcc70843010a3931ea3790135951fd04 
Start importing Assets/Benchmark/Generated/Nib_Gum_Mask.png using Guid(ff2eed43283b2bc4da90f6b8a77fed75) (TextureImporter) -> (Import Result ID: 'bdd71a0708edc9d78ce2085534789846') in 0.3632002 seconds [static and dynamic dependencies]. Details - ImportResultOutputID=13e003c48560d744b5ac974bc886d6ed DependenciesID=44ba38bd3ee1b3413ef70def460fa086 StaticDependenciesID=97e5bd8a56e36502e3ee25314d51864c 
Start importing Assets/Benchmark/Generated/Nib_Gum.mat using Guid(c1423774f4a64c84a80ad78b78aaa0e9) (NativeFormatImporter) -> (Import Result ID: '1415ff1801f3da93ea44d45431934a36') in 0.0025308 seconds [static dependencies only]. Details - ImportResultOutputID=09c3975bb8ea8657fec39a831d230f74 DependenciesID=301f0a9d1d689fa8aea3ee9f76bce908 StaticDependenciesID=a0c395cb33e672400f2d1b88642fe3fc 
Start importing Assets/Benchmark/Generated/Nib_Tongue.mat using Guid(229cd651adb74e946bdd0c973169cc39) (NativeFormatImporter) -> (Import Result ID: '715b28018356b2636626de8690f49fd6') in 0.0022707 seconds [static dependencies only]. Details - ImportResultOutputID=50b8cf62bece616da262a371194d493b DependenciesID=a89d05e3dbedb88f9807a2cba3e5ec48 StaticDependenciesID=4d5fa4e87fb8550411d4307143c2dc94 
Start importing Assets/Benchmark/Generated/Nib_Brass.mat using Guid(93c38bd301ef896479b3d40481d53a63) (NativeFormatImporter) -> (Import Result ID: '3938854c25cc86f0f67b9c18209b995c') in 0.0019937 seconds [static dependencies only]. Details - ImportResultOutputID=005b7e6e45069b64f5a20e037a0fe886 DependenciesID=3dd082734abb603a4ea603c6e2c0897e StaticDependenciesID=dbe1c443d4a14f4af624cf30ae128a19 
Start importing Assets/Benchmark/Generated/Nib_IdentityOcularGlobe.mat using Guid(f39aa78d65bf1c743962fe405e00ce6d) (NativeFormatImporter) -> (Import Result ID: '786c7c432324ef988a0fead4ff47d9a0') in 0.0021279 seconds [static dependencies only]. Details - ImportResultOutputID=12b40a46265eb5aee6796ee8282652df DependenciesID=50fe1d29b4492173390254a26db432b6 StaticDependenciesID=21be7b71c08cd049aa57cea6b350ccb3 
Start importing Assets/Benchmark/Generated/Nib_MouthInterior.mat using Guid(547c681f8b6f51a48bcd56215463b24c) (NativeFormatImporter) -> (Import Result ID: '97a93d8e761408d88c9dc3c39baf9a9b') in 0.0019306 seconds [static dependencies only]. Details - ImportResultOutputID=e487e416c00ec8eb673bdded079df44a DependenciesID=fe08d9dcbdbebc132c89012a5f6ec538 StaticDependenciesID=9d5b36bfd5aeab184a011f23782185d7 
Start importing Assets/Benchmark/Generated/Nib_v6_TawnyEarFurCards.mat using Guid(558c8499b2de1fa4e8304bfdb303db54) (NativeFormatImporter) -> (Import Result ID: 'e5e45064d75db5bb61208f2d4be97013') in 0.0021912 seconds [static dependencies only]. Details - ImportResultOutputID=f75e4c18eedf2c6d1f50063cc8412bdd DependenciesID=8626115bda8c80a5da977bbb2c5c0eb0 StaticDependenciesID=0528a5b82f4b6d8982122c1e4c40520b 
Start importing Assets/Benchmark/Generated/Nib_v5_HeadFur.mat using Guid(16f5a1e99f40b374689c9e483b17ba95) (NativeFormatImporter) -> (Import Result ID: '3c437aef012195d196173d49adf445bf') in 0.0021076 seconds [static dependencies only]. Details - ImportResultOutputID=3652e663ea43ed160a9a0de879ee1386 DependenciesID=f691b2d44bc767e570d7738bb3d328df StaticDependenciesID=e4330fe3b3e793ba0987f83023269c2d 
Start importing Assets/Benchmark/Generated/Nib_v6_HeadFurCards.mat using Guid(861a601bbcd5e5743bc470a21f06c76a) (NativeFormatImporter) -> (Import Result ID: '2b3492e163839737eb7709616376eb67') in 0.0018522 seconds [static dependencies only]. Details - ImportResultOutputID=839a6aba9eb236ab8b7e46d6a86395d3 DependenciesID=b469149cc1318db77ab715a45f52ee24 StaticDependenciesID=bfd12639b9ab3d540535da2a6b59cf00 
Start importing Assets/Benchmark/Generated/Nib_EarInner.mat using Guid(07415beb5efd5504a9bfdcb1081961de) (NativeFormatImporter) -> (Import Result ID: '13136c0b83b65fb01ffe20f72143554a') in 0.0023702 seconds [static dependencies only]. Details - ImportResultOutputID=73d8e3f067b4a0a9ae49fe73ac3a8c6c DependenciesID=089b8fd0c6218bc94756cf052481d2b7 StaticDependenciesID=098a53666f1897f4ce4797585c1af15f 
Start importing Assets/Benchmark/Generated/Nib_Muzzle.mat using Guid(2882fd7b59b0d4d4fa9b65efdf922deb) (NativeFormatImporter) -> (Import Result ID: '07bddbce15e4eee972dfa73bab85500e') in 0.0023607 seconds [static dependencies only]. Details - ImportResultOutputID=01fb988658277a2782bd24eb09dd3e4b DependenciesID=4c6bcc1b4068315370e3199460b0e98d StaticDependenciesID=fe0827438d62c1eb3156861a5f68e818 
Start importing Assets/Benchmark/Generated/Nib_Eye.mat using Guid(a8fe6a354293f2e4fa28198da06a690e) (NativeFormatImporter) -> (Import Result ID: '4d0b0ab3ac318b4156b0f30e145ca1f3') in 0.0017757 seconds [static dependencies only]. Details - ImportResultOutputID=fa0db72e6d7f74171b8d567f6c50bbe6 DependenciesID=7345f30172745b077e4abe0f5a218870 StaticDependenciesID=60b4b7323fa9037032d77ea330db8225 
Start importing Assets/Benchmark/Generated/Nib_Skin.mat using Guid(496a3bbc923997c49a8bb72e9dac7416) (NativeFormatImporter) -> (Import Result ID: '0875f8a42a1f617c882d8e9710d0f2a7') in 0.0017228 seconds [static dependencies only]. Details - ImportResultOutputID=3234b07be43989ec188b9924b567df25 DependenciesID=c9974ba0615f7231c18ad74baa7ac8e7 StaticDependenciesID=3abfe6d2386f893336aa647867142380 
Start importing Assets/Benchmark/Generated/Nib_Stitch.mat using Guid(493b52d1b7b437a44bc6086628ea1aeb) (NativeFormatImporter) -> (Import Result ID: 'c0e798c9f2cff25d6f6f2f3092a52a5f') in 0.0017142 seconds [static dependencies only]. Details - ImportResultOutputID=5fefad70f688e5421b451bb52bde3a06 DependenciesID=aeb6c567f9fd387abab8237cf2efa3a4 StaticDependenciesID=100fe573e3da7247111625b27bf4239a 
Start importing Assets/Benchmark/Generated/Nib_v5_FacialSkinAtlas.mat using Guid(59e82c43750d6d94296b05e786a1d8ae) (NativeFormatImporter) -> (Import Result ID: '20abac8b48c826cff51a28c8fdf8f2b4') in 0.0017815 seconds [static dependencies only]. Details - ImportResultOutputID=acaa02bbdf7515961ab87cbbd855b553 DependenciesID=a66e55c53ba67f16fa157cb4f05e930e StaticDependenciesID=fa07324719d8903b8b48833f06fabb6c 
Start importing Assets/Benchmark/Generated/Nib_IdentityOcularIris_L.mat using Guid(2ac6351ced612b94c97a3fbe59057e2a) (NativeFormatImporter) -> (Import Result ID: 'b094df7b530d46c71539580fd8535e60') in 0.0016446 seconds [static dependencies only]. Details - ImportResultOutputID=18888ec9a07fba5a98acf3d76d67b2fc DependenciesID=5ed7b0cddce104705aef7ba1bd3039a1 StaticDependenciesID=5ecda5cbd79b58e3aafd152e27403fd7 
Start importing Assets/Benchmark/Generated/Nib_Tooth.mat using Guid(4ad0ae446a2cc204a917be75d87635e4) (NativeFormatImporter) -> (Import Result ID: '2254bc795e553052e76b9522f0d3fd66') in 0.0016683 seconds [static dependencies only]. Details - ImportResultOutputID=7845e61c7b7bb62b0c98f589f12be365 DependenciesID=1935ae23a343590422777d8f9a46f61b StaticDependenciesID=feeb5b0400d186a0080fe3832fd671c9 
Start importing Assets/Benchmark/Generated/Nib_v5_TawnyEarUndercoat.mat using Guid(9af754b2dc1ee3047a5fae369d23168b) (NativeFormatImporter) -> (Import Result ID: 'bc1e63b75a4867595357ae6617fdaa24') in 0.0019633 seconds [static dependencies only]. Details - ImportResultOutputID=1dbd261626d5dbad02bfbcf0f2d7ead5 DependenciesID=ab8a1131a32902b6372886e260bfa4fc StaticDependenciesID=3d8ddde79732be3ab55b4c2fe020a936 
Start importing Assets/Benchmark/Generated/Nib_v5_InnerEarWisps.mat using Guid(dbd216aa6d17e1145ad88e98e6033630) (NativeFormatImporter) -> (Import Result ID: '114ad1f4a47f48a0199db3d8e64ae3c3') in 0.0018342 seconds [static dependencies only]. Details - ImportResultOutputID=6c9e9c5898ead13387b61443abcb41b5 DependenciesID=205b7cca1e52293540d69c12c2e96dc7 StaticDependenciesID=b12b11a15e3743bbd072090e86d59659 
Start importing Assets/Benchmark/Generated/Nib_IdentityOcularIris_R.mat using Guid(ebadda07271765c4887a9c74f688962e) (NativeFormatImporter) -> (Import Result ID: 'e721b7e619ab5759b76a960ffdbe9c88') in 0.0017756 seconds [static dependencies only]. Details - ImportResultOutputID=5e20b134b7505b740c8212d8765e1d72 DependenciesID=1fdce3d95c40258c4db9da7c5199066c StaticDependenciesID=61e444df43fcff87fd79677467918f7c 
Start importing Assets/Benchmark/Generated/Nib_Teal.mat using Guid(fb3f6fe3148fc9f40b7565a0328c9428) (NativeFormatImporter) -> (Import Result ID: '52d2c59c9c05c09747d3e44d40fb3421') in 0.0017687 seconds [static dependencies only]. Details - ImportResultOutputID=a811822255b6ce0762e831311ed69971 DependenciesID=87815315d65ab89726a8db8deda9756c StaticDependenciesID=9cc1e7c67d6c643d64d2995577bc8964 
Start importing Assets/Benchmark/Generated/Nib_Cloth.mat using Guid(4c7432db49a13a54684d4a33dfe93ab0) (NativeFormatImporter) -> (Import Result ID: '7ce26f093f876d1d467a88d50ed812f9') in 0.0016822 seconds [static dependencies only]. Details - ImportResultOutputID=7ed778eb1d300b94fc2aa187a32af1ac DependenciesID=b934f7f28cba7812bf68bbaafc154fa8 StaticDependenciesID=c6e9fe07147bb5d1f8ec81c8e77b3681 
Start importing Assets/Benchmark/Generated/Nib_Lens.mat using Guid(5c71ab315c76729419a0f97c8a21bc7e) (NativeFormatImporter) -> (Import Result ID: '6f84cda6c6f4da29ac030c6d03063ed7') in 0.001894 seconds [static dependencies only]. Details - ImportResultOutputID=08ae2f3842098f5be7a9d84087061a52 DependenciesID=b4326fab9acdb003758201b8868508ef StaticDependenciesID=4ee9147a959cd7e0a7f4ee5b44beda27 
Start importing Assets/Benchmark/Generated/Nib_Steel.mat using Guid(acaedf28d97bb614bbacb7c1e4c9818d) (NativeFormatImporter) -> (Import Result ID: '30235887cd3f83c0431159697fef44f4') in 0.0019295 seconds [static dependencies only]. Details - ImportResultOutputID=aee24303558613b6b621ef388cc0d54c DependenciesID=714324020105a84e6af793865de51593 StaticDependenciesID=d013ac28bf0008630ade118abfa360d5 
Start importing Assets/Benchmark/Generated/Nib_Workwear.mat using Guid(ec9a183c02f5cd748ab23dfb3f6eb58b) (NativeFormatImporter) -> (Import Result ID: '5711416a63e86ae8f457de6c33c465c3') in 0.0018465 seconds [static dependencies only]. Details - ImportResultOutputID=87bdae1dc140b9a05ebb98cf27fa9155 DependenciesID=bc1474317d1bfec33139578a8c7337a0 StaticDependenciesID=d52b8c0d856216757db21c0cae7223ab 
Start importing Assets/Benchmark/Generated/Nib_v5_DustyPinkEar.mat using Guid(2d5cbdbe47f5bcc40a2c4502c338a1d2) (NativeFormatImporter) -> (Import Result ID: '8215048e1be6221c9e1dd313cc375f5c') in 0.0017386 seconds [static dependencies only]. Details - ImportResultOutputID=a324b77d2d3d375b41cf5195ea06d051 DependenciesID=01e2e30f3764a8e404f185011020b8e5 StaticDependenciesID=494469be72a34be53b021c088369230f 
Start importing Assets/Benchmark/Generated/Nib_Dark.mat using Guid(3df595ea5f5be7347a5ef4e23c6a3139) (NativeFormatImporter) -> (Import Result ID: 'b12364a765894251b30d3630d51e3aeb') in 0.0019754 seconds [static dependencies only]. Details - ImportResultOutputID=24183d277d937bc56127e5013001296a DependenciesID=27961ac6a3d041b9dec03cd1d0294391 StaticDependenciesID=25249d2123a896e3e955677d118a6109 
Start importing Assets/Benchmark/Generated/Nib_Leather.mat using Guid(7e74d11d77aff4b4282df63b087adfe6) (NativeFormatImporter) -> (Import Result ID: '6ab855e97a570ed736bdaf539d54055d') in 0.0018765 seconds [static dependencies only]. Details - ImportResultOutputID=a3763366d900b7ed087f6a50417c0ddf DependenciesID=5fbfdb33a9c97488aeebbf08a5628ba8 StaticDependenciesID=e0f91cba6fcdc34582f3d51ccb97bf4f 
Start importing Assets/Benchmark/Generated/Nib_Hair.mat using Guid(cea8bf6f5f5f3e946ac57f450042dc14) (NativeFormatImporter) -> (Import Result ID: '3333bba1e52852ec56f24d533e1fd791') in 0.0017241 seconds [static dependencies only]. Details - ImportResultOutputID=f9c46696eb69f8ca71a70052a534fa3b DependenciesID=f1c4e49802894d7660554ca9f8587e44 StaticDependenciesID=81444c8d3d057e0138061af1b20dd503 
Start importing Assets/Benchmark/Generated/Nib_v5_TawnyEarFur.mat using Guid(bf7b3d4b42c3d374dbae88b588d5e5d4) (NativeFormatImporter) -> (Import Result ID: '871299f013e49c04ded28b2517ce3d57') in 0.0017458 seconds [static dependencies only]. Details - ImportResultOutputID=3af2e28d0a1f4fc531172797a1d84b26 DependenciesID=b964f84204a31264aca9c02ddc1b6812 StaticDependenciesID=e6071f14cf9d505585624da4621945a8 
Start importing Assets/Benchmark/Generated/Nib_v6_InnerEarWispsCards.mat using Guid(cf91d1e7096e79145ac77b3d97676a70) (NativeFormatImporter) -> (Import Result ID: '841c31f6d3fd06d09f74fb00ba65a3a9') in 0.0017398 seconds [static dependencies only]. Details - ImportResultOutputID=dc67f83673727a3690dbff954ce71768 DependenciesID=7d066f93ca563f7759eed6d230fab761 StaticDependenciesID=81798b25883e568dc05447b85550db13 
Start importing Assets/NativeGroom/NativeFurAuthored.shadergraph using Guid(0944527e019bf4b4285b833790323571) (ScriptedImporter)Launched and connected shader compiler UnityShaderCompiler.exe after 0.04 seconds
 -> (Import Result ID: '69e68bae205c707dd66a9fb8a882b7b4') in 2.2738603 seconds [static and dynamic dependencies]. Details - ImportResultOutputID=c0a466fddb8bbe1441a858629482b382 DependenciesID=624cd451971e34123c7c3395c3b1c421 StaticDependenciesID=12d1addce8c4312faeb32242dbf59603 
Start importing Assets/Benchmark/Generated/NibSkinProfile.asset using Guid(81cb02986b243f64fa87086d24882648) (NativeFormatImporter) -> (Import Result ID: 'a0623815575f5aac1c32ab2b56c5a6bd') in 0.0018146 seconds [static dependencies only]. Details - ImportResultOutputID=ea79b5a382c34e131e19ca4d6cdb6b31 DependenciesID=688171ce19b355bc042e32d97a201301 StaticDependenciesID=1735f6c6c542ffbf6ea7770f93bdd89b 
Start importing Packages/com.unity.render-pipelines.core/Tests/Editor/UnifiedRayTracing/TraceRays.urtshader using Guid(1142bbad8b9e8c44c83a9775ff120d37) (ScriptedImporter)
Compiling Ray Tracing Shader "TraceRays.urtshader", keywords = <no keywords>
    finished in 0.38 seconds. Local cache hits 1, remote cache hits 0, compiled 0 platform variants
 -> (Import Result ID: '7afca4d7e3c820ebf2cf832a55b3efb6') in 0.4825688 seconds [static and dynamic dependencies]. Details - ImportResultOutputID=58b1d56b89b4fd5b7264b1ae141a2e16 DependenciesID=0f507060acbbee5aa85d653be9dc174c StaticDependenciesID=b7859538b7c8061be2c1df0681a26cec 
Start importing Packages/com.unity.render-pipelines.core/Runtime/Lighting/SurfaceCache/RisEstimation.urtshader using Guid(713f6141bd66a134383b787f2eaa7c11) (ScriptedImporter)
Compiling Ray Tracing Shader "RisEstimation.urtshader", keywords = <no keywords>
    finished in 0.01 seconds. Local cache hits 1, remote cache hits 0, compiled 0 platform variants
 -> (Import Result ID: 'e3e001109788d2dde410cd1a6c63a120') in 0.135992 seconds [static and dynamic dependencies]. Details - ImportResultOutputID=5c3db561babc2d3f192dc496b0a2dfe8 DependenciesID=85c8fc919268ffee728aa363066ff820 StaticDependenciesID=1251c416255850dca778d66927462604 
Start importing Packages/com.unity.render-pipelines.core/Runtime/PathTracing/Shaders/LightmapShadowMaskIntegration.urtshader using Guid(d19f4f8a13b6edb48b986a47ec96402e) (ScriptedImporter)
Compiling Ray Tracing Shader "LightmapShadowMaskIntegration.urtshader", keywords = <no keywords>
    finished in 0.01 seconds. Local cache hits 1, remote cache hits 0, compiled 0 platform variants
 -> (Import Result ID: 'e139afbdfd299bbf6ff83af7ea76e8d1') in 0.1271391 seconds [static and dynamic dependencies]. Details - ImportResultOutputID=89734c47f7ded59f2ff0667094688153 DependenciesID=a41d6a67b8f40a57c05b5257efd8808a StaticDependenciesID=dddefbaa39ba5d51a386df5433e82fa1 
Start importing Packages/com.unity.render-pipelines.core/Runtime/PathTracing/Shaders/LightmapGBufferDebug.urtshader using Guid(737a1597422c12547a8714d76a9406ec) (ScriptedImporter)
Compiling Ray Tracing Shader "LightmapGBufferDebug.urtshader", keywords = <no keywords>
    finished in 0.01 seconds. Local cache hits 1, remote cache hits 0, compiled 0 platform variants
 -> (Import Result ID: 'e56622c2a7259949f7b8ad8ad750bc95') in 0.0297651 seconds [static and dynamic dependencies]. Details - ImportResultOutputID=6ebff43bdf0b449e2d9c76c9f8402a35 DependenciesID=54ba711bc9e3c6c0bfa936f371e7a8cd StaticDependenciesID=62194a0448f2b8616e1214fb593272db 
Start importing Packages/com.unity.render-pipelines.core/Runtime/PathTracing/Shaders/LightmapNormalIntegration.urtshader using Guid(1451d029813b192429211be28181beab) (ScriptedImporter)
Compiling Ray Tracing Shader "LightmapNormalIntegration.urtshader", keywords = <no keywords>
    finished in 0.01 seconds. Local cache hits 1, remote cache hits 0, compiled 0 platform variants
 -> (Import Result ID: 'cb2fbf5c1d07930b000d7de377c20f6c') in 0.0275164 seconds [static and dynamic dependencies]. Details - ImportResultOutputID=d0c0299acd75edd000c68987e109915e DependenciesID=ec5e778e363441e5bbbdecda6633b948 StaticDependenciesID=cbe3820d9825e61936c3967ec27e4e90 
Start importing Packages/com.unity.render-pipelines.core/Editor/Lighting/ProbeVolume/RenderingLayerMask/TraceRenderingLayerMask.urtshader using Guid(94a070d33e408384bafc1dea4a565df9) (ScriptedImporter)
Compiling Ray Tracing Shader "TraceRenderingLayerMask.urtshader", keywords = <no keywords>
    finished in 0.01 seconds. Local cache hits 1, remote cache hits 0, compiled 0 platform variants
 -> (Import Result ID: '793cfd96f1713212e5bf9eabeb38eec2') in 0.0274659 seconds [static and dynamic dependencies]. Details - ImportResultOutputID=59bcf41c92be5967e4bd2a65d9ad484d DependenciesID=32036152490f4464cd59f01c18de8529 StaticDependenciesID=83d03f1fcc976b11b697d3bab0b97d8c 
Start importing Packages/com.unity.render-pipelines.core/Runtime/Lighting/SurfaceCache/UniformEstimation.urtshader using Guid(94a39d12848d8d64ca962a72b74e7c50) (ScriptedImporter)
Compiling Ray Tracing Shader "UniformEstimation.urtshader", keywords = <no keywords>
    finished in 0.01 seconds. Local cache hits 1, remote cache hits 0, compiled 0 platform variants
 -> (Import Result ID: '439a7638a134eca36a4161512c2a4559') in 0.0331245 seconds [static and dynamic dependencies]. Details - ImportResultOutputID=e7d10f59892682bfbe73a5848ecb6371 DependenciesID=9728f3107fde0bb092451e3486d8a631 StaticDependenciesID=f100dc97879ef35876f7ad5427566dd9 
Start importing Packages/com.unity.render-pipelines.core/Tests/Editor/UnifiedRayTracing/TraceTransparentRays.urtshader using Guid(6513c3b892e933c4f8d00c19d5c47532) (ScriptedImporter)
Compiling Ray Tracing Shader "TraceTransparentRays.urtshader", keywords = <no keywords>
    finished in 0.01 seconds. Local cache hits 1, remote cache hits 0, compiled 0 platform variants
 -> (Import Result ID: 'da93953b8a13c0d1fc489ef5ba76241a') in 0.0232778 seconds [static and dynamic dependencies]. Details - ImportResultOutputID=65a6c94c3370940a3394556c71e25836 DependenciesID=24e95d1316241f1b4b39167f48526b4c StaticDependenciesID=5e41b194f27d8b70c797e75555e2b1f0 
Start importing Packages/com.unity.render-pipelines.core/Runtime/PathTracing/Shaders/LightmapIndirectIntegration.urtshader using Guid(7624adbeb148b5c48ab5ab660cc2602a) (ScriptedImporter)
Compiling Ray Tracing Shader "LightmapIndirectIntegration.urtshader", keywords = <no keywords>
    finished in 0.01 seconds. Local cache hits 1, remote cache hits 0, compiled 0 platform variants
 -> (Import Result ID: 'ffa1a186eee4385ce7a04a5ed97165ac') in 0.0308609 seconds [static and dynamic dependencies]. Details - ImportResultOutputID=ed5d51e29def6d7a65086d762b13a5c1 DependenciesID=54a8750c9763863e61dec10d55776477 StaticDependenciesID=6d19372de11b03798f093933090e79bb 
Start importing Packages/com.unity.render-pipelines.core/Runtime/PathTracing/Shaders/LightmapGBufferIntegration.urtshader using Guid(e9f4de6d1e07fb94f9a60d35b618f724) (ScriptedImporter)
Compiling Ray Tracing Shader "LightmapGBufferIntegration.urtshader", keywords = <no keywords>
    finished in 0.01 seconds. Local cache hits 1, remote cache hits 0, compiled 0 platform variants
 -> (Import Result ID: 'd42712c860a2d8848dd3a0c7ef5ad479') in 0.0313691 seconds [static and dynamic dependencies]. Details - ImportResultOutputID=1676c0d51b56dde7ef6140c740c7057b DependenciesID=d45d6f2db6ad286790594662352e121a StaticDependenciesID=66dc06979910318021783fcb4ccd3ecc 
Start importing Packages/com.unity.render-pipelines.core/Editor/Lighting/ProbeVolume/DynamicGI/DynamicGISkyOcclusion.urtshader using Guid(5a2a534753fbdb44e96c3c78b5a6999d) (ScriptedImporter)
Compiling Ray Tracing Shader "DynamicGISkyOcclusion.urtshader", keywords = <no keywords>
    finished in 0.01 seconds. Local cache hits 1, remote cache hits 0, compiled 0 platform variants
 -> (Import Result ID: '63afcbd76537517bf9873a4e1e2d03d1') in 0.029381 seconds [static and dynamic dependencies]. Details - ImportResultOutputID=3fd364a85d059b91e96e65a685207106 DependenciesID=fbba977ddafde040ae65aeaedffd88ff StaticDependenciesID=18974378deb0e4fc540e6b2321b0ff13 
Start importing Packages/com.unity.render-pipelines.core/Runtime/PathTracing/Shaders/LightmapDirectIntegration.urtshader using Guid(5bbebdef5916845478fcef13fa10d89f) (ScriptedImporter)
Compiling Ray Tracing Shader "LightmapDirectIntegration.urtshader", keywords = <no keywords>
    finished in 0.01 seconds. Local cache hits 1, remote cache hits 0, compiled 0 platform variants
 -> (Import Result ID: '9e40b327fc8eeee41360b2a9a17a1cab') in 0.0301122 seconds [static and dynamic dependencies]. Details - ImportResultOutputID=5a7cbb81c84c34dea07d3b9312e0f8af DependenciesID=afc1b846ca9ded3227c1d5b288a1eedf StaticDependenciesID=63188f79534be5f4b9e074ad4af5bfb7 
Start importing Packages/com.unity.render-pipelines.core/Tests/Editor/UnifiedRayTracing/TraceRaysAndFetchAttributes.urtshader using Guid(fbc59f55df2416344b008dc23753cae2) (ScriptedImporter)
Compiling Ray Tracing Shader "TraceRaysAndFetchAttributes.urtshader", keywords = <no keywords>
    finished in 0.01 seconds. Local cache hits 1, remote cache hits 0, compiled 0 platform variants
 -> (Import Result ID: 'e6d4100a4ef49b0c4368ad5ca5e22854') in 0.0235596 seconds [static and dynamic dependencies]. Details - ImportResultOutputID=76e2821aaffa55c5b91860f99dabfee9 DependenciesID=b74cc84dd8b21bd37e6f5ebd7b3b9434 StaticDependenciesID=aa8291e86ea82085a643681c1c779d39 
Start importing Packages/com.unity.render-pipelines.core/Runtime/PathTracing/Shaders/LightmapAOIntegration.urtshader using Guid(1c410815c01ce1d4d82c645c0cd45747) (ScriptedImporter)
Compiling Ray Tracing Shader "LightmapAOIntegration.urtshader", keywords = <no keywords>
    finished in 0.01 seconds. Local cache hits 1, remote cache hits 0, compiled 0 platform variants
 -> (Import Result ID: 'c639823e3fca9ca4cf92a999fd6b113b') in 0.0304343 seconds [static and dynamic dependencies]. Details - ImportResultOutputID=8f5afc25c05398cab29e5d22d338c324 DependenciesID=7da2892cf839ca4597649bc8499224dc StaticDependenciesID=bcaf3aac9727a2ca27155e619d011e5f 
Start importing Packages/com.unity.render-pipelines.core/Runtime/PathTracing/Shaders/ProbeIntegrationValidity.urtshader using Guid(2c32233d92a2d0745930664c087c5c9a) (ScriptedImporter)
Compiling Ray Tracing Shader "ProbeIntegrationValidity.urtshader", keywords = <no keywords>
    finished in 0.01 seconds. Local cache hits 1, remote cache hits 0, compiled 0 platform variants
 -> (Import Result ID: 'ff948fbe6f9eea32896381d72e2bfa0e') in 0.0268864 seconds [static and dynamic dependencies]. Details - ImportResultOutputID=e2dc641a56b85f519cbe1e82a7a9e8c5 DependenciesID=9be055ea3569dfe45a29be164adc8ad3 StaticDependenciesID=4aea10376946a8225ccdfdec15a70dac 
Start importing Packages/com.unity.render-pipelines.core/Runtime/PathTracing/Shaders/LightmapValidityIntegration.urtshader using Guid(ace95ac84e213794891b4bd7c9b3c158) (ScriptedImporter)
Compiling Ray Tracing Shader "LightmapValidityIntegration.urtshader", keywords = <no keywords>
    finished in 0.01 seconds. Local cache hits 1, remote cache hits 0, compiled 0 platform variants
 -> (Import Result ID: 'a234c72a94157d43c653d68ddcbca060') in 0.028845 seconds [static and dynamic dependencies]. Details - ImportResultOutputID=79d295adafa5f47513a34a76865e634c DependenciesID=02906d7b3e185d7299b9af30e9216571 StaticDependenciesID=46d905dacc01197a8e043a8ad4f9d21d 
Start importing Packages/com.unity.render-pipelines.core/Runtime/Lighting/SurfaceCache/RestirCandidateTemporal.urtshader using Guid(ad3a9f9982f8c4f4a839a78955e78458) (ScriptedImporter)
Compiling Ray Tracing Shader "RestirCandidateTemporal.urtshader", keywords = <no keywords>
    finished in 0.01 seconds. Local cache hits 1, remote cache hits 0, compiled 0 platform variants
 -> (Import Result ID: '8fd0ecc81a1a4d448bded1b3c5e88d3a') in 0.0403278 seconds [static and dynamic dependencies]. Details - ImportResultOutputID=dc53a428a46533fd6d93947a9d30e8d2 DependenciesID=718c8be356410685d68e26863909b46d StaticDependenciesID=2beaac54fac463ee5ee15c00b0990d01 
Start importing Packages/com.unity.render-pipelines.core/Runtime/PathTracing/Shaders/ProbeIntegrationIndirect.urtshader using Guid(5ecdabd800f05984696f22ba95284516) (ScriptedImporter)
Compiling Ray Tracing Shader "ProbeIntegrationIndirect.urtshader", keywords = <no keywords>
    finished in 0.01 seconds. Local cache hits 1, remote cache hits 0, compiled 0 platform variants
 -> (Import Result ID: '9c422886474b488de372cc61ee26e4e8') in 0.0419499 seconds [static and dynamic dependencies]. Details - ImportResultOutputID=e8498fb62d3b8ed20afdce949e3e2cb9 DependenciesID=93eebeab53cdace61879d0044c0001f3 StaticDependenciesID=83ecbbd61911181b4944eb7ac9eabee5 
Start importing Packages/com.unity.render-pipelines.core/Tests/Runtime/PathTracing/PathIteratorTest.urtshader using Guid(6e0b547bab30a804c8123974120d583f) (ScriptedImporter)
Compiling Ray Tracing Shader "PathIteratorTest.urtshader", keywords = <no keywords>
    finished in 0.01 seconds. Local cache hits 1, remote cache hits 0, compiled 0 platform variants
 -> (Import Result ID: 'bd7a5612e4985f9643f5f4834c9ee53a') in 0.0305494 seconds [static and dynamic dependencies]. Details - ImportResultOutputID=b2d87ec346a485fd9620322af1ef51c9 DependenciesID=866f976e2a4d51fe77efccb491dd5106 StaticDependenciesID=cf2a33ce9b71ea08a4459556694e1323 
Start importing Packages/com.unity.render-pipelines.core/Runtime/PathTracing/Shaders/LiveGI.urtshader using Guid(ceb7a31b84722d144bbeff1c8cd88769) (ScriptedImporter)
Compiling Ray Tracing Shader "LiveGI.urtshader", keywords = <no keywords>
    finished in 0.01 seconds. Local cache hits 1, remote cache hits 0, compiled 0 platform variants
 -> (Import Result ID: '235c25704a2aee85c149dddd0f018e72') in 0.0324704 seconds [static and dynamic dependencies]. Details - ImportResultOutputID=8b5c079ae955e0922962604f94c4f7f5 DependenciesID=4d90bacf5f912709e27b0193ff9e24f2 StaticDependenciesID=628001b751fe9fddf64a203b1446575e 
Start importing Packages/com.unity.render-pipelines.core/Runtime/PathTracing/Shaders/ProbeIntegrationOcclusion.urtshader using Guid(de3013e16d99f2746ab1735ec06a660b) (ScriptedImporter)
Compiling Ray Tracing Shader "ProbeIntegrationOcclusion.urtshader", keywords = <no keywords>
    finished in 0.01 seconds. Local cache hits 1, remote cache hits 0, compiled 0 platform variants
 -> (Import Result ID: '2b22b889aeafc7a50d68995467a319c7') in 0.029067 seconds [static and dynamic dependencies]. Details - ImportResultOutputID=f570b42574b3853f221a09536dc9daca DependenciesID=be257ec1f2e0292ec4724c7091d9a494 StaticDependenciesID=183f3d853e4af89ec08f4e79696e167d 
Start importing Packages/com.unity.render-pipelines.core/Runtime/PathTracing/Shaders/ProbeIntegrationDirect.urtshader using Guid(1f9bfe60b4ad75943a5281839c1a4e5c) (ScriptedImporter)
Compiling Ray Tracing Shader "ProbeIntegrationDirect.urtshader", keywords = <no keywords>
    finished in 0.01 seconds. Local cache hits 1, remote cache hits 0, compiled 0 platform variants
 -> (Import Result ID: 'd37cf92f5433a49ca14de3608a128b67') in 0.0297036 seconds [static and dynamic dependencies]. Details - ImportResultOutputID=3828a5aea5672b46b4d9977701bdd003 DependenciesID=2c37205a6451b724b0972c24b9fbd758 StaticDependenciesID=d3f99f9cc1ae2c0c0147c2fa8da668fc 
Start importing Packages/com.unity.render-pipelines.core/Editor/Lighting/ProbeVolume/VirtualOffset/TraceVirtualOffset.urtshader using Guid(ff2cbab5da58bf04d82c5f34037ed123) (ScriptedImporter)
Compiling Ray Tracing Shader "TraceVirtualOffset.urtshader", keywords = <no keywords>
    finished in 0.01 seconds. Local cache hits 1, remote cache hits 0, compiled 0 platform variants
 -> (Import Result ID: '29accf2d3b99b61e5cfb895ecb82a5a0') in 0.0303724 seconds [static and dynamic dependencies]. Details - ImportResultOutputID=2ab4ffcb1f1f746aecd037f904b72cad DependenciesID=f7909e0286c136d1e7b092bc619cd62f StaticDependenciesID=f51ff46b48d84884c883ac486ebfd7f9 
(Values over 0.050ms)
Asset Pipeline Refresh (id=09034e735b0a66a4c881eafe1b43132e): Total: 45.125 seconds - Initiated by InitialRefreshV2(ForceSynchronousImport)
	Summary:
		Imports: total=167 (actual=143, local cache=24, cache server=0)
		Asset DB Process Time: managed=42 ms, native=36488 ms
		Asset DB Callback time: managed=242 ms, native=831 ms
		Scripting: domain reloads=1, domain reload time=1122 ms, compile time=6351 ms, other=45 ms
		Project Asset Count: scripts=1173, non-scripts=2952
		Asset File Changes: new=121, changed=121, moved=0, deleted=0
		Scan Filter Count: 0
	InvokePackagesCallback: 23.344ms
	ApplyChangesToAssetFolders: 1.008ms
	Scan: 198.659ms
	OnSourceAssetsModified: 1.762ms
	CategorizeScriptCompilationAssets: 26.539ms
	ProcessAssetsWithTransientArtifactChanges: 76.810ms
	CategorizeAssets: 97.859ms
	CompileScripts: 6350.991ms
	ImportOutOfDateAssets: 35980.289ms (3417.917ms without children)
		ImportManagerImport: 32441.115ms (41.762ms without children)
			UpdateCategorizedAssets: 2.497ms
		ReloadNativeAssets: 0.050ms
		UnloadImportedAssets: 3.552ms
		ReloadImportedAssets: 135.442ms
		EnsureUptoDateAssetsAreRegisteredWithGuidPM: 1.105ms
		OnDemandSchedulerStart: 0.493ms
	PostProcessAllAssets: 1051.526ms
		ShaderAssetModifiedCallback 440.334ms
		ComputeShaderImportPostprocess 244.666ms
		RaytracingShaderImportPostprocess 121.382ms
		VersionControlSettings.HiddenFilePostprocess 1.167ms
		PostProcessCallbackCreateDeferredMaterials 0.216ms
		SpeedTreeImporter.PostprocessAllAssets 0.146ms
		BlockShaderImporter.PostprocessAllAssets 0.141ms
		LocalizationDatabase.AssetDatabasePostprocessCallback 0.132ms
		AssemblyValidation.PostprocessAllAssets 0.069ms
		XRBuildSystem.XRAssetImported 0.060ms
		MonoPostProcessAllAssets: 241.026ms
			AssetPostprocessor.OnPostprocessAllAssets 125.361ms
			MaterialPostprocessor.OnPostprocessAllAssets 25.920ms
			StyleCatalogPostProcessor.OnPostprocessAllAssets 18.095ms
			HDRenderPipelineGlobalSettingsPostprocessor.OnPostprocessAllAssets 14.205ms
			ShaderGraphAssetPostProcessor.OnPostprocessAllAssets 8.007ms
			BuilderAssetPostprocessor.OnPostprocessAllAssets 6.844ms
			TextAssetPostProcessor.OnPostprocessAllAssets 2.144ms
			SpeedTree9Postprocessor.OnPostprocessAllAssets 2.010ms
			AssetChangedListener.OnPostprocessAllAssets 1.743ms
			SyncVS.PostprocessSyncProject 1.707ms
			VFXGraphPreprocessor.OnPostprocessAllAssets 1.606ms
			WindowAssetPostprocessingWatcher.OnPostprocessAllAssets 1.551ms
			RetainedModeAssetPostprocessor.OnPostprocessAllAssets 1.286ms
			PostProcessor.OnPostprocessAllAssets 1.091ms
			InputActionAssetPostprocessor.OnPostprocessAllAssets 1.016ms
			InputActionJsonNameModifierAssetProcessor.OnPostprocessAllAssets 0.914ms
			RenderPipelineGlobalSettingsPostprocessor.OnPostprocessAllAssets 0.831ms
			ArtifactBrowserPostProcessor.OnPostprocessAllAssets 0.635ms
			ReferencedClipsPostProcessor.OnPostprocessAllAssets 0.537ms
			TMPro_TexturePostProcessor.OnPostprocessAllAssets 0.429ms
			AudioMixerPostprocessor.OnPostprocessAllAssets 0.315ms
			AssetEvents.OnPostprocessAllAssets 0.263ms
			TerrainToolbarOverlayPostProcessor.OnPostprocessAllAssets 0.204ms
			ProjectSettingsPostprocessor.OnPostprocessAllAssets 0.195ms
			AssetDatabaseCallbacks.OnPostprocessAllAssets 0.156ms
			SpeedTreePostProcessor.OnPostprocessAllAssets 0.151ms
			SamplePostprocessor.OnPostprocessAllAssets 0.147ms
			ConfigAssetsTracker.OnPostprocessAllAssets 0.144ms
			ScenarioDriftAssetsTracker.OnPostprocessAllAssets 0.134ms
			AudioContainerPostProcessor.OnPostprocessAllAssets 0.077ms
	PostAssetChangesProfiler: 2.058ms
	UnloadStreamsBegin: 1.932ms
	PersistCurrentRevisions: 0.707ms
	GenerateScriptTypeHashes: 3.635ms
	GenerateScriptTypeSerializationHashes: 6.952ms
	Untracked: 1304.898ms

Application.AssetDatabase Initial Refresh End
Scanning for USB devices : 4.147ms
Initializing Unity extensions:
[MODES] ModeService[none].Initialize
[MODES] ModeService[none].LoadModes
[MODES] Loading mode Default (0) for mode-current-id-Krag Kings — Engine Comparison
Unloading 167 Unused Serialized files (Serialized files now loaded: 0)
Unloading 5431 unused Assets / (23.4 MB). Loaded Objects now: 6355.
Memory consumption went from 291.1 MB to 267.7 MB.
Total: 18.109300 ms (FindLiveObjects: 0.665200 ms CreateObjectMapping: 1.043900 ms MarkObjects: 7.113400 ms  DeleteObjects: 9.284100 ms)

Unloading 1 Unused Serialized files (Serialized files now loaded: 0)
Unloading 1 unused Assets / (2.7 KB). Loaded Objects now: 6355.
Memory consumption went from 243.7 MB to 243.7 MB.
Total: 8.056100 ms (FindLiveObjects: 0.355700 ms CreateObjectMapping: 0.308100 ms MarkObjects: 7.344400 ms  DeleteObjects: 0.046800 ms)

Start importing Assets/CharacterRenderOutput using Guid(7044876f86b129840b6ead0f5d343414) (DefaultImporter) -> (Import Result ID: '2ecddacf916fa4173c5c97d9550ae7e3') in 0.0097022 seconds [static dependencies only]. Details - ImportResultOutputID=9f4a2a045f20c41aae02b98f17026eab DependenciesID=26274de0fecc7e0c29f98b3eef9bc9b5 StaticDependenciesID=02cff0a13f6fa2548ba7556bf2819c3c 
Asset Pipeline Refresh (id=0d6e906c9a1801f4aa911f442eaf36a4): Total: 0.110 seconds - Initiated by StopAssetImportingV2(NoUpdateAssetOptions)
Start importing Assets/CharacterRenderOutput/HeadCream-data.asset using Guid(2a5cbc60ede1a894b8c461714392073d) (NativeFormatImporter) -> (Import Result ID: 'b988366397befe405a9440354906e544') in 0.0071976 seconds [static dependencies only]. Details - ImportResultOutputID=c9ab7f89a6b01554a0f1fdfc03911f59 DependenciesID=0696ec5df72140e83ef21231227d3d5b StaticDependenciesID=55599d84dda03eda734d4f846931771b 
Asset Pipeline Refresh (id=7fa5c3b931a0a2b4099d63a936ee0dc7): Total: 0.103 seconds - Initiated by StopAssetImportingV2(NoUpdateAssetOptions)
Start importing Assets/CharacterRenderOutput/HeadCream.mat using Guid(099824bfe2e2f184d917ad901bde3085) (NativeFormatImporter) -> (Import Result ID: 'dd6281820b74af9dfcc197549f3eddf2') in 0.0023635 seconds [static dependencies only]. Details - ImportResultOutputID=6d1c0b35f3f52d364902fd5094b7cb85 DependenciesID=e8d3b90c14446bf0aa13d67ae276651b StaticDependenciesID=7a89ca6538b451c7206eaec11c1a4101 
Asset Pipeline Refresh (id=b443728236c2f15428137b7dc9be6897): Total: 0.087 seconds - Initiated by StopAssetImportingV2(NoUpdateAssetOptions)
Start importing Assets/CharacterRenderOutput/EarInnerCream_L-data.asset using Guid(3cedbabda91971343969f5365b8482b8) (NativeFormatImporter) -> (Import Result ID: 'e041735b21ad4fa252e3c7f1c763cd70') in 0.0048604 seconds [static dependencies only]. Details - ImportResultOutputID=f9645952a502401daa91993c4cee0786 DependenciesID=abb029e92aefe9bd358716a53b0f331b StaticDependenciesID=a06fc7a1d81aba4492710864469dbd4b 
Asset Pipeline Refresh (id=5442ecfb2d0b0b740bf01c77f89c66fe): Total: 0.086 seconds - Initiated by StopAssetImportingV2(NoUpdateAssetOptions)
Start importing Assets/CharacterRenderOutput/EarInnerCream_L.mat using Guid(2158e03fbe9b1e643bbf4f35dfb5e295) (NativeFormatImporter) -> (Import Result ID: '4c64e83a0b7b086145c9f09a5161947f') in 0.0021276 seconds [static dependencies only]. Details - ImportResultOutputID=4395e40b118a386d259229648f81bb62 DependenciesID=dc2ef37e7ae047db4ff885a8f6cb7ab0 StaticDependenciesID=018e0ecc13b7f01796698570df61a715 
Asset Pipeline Refresh (id=b3e8f33c176fb4747b5491b3f1edaa28): Total: 0.072 seconds - Initiated by StopAssetImportingV2(NoUpdateAssetOptions)
Start importing Assets/CharacterRenderOutput/EarOuterTawny_L-data.asset using Guid(cc93df5562648f940bf7daba2b1de6b7) (NativeFormatImporter) -> (Import Result ID: 'f58c355e848530e4a61accc2085999cf') in 0.0199111 seconds [static dependencies only]. Details - ImportResultOutputID=42ea5f9c076def48057088908750a671 DependenciesID=2760037aeeec699e58dfb5c76379a453 StaticDependenciesID=16ca83ac01f02a24d69009ae8b563e92 
Asset Pipeline Refresh (id=03ecb9e79b950684a9826f682165b753): Total: 0.097 seconds - Initiated by StopAssetImportingV2(NoUpdateAssetOptions)
Start importing Assets/CharacterRenderOutput/EarOuterTawny_L.mat using Guid(774f56f3b5c570249a64e6beff1b20bf) (NativeFormatImporter) -> (Import Result ID: 'a3cce770b38bc52d1447e4627b425542') in 0.0020183 seconds [static dependencies only]. Details - ImportResultOutputID=9e0cfe258888383e9b573d26cfe1dd39 DependenciesID=2ce7d463faacaed4bfaef4c14df7d215 StaticDependenciesID=df594b688ab55846c0d6e5b1ff1fd993 
Asset Pipeline Refresh (id=1e480aab0365a6a48bb8898b0d2630c6): Total: 0.070 seconds - Initiated by StopAssetImportingV2(NoUpdateAssetOptions)
Start importing Assets/CharacterRenderOutput/EarInnerCream_R-data.asset using Guid(5009f4b1e5afea345bf4f654a8d02cf5) (NativeFormatImporter) -> (Import Result ID: '8da5d4ab7d4452ca1a0756f6848b01a7') in 0.004711 seconds [static dependencies only]. Details - ImportResultOutputID=5df1fa56b66eafdbb4aec9f214a1af95 DependenciesID=5d99490d4fb284c08eefdf04d9d3cc24 StaticDependenciesID=6b0f2f777ad51e8e1ab27a34f632a2d9 
Asset Pipeline Refresh (id=1153ab410af9c8043a107b29127b3dab): Total: 0.076 seconds - Initiated by StopAssetImportingV2(NoUpdateAssetOptions)
Start importing Assets/CharacterRenderOutput/EarInnerCream_R.mat using Guid(d5f25dac8a6d92347b274a9e832f2a36) (NativeFormatImporter) -> (Import Result ID: '9b5e4cb2515703cf06291a31f13263c0') in 0.001975 seconds [static dependencies only]. Details - ImportResultOutputID=e4ef3d4ebff84b617cd1e74b1581027d DependenciesID=238c76aa7c58d60ba951e594ed951612 StaticDependenciesID=8040ed3fcca0f1338b7cbee9bdf543a1 
Asset Pipeline Refresh (id=041c5d26fbe257e43acb0018b8037d63): Total: 0.070 seconds - Initiated by StopAssetImportingV2(NoUpdateAssetOptions)
Start importing Assets/CharacterRenderOutput/EarOuterTawny_R-data.asset using Guid(4fa06ee66e6c3864c9b435f1d12b90c9) (NativeFormatImporter) -> (Import Result ID: '15b3985a4b93c8d0760465319225b214') in 0.0054637 seconds [static dependencies only]. Details - ImportResultOutputID=fb311d9ad3d60f9806709a30888555bc DependenciesID=4ed96b81d8db0c443a0b4b5030c5cbb7 StaticDependenciesID=94971026ffb738c85e21a903d9f4c067 
Asset Pipeline Refresh (id=fc8e2cbf7bfcde643a29e8c37720ead9): Total: 0.080 seconds - Initiated by StopAssetImportingV2(NoUpdateAssetOptions)
Start importing Assets/CharacterRenderOutput/EarOuterTawny_R.mat using Guid(e99cee3ce4847b348962f034eac60725) (NativeFormatImporter) -> (Import Result ID: 'c8235d5e719eed1ac4af793ed0f74af3') in 0.0021608 seconds [static dependencies only]. Details - ImportResultOutputID=e7401aff45ac2e197abd05fcd0b95bb7 DependenciesID=da077bc66c9a327c8d84ebf4b413f243 StaticDependenciesID=12d106c06cd63bd766be3210ecd6db38 
Asset Pipeline Refresh (id=43585cec2b4d02a4eae51477b2a971c3): Total: 0.073 seconds - Initiated by StopAssetImportingV2(NoUpdateAssetOptions)
Cascade Shadow atlasing has failed, only one directional light can cast shadows at a time
UnityEngine.Debug:ExtractStackTraceNoAlloc (byte*,int,string)
UnityEngine.StackTraceUtility:ExtractStackTrace ()
UnityEngine.DebugLogHandler:Internal_Log (UnityEngine.LogType,UnityEngine.LogOption,string,UnityEngine.Object)
UnityEngine.DebugLogHandler:LogFormat (UnityEngine.LogType,UnityEngine.Object,string,object[])
UnityEngine.Logger:Log (UnityEngine.LogType,object)
UnityEngine.Debug:LogError (object)
UnityEngine.Rendering.HighDefinition.HDShadowManager:LayoutShadowMaps (UnityEngine.Rendering.HighDefinition.LightingDebugSettings) (at ./Library/PackageCache/com.unity.render-pipelines.high-definition@4509f627d0da/Runtime/Lighting/Shadow/HDShadowManager.cs:1085)
UnityEngine.Rendering.HighDefinition.HDProcessedVisibleLightsBuilder:ProcessShadows (UnityEngine.Rendering.HighDefinition.HDCamera,UnityEngine.Rendering.HighDefinition.HDShadowManager,UnityEngine.Rendering.HighDefinition.LightingDebugSettings,UnityEngine.Rendering.HighDefinition.HDShadowInitParameters&,UnityEngine.Rendering.CullingResults&) (at ./Library/PackageCache/com.unity.render-pipelines.high-definition@4509f627d0da/Runtime/Lighting/Light/HDProcessedVisibleLightsBuilder.LightLoop.cs:158)
UnityEngine.Rendering.HighDefinition.HDProcessedVisibleLightsBuilder:Build (UnityEngine.Rendering.HighDefinition.HDCamera,UnityEngine.Rendering.CullingResults&,bool,UnityEngine.Rendering.HighDefinition.HDShadowManager,UnityEngine.Rendering.HighDefinition.HDShadowInitParameters&,UnityEngine.Rendering.HighDefinition.AOVRequestData&,UnityEngine.Rendering.HighDefinition.GlobalLightLoopSettings&,UnityEngine.Rendering.HighDefinition.DebugDisplaySettings) (at ./Library/PackageCache/com.unity.render-pipelines.high-definition@4509f627d0da/Runtime/Lighting/Light/HDProcessedVisibleLightsBuilder.cs:119)
UnityEngine.Rendering.HighDefinition.HDRenderPipeline:PreprocessVisibleLights (UnityEngine.Rendering.ScriptableRenderContext,UnityEngine.Rendering.CommandBuffer,UnityEngine.Rendering.HighDefinition.HDCamera,UnityEngine.Rendering.CullingResults&,UnityEngine.Rendering.HighDefinition.DebugDisplaySettings,UnityEngine.Rendering.HighDefinition.AOVRequestData&) (at ./Library/PackageCache/com.unity.render-pipelines.high-definition@4509f627d0da/Runtime/Lighting/LightLoop/LightLoop.cs:1352)
UnityEngine.Rendering.HighDefinition.HDRenderPipeline:PrepareLightsForGPU (UnityEngine.Rendering.ScriptableRenderContext,UnityEngine.Rendering.CommandBuffer,UnityEngine.Rendering.HighDefinition.HDCamera,UnityEngine.Rendering.CullingResults,UnityEngine.Rendering.HighDefinition.HDProbeCullingResults,UnityEngine.Rendering.HighDefinition.DebugDisplaySettings,UnityEngine.Rendering.HighDefinition.AOVRequestData) (at ./Library/PackageCache/com.unity.render-pipelines.high-definition@4509f627d0da/Runtime/Lighting/LightLoop/LightLoop.cs:1708)
UnityEngine.Rendering.HighDefinition.HDRenderPipeline:ExecuteRenderRequest (UnityEngine.Rendering.HighDefinition.HDRenderPipeline/RenderRequest,UnityEngine.Rendering.ScriptableRenderContext,UnityEngine.Rendering.CommandBuffer,UnityEngine.Rendering.HighDefinition.AOVRequestData) (at ./Library/PackageCache/com.unity.render-pipelines.high-definition@4509f627d0da/Runtime/RenderPipeline/HDRenderPipeline.cs:2879)
UnityEngine.Rendering.HighDefinition.HDRenderPipeline:Render (UnityEngine.Rendering.ScriptableRenderContext,System.Collections.Generic.List`1<UnityEngine.Camera>) (at ./Library/PackageCache/com.unity.render-pipelines.high-definition@4509f627d0da/Runtime/RenderPipeline/HDRenderPipeline.cs:2480)
UnityEngine.Rendering.HighDefinition.HDRenderPipeline:ProcessRenderRequests<object> (UnityEngine.Rendering.ScriptableRenderContext,UnityEngine.Camera,object) (at ./Library/PackageCache/com.unity.render-pipelines.high-definition@4509f627d0da/Runtime/RenderPipeline/HDRenderPipeline.cs:2617)
UnityEngine.Rendering.RenderPipeline:InternalProcessRenderRequests<object> (UnityEngine.Rendering.ScriptableRenderContext,UnityEngine.Camera,object)
UnityEngine.Rendering.RenderPipelineManager:DoRenderLoop_Internal (UnityEngine.Rendering.RenderPipelineAsset,intptr,object,Unity.Collections.LowLevel.Unsafe.AtomicSafetyHandle)
UnityEngine.Camera:SubmitRenderRequestsInternal (object)
UnityEngine.Camera:SubmitRenderRequest<UnityEngine.Rendering.RenderPipeline/StandardRequest> (UnityEngine.Rendering.RenderPipeline/StandardRequest)
UnityEngine.Rendering.RenderPipeline:SubmitRenderRequest<UnityEngine.Rendering.RenderPipeline/StandardRequest> (UnityEngine.Camera,UnityEngine.Rendering.RenderPipeline/StandardRequest)
KragKings.StrandPilot.CharacterRenderProbe:Run () (at Assets/Editor/CharacterRenderProbe.cs:122)

(Filename: ./Library/PackageCache/com.unity.render-pipelines.high-definition@4509f627d0da/Runtime/Lighting/Shadow/HDShadowManager.cs Line: 1085)

Launched and connected shader compiler UnityShaderCompiler.exe after 0.01 seconds
Launched and connected shader compiler UnityShaderCompiler.exe after 0.01 seconds
Shader error in 'Krag Kings/Native Groom/NativeFurAuthored': syntax error: unexpected token 'point' at Assets/NativeGroom/NativeFurAuthored.shadergraph(399) (on d3d11)

Compiling Subshader: 0, Pass: ShadowCaster, Vertex program with HAIR_VERTEX_LIVE _DOUBLESIDED_ON
Platform defines: SHADER_API_DESKTOP UNITY_ENABLE_DETAIL_NORMALMAP UNITY_ENABLE_REFLECTION_BUFFERS UNITY_LIGHTMAP_FULL_HDR UNITY_LIGHT_PROBE_PROXY_VOLUME UNITY_PASS_SHADOWCASTER UNITY_PBS_USE_BRDF1 UNITY_PLATFORM_SUPPORTS_DEPTH_FETCH UNITY_SPECCUBE_BLENDING UNITY_SPECCUBE_BOX_PROJECTION UNITY_USE_DITHER_MASK_FOR_ALPHABLENDED_SHADOWS
Disabled keywords: DOTS_INSTANCING_ON HAIR_VERTEX_STATIC INSTANCING_ON PROCEDURAL_INSTANCING_ON SHADER_API_GLES30 SHADER_API_GLES31 SHADER_API_GLES32 UNITY_ASTC_NORMALMAP_ENCODING UNITY_COLORSPACE_GAMMA UNITY_FRAMEBUFFER_FETCH_AVAILABLE UNITY_HARDWARE_TIER1 UNITY_HARDWARE_TIER2 UNITY_HARDWARE_TIER3 UNITY_LIGHTMAP_DLDR_ENCODING UNITY_LIGHTMAP_RGBM_ENCODING UNITY_METAL_SHADOWS_USE_POINT_FILTERING UNITY_NO_DXT5nm UNITY_NO_SCREENSPACE_SHADOWS UNITY_PBS_USE_BRDF2 UNITY_PBS_USE_BRDF3 UNITY_PRETRANSFORM_TO_DISPLAY_ORIENTATION UNITY_UNIFIED_SHADER_PRECISION_MODEL UNITY_VIRTUAL_TEXTURING
Shader error in 'Krag Kings/Native Groom/NativeFurAuthored': 'floor': no matching 0 parameter intrinsic function; Possible intrinsic functions are: floor(float|half|min10float|min16float) at Assets/NativeGroom/NativeFurAuthored.shadergraph(400) (on d3d11)

Compiling Subshader: 0, Pass: ShadowCaster, Vertex program with HAIR_VERTEX_LIVE _DOUBLESIDED_ON
Platform defines: SHADER_API_DESKTOP UNITY_ENABLE_DETAIL_NORMALMAP UNITY_ENABLE_REFLECTION_BUFFERS UNITY_LIGHTMAP_FULL_HDR UNITY_LIGHT_PROBE_PROXY_VOLUME UNITY_PASS_SHADOWCASTER UNITY_PBS_USE_BRDF1 UNITY_PLATFORM_SUPPORTS_DEPTH_FETCH UNITY_SPECCUBE_BLENDING UNITY_SPECCUBE_BOX_PROJECTION UNITY_USE_DITHER_MASK_FOR_ALPHABLENDED_SHADOWS
Disabled keywords: DOTS_INSTANCING_ON HAIR_VERTEX_STATIC INSTANCING_ON PROCEDURAL_INSTANCING_ON SHADER_API_GLES30 SHADER_API_GLES31 SHADER_API_GLES32 UNITY_ASTC_NORMALMAP_ENCODING UNITY_COLORSPACE_GAMMA UNITY_FRAMEBUFFER_FETCH_AVAILABLE UNITY_HARDWARE_TIER1 UNITY_HARDWARE_TIER2 UNITY_HARDWARE_TIER3 UNITY_LIGHTMAP_DLDR_ENCODING UNITY_LIGHTMAP_RGBM_ENCODING UNITY_METAL_SHADOWS_USE_POINT_FILTERING UNITY_NO_DXT5nm UNITY_NO_SCREENSPACE_SHADOWS UNITY_PBS_USE_BRDF2 UNITY_PBS_USE_BRDF3 UNITY_PRETRANSFORM_TO_DISPLAY_ORIENTATION UNITY_UNIFIED_SHADER_PRECISION_MODEL UNITY_VIRTUAL_TEXTURING
Shader error in 'Krag Kings/Native Groom/NativeFurAuthored': syntax error: unexpected token 'point' at Assets/NativeGroom/NativeFurAuthored.shadergraph(400) (on d3d11)

Compiling Subshader: 0, Pass: ShadowCaster, Vertex program with HAIR_VERTEX_LIVE _DOUBLESIDED_ON
Platform defines: SHADER_API_DESKTOP UNITY_ENABLE_DETAIL_NORMALMAP UNITY_ENABLE_REFLECTION_BUFFERS UNITY_LIGHTMAP_FULL_HDR UNITY_LIGHT_PROBE_PROXY_VOLUME UNITY_PASS_SHADOWCASTER UNITY_PBS_USE_BRDF1 UNITY_PLATFORM_SUPPORTS_DEPTH_FETCH UNITY_SPECCUBE_BLENDING UNITY_SPECCUBE_BOX_PROJECTION UNITY_USE_DITHER_MASK_FOR_ALPHABLENDED_SHADOWS
Disabled keywords: DOTS_INSTANCING_ON HAIR_VERTEX_STATIC INSTANCING_ON PROCEDURAL_INSTANCING_ON SHADER_API_GLES30 SHADER_API_GLES31 SHADER_API_GLES32 UNITY_ASTC_NORMALMAP_ENCODING UNITY_COLORSPACE_GAMMA UNITY_FRAMEBUFFER_FETCH_AVAILABLE UNITY_HARDWARE_TIER1 UNITY_HARDWARE_TIER2 UNITY_HARDWARE_TIER3 UNITY_LIGHTMAP_DLDR_ENCODING UNITY_LIGHTMAP_RGBM_ENCODING UNITY_METAL_SHADOWS_USE_POINT_FILTERING UNITY_NO_DXT5nm UNITY_NO_SCREENSPACE_SHADOWS UNITY_PBS_USE_BRDF2 UNITY_PBS_USE_BRDF3 UNITY_PRETRANSFORM_TO_DISPLAY_ORIENTATION UNITY_UNIFIED_SHADER_PRECISION_MODEL UNITY_VIRTUAL_TEXTURING
Shader error in 'Krag Kings/Native Groom/NativeFurAuthored': syntax error: unexpected token 'point' at Assets/NativeGroom/NativeFurAuthored.shadergraph(399) (on d3d11)

Compiling Subshader: 0, Pass: ShadowCaster, Vertex program with HAIR_VERTEX_LIVE _DOUBLESIDED_ON
Platform defines: SHADER_API_DESKTOP UNITY_ENABLE_DETAIL_NORMALMAP UNITY_ENABLE_REFLECTION_BUFFERS UNITY_LIGHTMAP_FULL_HDR UNITY_LIGHT_PROBE_PROXY_VOLUME UNITY_PASS_SHADOWCASTER UNITY_PBS_USE_BRDF1 UNITY_PLATFORM_SUPPORTS_DEPTH_FETCH UNITY_SPECCUBE_BLENDING UNITY_SPECCUBE_BOX_PROJECTION UNITY_USE_DITHER_MASK_FOR_ALPHABLENDED_SHADOWS
Disabled keywords: DOTS_INSTANCING_ON HAIR_VERTEX_STATIC INSTANCING_ON PROCEDURAL_INSTANCING_ON SHADER_API_GLES30 SHADER_API_GLES31 SHADER_API_GLES32 UNITY_ASTC_NORMALMAP_ENCODING UNITY_COLORSPACE_GAMMA UNITY_FRAMEBUFFER_FETCH_AVAILABLE UNITY_HARDWARE_TIER1 UNITY_HARDWARE_TIER2 UNITY_HARDWARE_TIER3 UNITY_LIGHTMAP_DLDR_ENCODING UNITY_LIGHTMAP_RGBM_ENCODING UNITY_METAL_SHADOWS_USE_POINT_FILTERING UNITY_NO_DXT5nm UNITY_NO_SCREENSPACE_SHADOWS UNITY_PBS_USE_BRDF2 UNITY_PBS_USE_BRDF3 UNITY_PRETRANSFORM_TO_DISPLAY_ORIENTATION UNITY_UNIFIED_SHADER_PRECISION_MODEL UNITY_VIRTUAL_TEXTURING
Shader error in 'Krag Kings/Native Groom/NativeFurAuthored': 'floor': no matching 0 parameter intrinsic function; Possible intrinsic functions are: floor(float|half|min10float|min16float) at Assets/NativeGroom/NativeFurAuthored.shadergraph(400) (on d3d11)

Compiling Subshader: 0, Pass: ShadowCaster, Vertex program with HAIR_VERTEX_LIVE _DOUBLESIDED_ON
Platform defines: SHADER_API_DESKTOP UNITY_ENABLE_DETAIL_NORMALMAP UNITY_ENABLE_REFLECTION_BUFFERS UNITY_LIGHTMAP_FULL_HDR UNITY_LIGHT_PROBE_PROXY_VOLUME UNITY_PASS_SHADOWCASTER UNITY_PBS_USE_BRDF1 UNITY_PLATFORM_SUPPORTS_DEPTH_FETCH UNITY_SPECCUBE_BLENDING UNITY_SPECCUBE_BOX_PROJECTION UNITY_USE_DITHER_MASK_FOR_ALPHABLENDED_SHADOWS
Disabled keywords: DOTS_INSTANCING_ON HAIR_VERTEX_STATIC INSTANCING_ON PROCEDURAL_INSTANCING_ON SHADER_API_GLES30 SHADER_API_GLES31 SHADER_API_GLES32 UNITY_ASTC_NORMALMAP_ENCODING UNITY_COLORSPACE_GAMMA UNITY_FRAMEBUFFER_FETCH_AVAILABLE UNITY_HARDWARE_TIER1 UNITY_HARDWARE_TIER2 UNITY_HARDWARE_TIER3 UNITY_LIGHTMAP_DLDR_ENCODING UNITY_LIGHTMAP_RGBM_ENCODING UNITY_METAL_SHADOWS_USE_POINT_FILTERING UNITY_NO_DXT5nm UNITY_NO_SCREENSPACE_SHADOWS UNITY_PBS_USE_BRDF2 UNITY_PBS_USE_BRDF3 UNITY_PRETRANSFORM_TO_DISPLAY_ORIENTATION UNITY_UNIFIED_SHADER_PRECISION_MODEL UNITY_VIRTUAL_TEXTURING
Shader error in 'Krag Kings/Native Groom/NativeFurAuthored': syntax error: unexpected token 'point' at Assets/NativeGroom/NativeFurAuthored.shadergraph(400) (on d3d11)

Compiling Subshader: 0, Pass: ShadowCaster, Vertex program with HAIR_VERTEX_LIVE _DOUBLESIDED_ON
Platform defines: SHADER_API_DESKTOP UNITY_ENABLE_DETAIL_NORMALMAP UNITY_ENABLE_REFLECTION_BUFFERS UNITY_LIGHTMAP_FULL_HDR UNITY_LIGHT_PROBE_PROXY_VOLUME UNITY_PASS_SHADOWCASTER UNITY_PBS_USE_BRDF1 UNITY_PLATFORM_SUPPORTS_DEPTH_FETCH UNITY_SPECCUBE_BLENDING UNITY_SPECCUBE_BOX_PROJECTION UNITY_USE_DITHER_MASK_FOR_ALPHABLENDED_SHADOWS
Disabled keywords: DOTS_INSTANCING_ON HAIR_VERTEX_STATIC INSTANCING_ON PROCEDURAL_INSTANCING_ON SHADER_API_GLES30 SHADER_API_GLES31 SHADER_API_GLES32 UNITY_ASTC_NORMALMAP_ENCODING UNITY_COLORSPACE_GAMMA UNITY_FRAMEBUFFER_FETCH_AVAILABLE UNITY_HARDWARE_TIER1 UNITY_HARDWARE_TIER2 UNITY_HARDWARE_TIER3 UNITY_LIGHTMAP_DLDR_ENCODING UNITY_LIGHTMAP_RGBM_ENCODING UNITY_METAL_SHADOWS_USE_POINT_FILTERING UNITY_NO_DXT5nm UNITY_NO_SCREENSPACE_SHADOWS UNITY_PBS_USE_BRDF2 UNITY_PBS_USE_BRDF3 UNITY_PRETRANSFORM_TO_DISPLAY_ORIENTATION UNITY_UNIFIED_SHADER_PRECISION_MODEL UNITY_VIRTUAL_TEXTURING
Shader error in 'Krag Kings/Native Groom/NativeFurAuthored': syntax error: unexpected token 'point' at Assets/NativeGroom/NativeFurAuthored.shadergraph(399) (on d3d11)

Compiling Subshader: 0, Pass: ShadowCaster, Vertex program with HAIR_VERTEX_LIVE _DOUBLESIDED_ON
Platform defines: SHADER_API_DESKTOP UNITY_ENABLE_DETAIL_NORMALMAP UNITY_ENABLE_REFLECTION_BUFFERS UNITY_LIGHTMAP_FULL_HDR UNITY_LIGHT_PROBE_PROXY_VOLUME UNITY_PASS_SHADOWCASTER UNITY_PBS_USE_BRDF1 UNITY_PLATFORM_SUPPORTS_DEPTH_FETCH UNITY_SPECCUBE_BLENDING UNITY_SPECCUBE_BOX_PROJECTION UNITY_USE_DITHER_MASK_FOR_ALPHABLENDED_SHADOWS
Disabled keywords: DOTS_INSTANCING_ON HAIR_VERTEX_STATIC INSTANCING_ON PROCEDURAL_INSTANCING_ON SHADER_API_GLES30 SHADER_API_GLES31 SHADER_API_GLES32 UNITY_ASTC_NORMALMAP_ENCODING UNITY_COLORSPACE_GAMMA UNITY_FRAMEBUFFER_FETCH_AVAILABLE UNITY_HARDWARE_TIER1 UNITY_HARDWARE_TIER2 UNITY_HARDWARE_TIER3 UNITY_LIGHTMAP_DLDR_ENCODING UNITY_LIGHTMAP_RGBM_ENCODING UNITY_METAL_SHADOWS_USE_POINT_FILTERING UNITY_NO_DXT5nm UNITY_NO_SCREENSPACE_SHADOWS UNITY_PBS_USE_BRDF2 UNITY_PBS_USE_BRDF3 UNITY_PRETRANSFORM_TO_DISPLAY_ORIENTATION UNITY_UNIFIED_SHADER_PRECISION_MODEL UNITY_VIRTUAL_TEXTURING
Shader error in 'Krag Kings/Native Groom/NativeFurAuthored': 'floor': no matching 0 parameter intrinsic function; Possible intrinsic functions are: floor(float|half|min10float|min16float) at Assets/NativeGroom/NativeFurAuthored.shadergraph(400) (on d3d11)

Compiling Subshader: 0, Pass: ShadowCaster, Vertex program with HAIR_VERTEX_LIVE _DOUBLESIDED_ON
Platform defines: SHADER_API_DESKTOP UNITY_ENABLE_DETAIL_NORMALMAP UNITY_ENABLE_REFLECTION_BUFFERS UNITY_LIGHTMAP_FULL_HDR UNITY_LIGHT_PROBE_PROXY_VOLUME UNITY_PASS_SHADOWCASTER UNITY_PBS_USE_BRDF1 UNITY_PLATFORM_SUPPORTS_DEPTH_FETCH UNITY_SPECCUBE_BLENDING UNITY_SPECCUBE_BOX_PROJECTION UNITY_USE_DITHER_MASK_FOR_ALPHABLENDED_SHADOWS
Disabled keywords: DOTS_INSTANCING_ON HAIR_VERTEX_STATIC INSTANCING_ON PROCEDURAL_INSTANCING_ON SHADER_API_GLES30 SHADER_API_GLES31 SHADER_API_GLES32 UNITY_ASTC_NORMALMAP_ENCODING UNITY_COLORSPACE_GAMMA UNITY_FRAMEBUFFER_FETCH_AVAILABLE UNITY_HARDWARE_TIER1 UNITY_HARDWARE_TIER2 UNITY_HARDWARE_TIER3 UNITY_LIGHTMAP_DLDR_ENCODING UNITY_LIGHTMAP_RGBM_ENCODING UNITY_METAL_SHADOWS_USE_POINT_FILTERING UNITY_NO_DXT5nm UNITY_NO_SCREENSPACE_SHADOWS UNITY_PBS_USE_BRDF2 UNITY_PBS_USE_BRDF3 UNITY_PRETRANSFORM_TO_DISPLAY_ORIENTATION UNITY_UNIFIED_SHADER_PRECISION_MODEL UNITY_VIRTUAL_TEXTURING
Shader error in 'Krag Kings/Native Groom/NativeFurAuthored': syntax error: unexpected token 'point' at Assets/NativeGroom/NativeFurAuthored.shadergraph(400) (on d3d11)

Compiling Subshader: 0, Pass: ShadowCaster, Vertex program with HAIR_VERTEX_LIVE _DOUBLESIDED_ON
Platform defines: SHADER_API_DESKTOP UNITY_ENABLE_DETAIL_NORMALMAP UNITY_ENABLE_REFLECTION_BUFFERS UNITY_LIGHTMAP_FULL_HDR UNITY_LIGHT_PROBE_PROXY_VOLUME UNITY_PASS_SHADOWCASTER UNITY_PBS_USE_BRDF1 UNITY_PLATFORM_SUPPORTS_DEPTH_FETCH UNITY_SPECCUBE_BLENDING UNITY_SPECCUBE_BOX_PROJECTION UNITY_USE_DITHER_MASK_FOR_ALPHABLENDED_SHADOWS
Disabled keywords: DOTS_INSTANCING_ON HAIR_VERTEX_STATIC INSTANCING_ON PROCEDURAL_INSTANCING_ON SHADER_API_GLES30 SHADER_API_GLES31 SHADER_API_GLES32 UNITY_ASTC_NORMALMAP_ENCODING UNITY_COLORSPACE_GAMMA UNITY_FRAMEBUFFER_FETCH_AVAILABLE UNITY_HARDWARE_TIER1 UNITY_HARDWARE_TIER2 UNITY_HARDWARE_TIER3 UNITY_LIGHTMAP_DLDR_ENCODING UNITY_LIGHTMAP_RGBM_ENCODING UNITY_METAL_SHADOWS_USE_POINT_FILTERING UNITY_NO_DXT5nm UNITY_NO_SCREENSPACE_SHADOWS UNITY_PBS_USE_BRDF2 UNITY_PBS_USE_BRDF3 UNITY_PRETRANSFORM_TO_DISPLAY_ORIENTATION UNITY_UNIFIED_SHADER_PRECISION_MODEL UNITY_VIRTUAL_TEXTURING
Shader error in 'Krag Kings/Native Groom/NativeFurAuthored': syntax error: unexpected token 'point' at Assets/NativeGroom/NativeFurAuthored.shadergraph(1375) (on d3d11)

Compiling Subshader: 0, Pass: META, Vertex program with HAIR_VERTEX_LIVE _DOUBLESIDED_ON _SURFACE_TYPE_TRANSPARENT
Platform defines: SHADER_API_DESKTOP UNITY_ENABLE_DETAIL_NORMALMAP UNITY_ENABLE_REFLECTION_BUFFERS UNITY_LIGHTMAP_FULL_HDR UNITY_LIGHT_PROBE_PROXY_VOLUME UNITY_PASS_META UNITY_PBS_USE_BRDF1 UNITY_PLATFORM_SUPPORTS_DEPTH_FETCH UNITY_SPECCUBE_BLENDING UNITY_SPECCUBE_BOX_PROJECTION UNITY_USE_DITHER_MASK_FOR_ALPHABLENDED_SHADOWS
Disabled keywords: DOTS_INSTANCING_ON EDITOR_VISUALIZATION HAIR_VERTEX_STATIC INSTANCING_ON PROCEDURAL_INSTANCING_ON SHADER_API_GLES30 SHADER_API_GLES31 SHADER_API_GLES32 UNITY_ASTC_NORMALMAP_ENCODING UNITY_COLORSPACE_GAMMA UNITY_FRAMEBUFFER_FETCH_AVAILABLE UNITY_HARDWARE_TIER1 UNITY_HARDWARE_TIER2 UNITY_HARDWARE_TIER3 UNITY_LIGHTMAP_DLDR_ENCODING UNITY_LIGHTMAP_RGBM_ENCODING UNITY_METAL_SHADOWS_USE_POINT_FILTERING UNITY_NO_DXT5nm UNITY_NO_SCREENSPACE_SHADOWS UNITY_PBS_USE_BRDF2 UNITY_PBS_USE_BRDF3 UNITY_PRETRANSFORM_TO_DISPLAY_ORIENTATION UNITY_UNIFIED_SHADER_PRECISION_MODEL UNITY_VIRTUAL_TEXTURING
Shader error in 'Krag Kings/Native Groom/NativeFurAuthored': 'floor': no matching 0 parameter intrinsic function; Possible intrinsic functions are: floor(float|half|min10float|min16float) at Assets/NativeGroom/NativeFurAuthored.shadergraph(1376) (on d3d11)

Compiling Subshader: 0, Pass: META, Vertex program with HAIR_VERTEX_LIVE _DOUBLESIDED_ON _SURFACE_TYPE_TRANSPARENT
Platform defines: SHADER_API_DESKTOP UNITY_ENABLE_DETAIL_NORMALMAP UNITY_ENABLE_REFLECTION_BUFFERS UNITY_LIGHTMAP_FULL_HDR UNITY_LIGHT_PROBE_PROXY_VOLUME UNITY_PASS_META UNITY_PBS_USE_BRDF1 UNITY_PLATFORM_SUPPORTS_DEPTH_FETCH UNITY_SPECCUBE_BLENDING UNITY_SPECCUBE_BOX_PROJECTION UNITY_USE_DITHER_MASK_FOR_ALPHABLENDED_SHADOWS
Disabled keywords: DOTS_INSTANCING_ON EDITOR_VISUALIZATION HAIR_VERTEX_STATIC INSTANCING_ON PROCEDURAL_INSTANCING_ON SHADER_API_GLES30 SHADER_API_GLES31 SHADER_API_GLES32 UNITY_ASTC_NORMALMAP_ENCODING UNITY_COLORSPACE_GAMMA UNITY_FRAMEBUFFER_FETCH_AVAILABLE UNITY_HARDWARE_TIER1 UNITY_HARDWARE_TIER2 UNITY_HARDWARE_TIER3 UNITY_LIGHTMAP_DLDR_ENCODING UNITY_LIGHTMAP_RGBM_ENCODING UNITY_METAL_SHADOWS_USE_POINT_FILTERING UNITY_NO_DXT5nm UNITY_NO_SCREENSPACE_SHADOWS UNITY_PBS_USE_BRDF2 UNITY_PBS_USE_BRDF3 UNITY_PRETRANSFORM_TO_DISPLAY_ORIENTATION UNITY_UNIFIED_SHADER_PRECISION_MODEL UNITY_VIRTUAL_TEXTURING
Shader error in 'Krag Kings/Native Groom/NativeFurAuthored': syntax error: unexpected token 'point' at Assets/NativeGroom/NativeFurAuthored.shadergraph(1376) (on d3d11)

Compiling Subshader: 0, Pass: META, Vertex program with HAIR_VERTEX_LIVE _DOUBLESIDED_ON _SURFACE_TYPE_TRANSPARENT
Platform defines: SHADER_API_DESKTOP UNITY_ENABLE_DETAIL_NORMALMAP UNITY_ENABLE_REFLECTION_BUFFERS UNITY_LIGHTMAP_FULL_HDR UNITY_LIGHT_PROBE_PROXY_VOLUME UNITY_PASS_META UNITY_PBS_USE_BRDF1 UNITY_PLATFORM_SUPPORTS_DEPTH_FETCH UNITY_SPECCUBE_BLENDING UNITY_SPECCUBE_BOX_PROJECTION UNITY_USE_DITHER_MASK_FOR_ALPHABLENDED_SHADOWS
Disabled keywords: DOTS_INSTANCING_ON EDITOR_VISUALIZATION HAIR_VERTEX_STATIC INSTANCING_ON PROCEDURAL_INSTANCING_ON SHADER_API_GLES30 SHADER_API_GLES31 SHADER_API_GLES32 UNITY_ASTC_NORMALMAP_ENCODING UNITY_COLORSPACE_GAMMA UNITY_FRAMEBUFFER_FETCH_AVAILABLE UNITY_HARDWARE_TIER1 UNITY_HARDWARE_TIER2 UNITY_HARDWARE_TIER3 UNITY_LIGHTMAP_DLDR_ENCODING UNITY_LIGHTMAP_RGBM_ENCODING UNITY_METAL_SHADOWS_USE_POINT_FILTERING UNITY_NO_DXT5nm UNITY_NO_SCREENSPACE_SHADOWS UNITY_PBS_USE_BRDF2 UNITY_PBS_USE_BRDF3 UNITY_PRETRANSFORM_TO_DISPLAY_ORIENTATION UNITY_UNIFIED_SHADER_PRECISION_MODEL UNITY_VIRTUAL_TEXTURING
Shader error in 'Krag Kings/Native Groom/NativeFurAuthored': syntax error: unexpected token 'point' at Assets/NativeGroom/NativeFurAuthored.shadergraph(399) (on d3d11)

Compiling Subshader: 0, Pass: ShadowCaster, Vertex program with HAIR_VERTEX_LIVE _DOUBLESIDED_ON
Platform defines: SHADER_API_DESKTOP UNITY_ENABLE_DETAIL_NORMALMAP UNITY_ENABLE_REFLECTION_BUFFERS UNITY_LIGHTMAP_FULL_HDR UNITY_LIGHT_PROBE_PROXY_VOLUME UNITY_PASS_SHADOWCASTER UNITY_PBS_USE_BRDF1 UNITY_PLATFORM_SUPPORTS_DEPTH_FETCH UNITY_SPECCUBE_BLENDING UNITY_SPECCUBE_BOX_PROJECTION UNITY_USE_DITHER_MASK_FOR_ALPHABLENDED_SHADOWS
Disabled keywords: DOTS_INSTANCING_ON HAIR_VERTEX_STATIC INSTANCING_ON PROCEDURAL_INSTANCING_ON SHADER_API_GLES30 SHADER_API_GLES31 SHADER_API_GLES32 UNITY_ASTC_NORMALMAP_ENCODING UNITY_COLORSPACE_GAMMA UNITY_FRAMEBUFFER_FETCH_AVAILABLE UNITY_HARDWARE_TIER1 UNITY_HARDWARE_TIER2 UNITY_HARDWARE_TIER3 UNITY_LIGHTMAP_DLDR_ENCODING UNITY_LIGHTMAP_RGBM_ENCODING UNITY_METAL_SHADOWS_USE_POINT_FILTERING UNITY_NO_DXT5nm UNITY_NO_SCREENSPACE_SHADOWS UNITY_PBS_USE_BRDF2 UNITY_PBS_USE_BRDF3 UNITY_PRETRANSFORM_TO_DISPLAY_ORIENTATION UNITY_UNIFIED_SHADER_PRECISION_MODEL UNITY_VIRTUAL_TEXTURING
Shader error in 'Krag Kings/Native Groom/NativeFurAuthored': 'floor': no matching 0 parameter intrinsic function; Possible intrinsic functions are: floor(float|half|min10float|min16float) at Assets/NativeGroom/NativeFurAuthored.shadergraph(400) (on d3d11)

Compiling Subshader: 0, Pass: ShadowCaster, Vertex program with HAIR_VERTEX_LIVE _DOUBLESIDED_ON
Platform defines: SHADER_API_DESKTOP UNITY_ENABLE_DETAIL_NORMALMAP UNITY_ENABLE_REFLECTION_BUFFERS UNITY_LIGHTMAP_FULL_HDR UNITY_LIGHT_PROBE_PROXY_VOLUME UNITY_PASS_SHADOWCASTER UNITY_PBS_USE_BRDF1 UNITY_PLATFORM_SUPPORTS_DEPTH_FETCH UNITY_SPECCUBE_BLENDING UNITY_SPECCUBE_BOX_PROJECTION UNITY_USE_DITHER_MASK_FOR_ALPHABLENDED_SHADOWS
Disabled keywords: DOTS_INSTANCING_ON HAIR_VERTEX_STATIC INSTANCING_ON PROCEDURAL_INSTANCING_ON SHADER_API_GLES30 SHADER_API_GLES31 SHADER_API_GLES32 UNITY_ASTC_NORMALMAP_ENCODING UNITY_COLORSPACE_GAMMA UNITY_FRAMEBUFFER_FETCH_AVAILABLE UNITY_HARDWARE_TIER1 UNITY_HARDWARE_TIER2 UNITY_HARDWARE_TIER3 UNITY_LIGHTMAP_DLDR_ENCODING UNITY_LIGHTMAP_RGBM_ENCODING UNITY_METAL_SHADOWS_USE_POINT_FILTERING UNITY_NO_DXT5nm UNITY_NO_SCREENSPACE_SHADOWS UNITY_PBS_USE_BRDF2 UNITY_PBS_USE_BRDF3 UNITY_PRETRANSFORM_TO_DISPLAY_ORIENTATION UNITY_UNIFIED_SHADER_PRECISION_MODEL UNITY_VIRTUAL_TEXTURING
Shader error in 'Krag Kings/Native Groom/NativeFurAuthored': syntax error: unexpected token 'point' at Assets/NativeGroom/NativeFurAuthored.shadergraph(400) (on d3d11)

Compiling Subshader: 0, Pass: ShadowCaster, Vertex program with HAIR_VERTEX_LIVE _DOUBLESIDED_ON
Platform defines: SHADER_API_DESKTOP UNITY_ENABLE_DETAIL_NORMALMAP UNITY_ENABLE_REFLECTION_BUFFERS UNITY_LIGHTMAP_FULL_HDR UNITY_LIGHT_PROBE_PROXY_VOLUME UNITY_PASS_SHADOWCASTER UNITY_PBS_USE_BRDF1 UNITY_PLATFORM_SUPPORTS_DEPTH_FETCH UNITY_SPECCUBE_BLENDING UNITY_SPECCUBE_BOX_PROJECTION UNITY_USE_DITHER_MASK_FOR_ALPHABLENDED_SHADOWS
Disabled keywords: DOTS_INSTANCING_ON HAIR_VERTEX_STATIC INSTANCING_ON PROCEDURAL_INSTANCING_ON SHADER_API_GLES30 SHADER_API_GLES31 SHADER_API_GLES32 UNITY_ASTC_NORMALMAP_ENCODING UNITY_COLORSPACE_GAMMA UNITY_FRAMEBUFFER_FETCH_AVAILABLE UNITY_HARDWARE_TIER1 UNITY_HARDWARE_TIER2 UNITY_HARDWARE_TIER3 UNITY_LIGHTMAP_DLDR_ENCODING UNITY_LIGHTMAP_RGBM_ENCODING UNITY_METAL_SHADOWS_USE_POINT_FILTERING UNITY_NO_DXT5nm UNITY_NO_SCREENSPACE_SHADOWS UNITY_PBS_USE_BRDF2 UNITY_PBS_USE_BRDF3 UNITY_PRETRANSFORM_TO_DISPLAY_ORIENTATION UNITY_UNIFIED_SHADER_PRECISION_MODEL UNITY_VIRTUAL_TEXTURING
Shader error in 'Krag Kings/Native Groom/NativeFurAuthored': syntax error: unexpected token 'point' at Assets/NativeGroom/NativeFurAuthored.shadergraph(1375) (on d3d11)

Compiling Subshader: 0, Pass: META, Vertex program with HAIR_VERTEX_LIVE _DOUBLESIDED_ON _SURFACE_TYPE_TRANSPARENT
Platform defines: SHADER_API_DESKTOP UNITY_ENABLE_DETAIL_NORMALMAP UNITY_ENABLE_REFLECTION_BUFFERS UNITY_LIGHTMAP_FULL_HDR UNITY_LIGHT_PROBE_PROXY_VOLUME UNITY_PASS_META UNITY_PBS_USE_BRDF1 UNITY_PLATFORM_SUPPORTS_DEPTH_FETCH UNITY_SPECCUBE_BLENDING UNITY_SPECCUBE_BOX_PROJECTION UNITY_USE_DITHER_MASK_FOR_ALPHABLENDED_SHADOWS
Disabled keywords: DOTS_INSTANCING_ON EDITOR_VISUALIZATION HAIR_VERTEX_STATIC INSTANCING_ON PROCEDURAL_INSTANCING_ON SHADER_API_GLES30 SHADER_API_GLES31 SHADER_API_GLES32 UNITY_ASTC_NORMALMAP_ENCODING UNITY_COLORSPACE_GAMMA UNITY_FRAMEBUFFER_FETCH_AVAILABLE UNITY_HARDWARE_TIER1 UNITY_HARDWARE_TIER2 UNITY_HARDWARE_TIER3 UNITY_LIGHTMAP_DLDR_ENCODING UNITY_LIGHTMAP_RGBM_ENCODING UNITY_METAL_SHADOWS_USE_POINT_FILTERING UNITY_NO_DXT5nm UNITY_NO_SCREENSPACE_SHADOWS UNITY_PBS_USE_BRDF2 UNITY_PBS_USE_BRDF3 UNITY_PRETRANSFORM_TO_DISPLAY_ORIENTATION UNITY_UNIFIED_SHADER_PRECISION_MODEL UNITY_VIRTUAL_TEXTURING
Shader error in 'Krag Kings/Native Groom/NativeFurAuthored': 'floor': no matching 0 parameter intrinsic function; Possible intrinsic functions are: floor(float|half|min10float|min16float) at Assets/NativeGroom/NativeFurAuthored.shadergraph(1376) (on d3d11)

Compiling Subshader: 0, Pass: META, Vertex program with HAIR_VERTEX_LIVE _DOUBLESIDED_ON _SURFACE_TYPE_TRANSPARENT
Platform defines: SHADER_API_DESKTOP UNITY_ENABLE_DETAIL_NORMALMAP UNITY_ENABLE_REFLECTION_BUFFERS UNITY_LIGHTMAP_FULL_HDR UNITY_LIGHT_PROBE_PROXY_VOLUME UNITY_PASS_META UNITY_PBS_USE_BRDF1 UNITY_PLATFORM_SUPPORTS_DEPTH_FETCH UNITY_SPECCUBE_BLENDING UNITY_SPECCUBE_BOX_PROJECTION UNITY_USE_DITHER_MASK_FOR_ALPHABLENDED_SHADOWS
Disabled keywords: DOTS_INSTANCING_ON EDITOR_VISUALIZATION HAIR_VERTEX_STATIC INSTANCING_ON PROCEDURAL_INSTANCING_ON SHADER_API_GLES30 SHADER_API_GLES31 SHADER_API_GLES32 UNITY_ASTC_NORMALMAP_ENCODING UNITY_COLORSPACE_GAMMA UNITY_FRAMEBUFFER_FETCH_AVAILABLE UNITY_HARDWARE_TIER1 UNITY_HARDWARE_TIER2 UNITY_HARDWARE_TIER3 UNITY_LIGHTMAP_DLDR_ENCODING UNITY_LIGHTMAP_RGBM_ENCODING UNITY_METAL_SHADOWS_USE_POINT_FILTERING UNITY_NO_DXT5nm UNITY_NO_SCREENSPACE_SHADOWS UNITY_PBS_USE_BRDF2 UNITY_PBS_USE_BRDF3 UNITY_PRETRANSFORM_TO_DISPLAY_ORIENTATION UNITY_UNIFIED_SHADER_PRECISION_MODEL UNITY_VIRTUAL_TEXTURING
Shader error in 'Krag Kings/Native Groom/NativeFurAuthored': syntax error: unexpected token 'point' at Assets/NativeGroom/NativeFurAuthored.shadergraph(1376) (on d3d11)

Compiling Subshader: 0, Pass: META, Vertex program with HAIR_VERTEX_LIVE _DOUBLESIDED_ON _SURFACE_TYPE_TRANSPARENT
Platform defines: SHADER_API_DESKTOP UNITY_ENABLE_DETAIL_NORMALMAP UNITY_ENABLE_REFLECTION_BUFFERS UNITY_LIGHTMAP_FULL_HDR UNITY_LIGHT_PROBE_PROXY_VOLUME UNITY_PASS_META UNITY_PBS_USE_BRDF1 UNITY_PLATFORM_SUPPORTS_DEPTH_FETCH UNITY_SPECCUBE_BLENDING UNITY_SPECCUBE_BOX_PROJECTION UNITY_USE_DITHER_MASK_FOR_ALPHABLENDED_SHADOWS
Disabled keywords: DOTS_INSTANCING_ON EDITOR_VISUALIZATION HAIR_VERTEX_STATIC INSTANCING_ON PROCEDURAL_INSTANCING_ON SHADER_API_GLES30 SHADER_API_GLES31 SHADER_API_GLES32 UNITY_ASTC_NORMALMAP_ENCODING UNITY_COLORSPACE_GAMMA UNITY_FRAMEBUFFER_FETCH_AVAILABLE UNITY_HARDWARE_TIER1 UNITY_HARDWARE_TIER2 UNITY_HARDWARE_TIER3 UNITY_LIGHTMAP_DLDR_ENCODING UNITY_LIGHTMAP_RGBM_ENCODING UNITY_METAL_SHADOWS_USE_POINT_FILTERING UNITY_NO_DXT5nm UNITY_NO_SCREENSPACE_SHADOWS UNITY_PBS_USE_BRDF2 UNITY_PBS_USE_BRDF3 UNITY_PRETRANSFORM_TO_DISPLAY_ORIENTATION UNITY_UNIFIED_SHADER_PRECISION_MODEL UNITY_VIRTUAL_TEXTURING
Shader error in 'Krag Kings/Native Groom/NativeFurAuthored': syntax error: unexpected token 'point' at Assets/NativeGroom/NativeFurAuthored.shadergraph(399) (on d3d11)

Compiling Subshader: 0, Pass: ShadowCaster, Vertex program with HAIR_VERTEX_LIVE _DOUBLESIDED_ON
Platform defines: SHADER_API_DESKTOP UNITY_ENABLE_DETAIL_NORMALMAP UNITY_ENABLE_REFLECTION_BUFFERS UNITY_LIGHTMAP_FULL_HDR UNITY_LIGHT_PROBE_PROXY_VOLUME UNITY_PASS_SHADOWCASTER UNITY_PBS_USE_BRDF1 UNITY_PLATFORM_SUPPORTS_DEPTH_FETCH UNITY_SPECCUBE_BLENDING UNITY_SPECCUBE_BOX_PROJECTION UNITY_USE_DITHER_MASK_FOR_ALPHABLENDED_SHADOWS
Disabled keywords: DOTS_INSTANCING_ON HAIR_VERTEX_STATIC INSTANCING_ON PROCEDURAL_INSTANCING_ON SHADER_API_GLES30 SHADER_API_GLES31 SHADER_API_GLES32 UNITY_ASTC_NORMALMAP_ENCODING UNITY_COLORSPACE_GAMMA UNITY_FRAMEBUFFER_FETCH_AVAILABLE UNITY_HARDWARE_TIER1 UNITY_HARDWARE_TIER2 UNITY_HARDWARE_TIER3 UNITY_LIGHTMAP_DLDR_ENCODING UNITY_LIGHTMAP_RGBM_ENCODING UNITY_METAL_SHADOWS_USE_POINT_FILTERING UNITY_NO_DXT5nm UNITY_NO_SCREENSPACE_SHADOWS UNITY_PBS_USE_BRDF2 UNITY_PBS_USE_BRDF3 UNITY_PRETRANSFORM_TO_DISPLAY_ORIENTATION UNITY_UNIFIED_SHADER_PRECISION_MODEL UNITY_VIRTUAL_TEXTURING
Shader error in 'Krag Kings/Native Groom/NativeFurAuthored': 'floor': no matching 0 parameter intrinsic function; Possible intrinsic functions are: floor(float|half|min10float|min16float) at Assets/NativeGroom/NativeFurAuthored.shadergraph(400) (on d3d11)

Compiling Subshader: 0, Pass: ShadowCaster, Vertex program with HAIR_VERTEX_LIVE _DOUBLESIDED_ON
Platform defines: SHADER_API_DESKTOP UNITY_ENABLE_DETAIL_NORMALMAP UNITY_ENABLE_REFLECTION_BUFFERS UNITY_LIGHTMAP_FULL_HDR UNITY_LIGHT_PROBE_PROXY_VOLUME UNITY_PASS_SHADOWCASTER UNITY_PBS_USE_BRDF1 UNITY_PLATFORM_SUPPORTS_DEPTH_FETCH UNITY_SPECCUBE_BLENDING UNITY_SPECCUBE_BOX_PROJECTION UNITY_USE_DITHER_MASK_FOR_ALPHABLENDED_SHADOWS
Disabled keywords: DOTS_INSTANCING_ON HAIR_VERTEX_STATIC INSTANCING_ON PROCEDURAL_INSTANCING_ON SHADER_API_GLES30 SHADER_API_GLES31 SHADER_API_GLES32 UNITY_ASTC_NORMALMAP_ENCODING UNITY_COLORSPACE_GAMMA UNITY_FRAMEBUFFER_FETCH_AVAILABLE UNITY_HARDWARE_TIER1 UNITY_HARDWARE_TIER2 UNITY_HARDWARE_TIER3 UNITY_LIGHTMAP_DLDR_ENCODING UNITY_LIGHTMAP_RGBM_ENCODING UNITY_METAL_SHADOWS_USE_POINT_FILTERING UNITY_NO_DXT5nm UNITY_NO_SCREENSPACE_SHADOWS UNITY_PBS_USE_BRDF2 UNITY_PBS_USE_BRDF3 UNITY_PRETRANSFORM_TO_DISPLAY_ORIENTATION UNITY_UNIFIED_SHADER_PRECISION_MODEL UNITY_VIRTUAL_TEXTURING
Shader error in 'Krag Kings/Native Groom/NativeFurAuthored': syntax error: unexpected token 'point' at Assets/NativeGroom/NativeFurAuthored.shadergraph(400) (on d3d11)

Compiling Subshader: 0, Pass: ShadowCaster, Vertex program with HAIR_VERTEX_LIVE _DOUBLESIDED_ON
Platform defines: SHADER_API_DESKTOP UNITY_ENABLE_DETAIL_NORMALMAP UNITY_ENABLE_REFLECTION_BUFFERS UNITY_LIGHTMAP_FULL_HDR UNITY_LIGHT_PROBE_PROXY_VOLUME UNITY_PASS_SHADOWCASTER UNITY_PBS_USE_BRDF1 UNITY_PLATFORM_SUPPORTS_DEPTH_FETCH UNITY_SPECCUBE_BLENDING UNITY_SPECCUBE_BOX_PROJECTION UNITY_USE_DITHER_MASK_FOR_ALPHABLENDED_SHADOWS
Disabled keywords: DOTS_INSTANCING_ON HAIR_VERTEX_STATIC INSTANCING_ON PROCEDURAL_INSTANCING_ON SHADER_API_GLES30 SHADER_API_GLES31 SHADER_API_GLES32 UNITY_ASTC_NORMALMAP_ENCODING UNITY_COLORSPACE_GAMMA UNITY_FRAMEBUFFER_FETCH_AVAILABLE UNITY_HARDWARE_TIER1 UNITY_HARDWARE_TIER2 UNITY_HARDWARE_TIER3 UNITY_LIGHTMAP_DLDR_ENCODING UNITY_LIGHTMAP_RGBM_ENCODING UNITY_METAL_SHADOWS_USE_POINT_FILTERING UNITY_NO_DXT5nm UNITY_NO_SCREENSPACE_SHADOWS UNITY_PBS_USE_BRDF2 UNITY_PBS_USE_BRDF3 UNITY_PRETRANSFORM_TO_DISPLAY_ORIENTATION UNITY_UNIFIED_SHADER_PRECISION_MODEL UNITY_VIRTUAL_TEXTURING
Shader error in 'Krag Kings/Native Groom/NativeFurAuthored': syntax error: unexpected token 'point' at Assets/NativeGroom/NativeFurAuthored.shadergraph(1375) (on d3d11)

Compiling Subshader: 0, Pass: META, Vertex program with HAIR_VERTEX_LIVE _DOUBLESIDED_ON _SURFACE_TYPE_TRANSPARENT
Platform defines: SHADER_API_DESKTOP UNITY_ENABLE_DETAIL_NORMALMAP UNITY_ENABLE_REFLECTION_BUFFERS UNITY_LIGHTMAP_FULL_HDR UNITY_LIGHT_PROBE_PROXY_VOLUME UNITY_PASS_META UNITY_PBS_USE_BRDF1 UNITY_PLATFORM_SUPPORTS_DEPTH_FETCH UNITY_SPECCUBE_BLENDING UNITY_SPECCUBE_BOX_PROJECTION UNITY_USE_DITHER_MASK_FOR_ALPHABLENDED_SHADOWS
Disabled keywords: DOTS_INSTANCING_ON EDITOR_VISUALIZATION HAIR_VERTEX_STATIC INSTANCING_ON PROCEDURAL_INSTANCING_ON SHADER_API_GLES30 SHADER_API_GLES31 SHADER_API_GLES32 UNITY_ASTC_NORMALMAP_ENCODING UNITY_COLORSPACE_GAMMA UNITY_FRAMEBUFFER_FETCH_AVAILABLE UNITY_HARDWARE_TIER1 UNITY_HARDWARE_TIER2 UNITY_HARDWARE_TIER3 UNITY_LIGHTMAP_DLDR_ENCODING UNITY_LIGHTMAP_RGBM_ENCODING UNITY_METAL_SHADOWS_USE_POINT_FILTERING UNITY_NO_DXT5nm UNITY_NO_SCREENSPACE_SHADOWS UNITY_PBS_USE_BRDF2 UNITY_PBS_USE_BRDF3 UNITY_PRETRANSFORM_TO_DISPLAY_ORIENTATION UNITY_UNIFIED_SHADER_PRECISION_MODEL UNITY_VIRTUAL_TEXTURING
Shader error in 'Krag Kings/Native Groom/NativeFurAuthored': 'floor': no matching 0 parameter intrinsic function; Possible intrinsic functions are: floor(float|half|min10float|min16float) at Assets/NativeGroom/NativeFurAuthored.shadergraph(1376) (on d3d11)

Compiling Subshader: 0, Pass: META, Vertex program with HAIR_VERTEX_LIVE _DOUBLESIDED_ON _SURFACE_TYPE_TRANSPARENT
Platform defines: SHADER_API_DESKTOP UNITY_ENABLE_DETAIL_NORMALMAP UNITY_ENABLE_REFLECTION_BUFFERS UNITY_LIGHTMAP_FULL_HDR UNITY_LIGHT_PROBE_PROXY_VOLUME UNITY_PASS_META UNITY_PBS_USE_BRDF1 UNITY_PLATFORM_SUPPORTS_DEPTH_FETCH UNITY_SPECCUBE_BLENDING UNITY_SPECCUBE_BOX_PROJECTION UNITY_USE_DITHER_MASK_FOR_ALPHABLENDED_SHADOWS
Disabled keywords: DOTS_INSTANCING_ON EDITOR_VISUALIZATION HAIR_VERTEX_STATIC INSTANCING_ON PROCEDURAL_INSTANCING_ON SHADER_API_GLES30 SHADER_API_GLES31 SHADER_API_GLES32 UNITY_ASTC_NORMALMAP_ENCODING UNITY_COLORSPACE_GAMMA UNITY_FRAMEBUFFER_FETCH_AVAILABLE UNITY_HARDWARE_TIER1 UNITY_HARDWARE_TIER2 UNITY_HARDWARE_TIER3 UNITY_LIGHTMAP_DLDR_ENCODING UNITY_LIGHTMAP_RGBM_ENCODING UNITY_METAL_SHADOWS_USE_POINT_FILTERING UNITY_NO_DXT5nm UNITY_NO_SCREENSPACE_SHADOWS UNITY_PBS_USE_BRDF2 UNITY_PBS_USE_BRDF3 UNITY_PRETRANSFORM_TO_DISPLAY_ORIENTATION UNITY_UNIFIED_SHADER_PRECISION_MODEL UNITY_VIRTUAL_TEXTURING
Shader error in 'Krag Kings/Native Groom/NativeFurAuthored': syntax error: unexpected token 'point' at Assets/NativeGroom/NativeFurAuthored.shadergraph(1376) (on d3d11)

Compiling Subshader: 0, Pass: META, Vertex program with HAIR_VERTEX_LIVE _DOUBLESIDED_ON _SURFACE_TYPE_TRANSPARENT
Platform defines: SHADER_API_DESKTOP UNITY_ENABLE_DETAIL_NORMALMAP UNITY_ENABLE_REFLECTION_BUFFERS UNITY_LIGHTMAP_FULL_HDR UNITY_LIGHT_PROBE_PROXY_VOLUME UNITY_PASS_META UNITY_PBS_USE_BRDF1 UNITY_PLATFORM_SUPPORTS_DEPTH_FETCH UNITY_SPECCUBE_BLENDING UNITY_SPECCUBE_BOX_PROJECTION UNITY_USE_DITHER_MASK_FOR_ALPHABLENDED_SHADOWS
Disabled keywords: DOTS_INSTANCING_ON EDITOR_VISUALIZATION HAIR_VERTEX_STATIC INSTANCING_ON PROCEDURAL_INSTANCING_ON SHADER_API_GLES30 SHADER_API_GLES31 SHADER_API_GLES32 UNITY_ASTC_NORMALMAP_ENCODING UNITY_COLORSPACE_GAMMA UNITY_FRAMEBUFFER_FETCH_AVAILABLE UNITY_HARDWARE_TIER1 UNITY_HARDWARE_TIER2 UNITY_HARDWARE_TIER3 UNITY_LIGHTMAP_DLDR_ENCODING UNITY_LIGHTMAP_RGBM_ENCODING UNITY_METAL_SHADOWS_USE_POINT_FILTERING UNITY_NO_DXT5nm UNITY_NO_SCREENSPACE_SHADOWS UNITY_PBS_USE_BRDF2 UNITY_PBS_USE_BRDF3 UNITY_PRETRANSFORM_TO_DISPLAY_ORIENTATION UNITY_UNIFIED_SHADER_PRECISION_MODEL UNITY_VIRTUAL_TEXTURING
Shader error in 'Krag Kings/Native Groom/NativeFurAuthored': syntax error: unexpected token 'point' at Assets/NativeGroom/NativeFurAuthored.shadergraph(2326) (on d3d11)

Compiling Subshader: 0, Pass: ScenePickingPass, Vertex program with HAIR_VERTEX_LIVE _DOUBLESIDED_ON
Platform defines: SHADER_API_DESKTOP UNITY_ENABLE_DETAIL_NORMALMAP UNITY_ENABLE_REFLECTION_BUFFERS UNITY_LIGHTMAP_FULL_HDR UNITY_LIGHT_PROBE_PROXY_VOLUME UNITY_PBS_USE_BRDF1 UNITY_PLATFORM_SUPPORTS_DEPTH_FETCH UNITY_SPECCUBE_BLENDING UNITY_SPECCUBE_BOX_PROJECTION UNITY_USE_DITHER_MASK_FOR_ALPHABLENDED_SHADOWS
Disabled keywords: DOTS_INSTANCING_ON HAIR_VERTEX_STATIC INSTANCING_ON PROCEDURAL_INSTANCING_ON SHADER_API_GLES30 SHADER_API_GLES31 SHADER_API_GLES32 UNITY_ASTC_NORMALMAP_ENCODING UNITY_COLORSPACE_GAMMA UNITY_FRAMEBUFFER_FETCH_AVAILABLE UNITY_HARDWARE_TIER1 UNITY_HARDWARE_TIER2 UNITY_HARDWARE_TIER3 UNITY_LIGHTMAP_DLDR_ENCODING UNITY_LIGHTMAP_RGBM_ENCODING UNITY_METAL_SHADOWS_USE_POINT_FILTERING UNITY_NO_DXT5nm UNITY_NO_SCREENSPACE_SHADOWS UNITY_PBS_USE_BRDF2 UNITY_PBS_USE_BRDF3 UNITY_PRETRANSFORM_TO_DISPLAY_ORIENTATION UNITY_UNIFIED_SHADER_PRECISION_MODEL UNITY_VIRTUAL_TEXTURING
Shader error in 'Krag Kings/Native Groom/NativeFurAuthored': 'floor': no matching 0 parameter intrinsic function; Possible intrinsic functions are: floor(float|half|min10float|min16float) at Assets/NativeGroom/NativeFurAuthored.shadergraph(2327) (on d3d11)

Compiling Subshader: 0, Pass: ScenePickingPass, Vertex program with HAIR_VERTEX_LIVE _DOUBLESIDED_ON
Platform defines: SHADER_API_DESKTOP UNITY_ENABLE_DETAIL_NORMALMAP UNITY_ENABLE_REFLECTION_BUFFERS UNITY_LIGHTMAP_FULL_HDR UNITY_LIGHT_PROBE_PROXY_VOLUME UNITY_PBS_USE_BRDF1 UNITY_PLATFORM_SUPPORTS_DEPTH_FETCH UNITY_SPECCUBE_BLENDING UNITY_SPECCUBE_BOX_PROJECTION UNITY_USE_DITHER_MASK_FOR_ALPHABLENDED_SHADOWS
Disabled keywords: DOTS_INSTANCING_ON HAIR_VERTEX_STATIC INSTANCING_ON PROCEDURAL_INSTANCING_ON SHADER_API_GLES30 SHADER_API_GLES31 SHADER_API_GLES32 UNITY_ASTC_NORMALMAP_ENCODING UNITY_COLORSPACE_GAMMA UNITY_FRAMEBUFFER_FETCH_AVAILABLE UNITY_HARDWARE_TIER1 UNITY_HARDWARE_TIER2 UNITY_HARDWARE_TIER3 UNITY_LIGHTMAP_DLDR_ENCODING UNITY_LIGHTMAP_RGBM_ENCODING UNITY_METAL_SHADOWS_USE_POINT_FILTERING UNITY_NO_DXT5nm UNITY_NO_SCREENSPACE_SHADOWS UNITY_PBS_USE_BRDF2 UNITY_PBS_USE_BRDF3 UNITY_PRETRANSFORM_TO_DISPLAY_ORIENTATION UNITY_UNIFIED_SHADER_PRECISION_MODEL UNITY_VIRTUAL_TEXTURING
Shader error in 'Krag Kings/Native Groom/NativeFurAuthored': syntax error: unexpected token 'point' at Assets/NativeGroom/NativeFurAuthored.shadergraph(2327) (on d3d11)

Compiling Subshader: 0, Pass: ScenePickingPass, Vertex program with HAIR_VERTEX_LIVE _DOUBLESIDED_ON
Platform defines: SHADER_API_DESKTOP UNITY_ENABLE_DETAIL_NORMALMAP UNITY_ENABLE_REFLECTION_BUFFERS UNITY_LIGHTMAP_FULL_HDR UNITY_LIGHT_PROBE_PROXY_VOLUME UNITY_PBS_USE_BRDF1 UNITY_PLATFORM_SUPPORTS_DEPTH_FETCH UNITY_SPECCUBE_BLENDING UNITY_SPECCUBE_BOX_PROJECTION UNITY_USE_DITHER_MASK_FOR_ALPHABLENDED_SHADOWS
Disabled keywords: DOTS_INSTANCING_ON HAIR_VERTEX_STATIC INSTANCING_ON PROCEDURAL_INSTANCING_ON SHADER_API_GLES30 SHADER_API_GLES31 SHADER_API_GLES32 UNITY_ASTC_NORMALMAP_ENCODING UNITY_COLORSPACE_GAMMA UNITY_FRAMEBUFFER_FETCH_AVAILABLE UNITY_HARDWARE_TIER1 UNITY_HARDWARE_TIER2 UNITY_HARDWARE_TIER3 UNITY_LIGHTMAP_DLDR_ENCODING UNITY_LIGHTMAP_RGBM_ENCODING UNITY_METAL_SHADOWS_USE_POINT_FILTERING UNITY_NO_DXT5nm UNITY_NO_SCREENSPACE_SHADOWS UNITY_PBS_USE_BRDF2 UNITY_PBS_USE_BRDF3 UNITY_PRETRANSFORM_TO_DISPLAY_ORIENTATION UNITY_UNIFIED_SHADER_PRECISION_MODEL UNITY_VIRTUAL_TEXTURING
Shader error in 'Krag Kings/Native Groom/NativeFurAuthored': syntax error: unexpected token 'point' at Assets/NativeGroom/NativeFurAuthored.shadergraph(399) (on d3d11)

Compiling Subshader: 0, Pass: ShadowCaster, Vertex program with HAIR_VERTEX_LIVE _DOUBLESIDED_ON
Platform defines: SHADER_API_DESKTOP UNITY_ENABLE_DETAIL_NORMALMAP UNITY_ENABLE_REFLECTION_BUFFERS UNITY_LIGHTMAP_FULL_HDR UNITY_LIGHT_PROBE_PROXY_VOLUME UNITY_PASS_SHADOWCASTER UNITY_PBS_USE_BRDF1 UNITY_PLATFORM_SUPPORTS_DEPTH_FETCH UNITY_SPECCUBE_BLENDING UNITY_SPECCUBE_BOX_PROJECTION UNITY_USE_DITHER_MASK_FOR_ALPHABLENDED_SHADOWS
Disabled keywords: DOTS_INSTANCING_ON HAIR_VERTEX_STATIC INSTANCING_ON PROCEDURAL_INSTANCING_ON SHADER_API_GLES30 SHADER_API_GLES31 SHADER_API_GLES32 UNITY_ASTC_NORMALMAP_ENCODING UNITY_COLORSPACE_GAMMA UNITY_FRAMEBUFFER_FETCH_AVAILABLE UNITY_HARDWARE_TIER1 UNITY_HARDWARE_TIER2 UNITY_HARDWARE_TIER3 UNITY_LIGHTMAP_DLDR_ENCODING UNITY_LIGHTMAP_RGBM_ENCODING UNITY_METAL_SHADOWS_USE_POINT_FILTERING UNITY_NO_DXT5nm UNITY_NO_SCREENSPACE_SHADOWS UNITY_PBS_USE_BRDF2 UNITY_PBS_USE_BRDF3 UNITY_PRETRANSFORM_TO_DISPLAY_ORIENTATION UNITY_UNIFIED_SHADER_PRECISION_MODEL UNITY_VIRTUAL_TEXTURING
Shader error in 'Krag Kings/Native Groom/NativeFurAuthored': 'floor': no matching 0 parameter intrinsic function; Possible intrinsic functions are: floor(float|half|min10float|min16float) at Assets/NativeGroom/NativeFurAuthored.shadergraph(400) (on d3d11)

Compiling Subshader: 0, Pass: ShadowCaster, Vertex program with HAIR_VERTEX_LIVE _DOUBLESIDED_ON
Platform defines: SHADER_API_DESKTOP UNITY_ENABLE_DETAIL_NORMALMAP UNITY_ENABLE_REFLECTION_BUFFERS UNITY_LIGHTMAP_FULL_HDR UNITY_LIGHT_PROBE_PROXY_VOLUME UNITY_PASS_SHADOWCASTER UNITY_PBS_USE_BRDF1 UNITY_PLATFORM_SUPPORTS_DEPTH_FETCH UNITY_SPECCUBE_BLENDING UNITY_SPECCUBE_BOX_PROJECTION UNITY_USE_DITHER_MASK_FOR_ALPHABLENDED_SHADOWS
Disabled keywords: DOTS_INSTANCING_ON HAIR_VERTEX_STATIC INSTANCING_ON PROCEDURAL_INSTANCING_ON SHADER_API_GLES30 SHADER_API_GLES31 SHADER_API_GLES32 UNITY_ASTC_NORMALMAP_ENCODING UNITY_COLORSPACE_GAMMA UNITY_FRAMEBUFFER_FETCH_AVAILABLE UNITY_HARDWARE_TIER1 UNITY_HARDWARE_TIER2 UNITY_HARDWARE_TIER3 UNITY_LIGHTMAP_DLDR_ENCODING UNITY_LIGHTMAP_RGBM_ENCODING UNITY_METAL_SHADOWS_USE_POINT_FILTERING UNITY_NO_DXT5nm UNITY_NO_SCREENSPACE_SHADOWS UNITY_PBS_USE_BRDF2 UNITY_PBS_USE_BRDF3 UNITY_PRETRANSFORM_TO_DISPLAY_ORIENTATION UNITY_UNIFIED_SHADER_PRECISION_MODEL UNITY_VIRTUAL_TEXTURING
Shader error in 'Krag Kings/Native Groom/NativeFurAuthored': syntax error: unexpected token 'point' at Assets/NativeGroom/NativeFurAuthored.shadergraph(400) (on d3d11)

Compiling Subshader: 0, Pass: ShadowCaster, Vertex program with HAIR_VERTEX_LIVE _DOUBLESIDED_ON
Platform defines: SHADER_API_DESKTOP UNITY_ENABLE_DETAIL_NORMALMAP UNITY_ENABLE_REFLECTION_BUFFERS UNITY_LIGHTMAP_FULL_HDR UNITY_LIGHT_PROBE_PROXY_VOLUME UNITY_PASS_SHADOWCASTER UNITY_PBS_USE_BRDF1 UNITY_PLATFORM_SUPPORTS_DEPTH_FETCH UNITY_SPECCUBE_BLENDING UNITY_SPECCUBE_BOX_PROJECTION UNITY_USE_DITHER_MASK_FOR_ALPHABLENDED_SHADOWS
Disabled keywords: DOTS_INSTANCING_ON HAIR_VERTEX_STATIC INSTANCING_ON PROCEDURAL_INSTANCING_ON SHADER_API_GLES30 SHADER_API_GLES31 SHADER_API_GLES32 UNITY_ASTC_NORMALMAP_ENCODING UNITY_COLORSPACE_GAMMA UNITY_FRAMEBUFFER_FETCH_AVAILABLE UNITY_HARDWARE_TIER1 UNITY_HARDWARE_TIER2 UNITY_HARDWARE_TIER3 UNITY_LIGHTMAP_DLDR_ENCODING UNITY_LIGHTMAP_RGBM_ENCODING UNITY_METAL_SHADOWS_USE_POINT_FILTERING UNITY_NO_DXT5nm UNITY_NO_SCREENSPACE_SHADOWS UNITY_PBS_USE_BRDF2 UNITY_PBS_USE_BRDF3 UNITY_PRETRANSFORM_TO_DISPLAY_ORIENTATION UNITY_UNIFIED_SHADER_PRECISION_MODEL UNITY_VIRTUAL_TEXTURING
Shader error in 'Krag Kings/Native Groom/NativeFurAuthored': syntax error: unexpected token 'point' at Assets/NativeGroom/NativeFurAuthored.shadergraph(1375) (on d3d11)

Compiling Subshader: 0, Pass: META, Vertex program with HAIR_VERTEX_LIVE _DOUBLESIDED_ON _SURFACE_TYPE_TRANSPARENT
Platform defines: SHADER_API_DESKTOP UNITY_ENABLE_DETAIL_NORMALMAP UNITY_ENABLE_REFLECTION_BUFFERS UNITY_LIGHTMAP_FULL_HDR UNITY_LIGHT_PROBE_PROXY_VOLUME UNITY_PASS_META UNITY_PBS_USE_BRDF1 UNITY_PLATFORM_SUPPORTS_DEPTH_FETCH UNITY_SPECCUBE_BLENDING UNITY_SPECCUBE_BOX_PROJECTION UNITY_USE_DITHER_MASK_FOR_ALPHABLENDED_SHADOWS
Disabled keywords: DOTS_INSTANCING_ON EDITOR_VISUALIZATION HAIR_VERTEX_STATIC INSTANCING_ON PROCEDURAL_INSTANCING_ON SHADER_API_GLES30 SHADER_API_GLES31 SHADER_API_GLES32 UNITY_ASTC_NORMALMAP_ENCODING UNITY_COLORSPACE_GAMMA UNITY_FRAMEBUFFER_FETCH_AVAILABLE UNITY_HARDWARE_TIER1 UNITY_HARDWARE_TIER2 UNITY_HARDWARE_TIER3 UNITY_LIGHTMAP_DLDR_ENCODING UNITY_LIGHTMAP_RGBM_ENCODING UNITY_METAL_SHADOWS_USE_POINT_FILTERING UNITY_NO_DXT5nm UNITY_NO_SCREENSPACE_SHADOWS UNITY_PBS_USE_BRDF2 UNITY_PBS_USE_BRDF3 UNITY_PRETRANSFORM_TO_DISPLAY_ORIENTATION UNITY_UNIFIED_SHADER_PRECISION_MODEL UNITY_VIRTUAL_TEXTURING
Shader error in 'Krag Kings/Native Groom/NativeFurAuthored': 'floor': no matching 0 parameter intrinsic function; Possible intrinsic functions are: floor(float|half|min10float|min16float) at Assets/NativeGroom/NativeFurAuthored.shadergraph(1376) (on d3d11)

Compiling Subshader: 0, Pass: META, Vertex program with HAIR_VERTEX_LIVE _DOUBLESIDED_ON _SURFACE_TYPE_TRANSPARENT
Platform defines: SHADER_API_DESKTOP UNITY_ENABLE_DETAIL_NORMALMAP UNITY_ENABLE_REFLECTION_BUFFERS UNITY_LIGHTMAP_FULL_HDR UNITY_LIGHT_PROBE_PROXY_VOLUME UNITY_PASS_META UNITY_PBS_USE_BRDF1 UNITY_PLATFORM_SUPPORTS_DEPTH_FETCH UNITY_SPECCUBE_BLENDING UNITY_SPECCUBE_BOX_PROJECTION UNITY_USE_DITHER_MASK_FOR_ALPHABLENDED_SHADOWS
Disabled keywords: DOTS_INSTANCING_ON EDITOR_VISUALIZATION HAIR_VERTEX_STATIC INSTANCING_ON PROCEDURAL_INSTANCING_ON SHADER_API_GLES30 SHADER_API_GLES31 SHADER_API_GLES32 UNITY_ASTC_NORMALMAP_ENCODING UNITY_COLORSPACE_GAMMA UNITY_FRAMEBUFFER_FETCH_AVAILABLE UNITY_HARDWARE_TIER1 UNITY_HARDWARE_TIER2 UNITY_HARDWARE_TIER3 UNITY_LIGHTMAP_DLDR_ENCODING UNITY_LIGHTMAP_RGBM_ENCODING UNITY_METAL_SHADOWS_USE_POINT_FILTERING UNITY_NO_DXT5nm UNITY_NO_SCREENSPACE_SHADOWS UNITY_PBS_USE_BRDF2 UNITY_PBS_USE_BRDF3 UNITY_PRETRANSFORM_TO_DISPLAY_ORIENTATION UNITY_UNIFIED_SHADER_PRECISION_MODEL UNITY_VIRTUAL_TEXTURING
Shader error in 'Krag Kings/Native Groom/NativeFurAuthored': syntax error: unexpected token 'point' at Assets/NativeGroom/NativeFurAuthored.shadergraph(1376) (on d3d11)

Compiling Subshader: 0, Pass: META, Vertex program with HAIR_VERTEX_LIVE _DOUBLESIDED_ON _SURFACE_TYPE_TRANSPARENT
Platform defines: SHADER_API_DESKTOP UNITY_ENABLE_DETAIL_NORMALMAP UNITY_ENABLE_REFLECTION_BUFFERS UNITY_LIGHTMAP_FULL_HDR UNITY_LIGHT_PROBE_PROXY_VOLUME UNITY_PASS_META UNITY_PBS_USE_BRDF1 UNITY_PLATFORM_SUPPORTS_DEPTH_FETCH UNITY_SPECCUBE_BLENDING UNITY_SPECCUBE_BOX_PROJECTION UNITY_USE_DITHER_MASK_FOR_ALPHABLENDED_SHADOWS
Disabled keywords: DOTS_INSTANCING_ON EDITOR_VISUALIZATION HAIR_VERTEX_STATIC INSTANCING_ON PROCEDURAL_INSTANCING_ON SHADER_API_GLES30 SHADER_API_GLES31 SHADER_API_GLES32 UNITY_ASTC_NORMALMAP_ENCODING UNITY_COLORSPACE_GAMMA UNITY_FRAMEBUFFER_FETCH_AVAILABLE UNITY_HARDWARE_TIER1 UNITY_HARDWARE_TIER2 UNITY_HARDWARE_TIER3 UNITY_LIGHTMAP_DLDR_ENCODING UNITY_LIGHTMAP_RGBM_ENCODING UNITY_METAL_SHADOWS_USE_POINT_FILTERING UNITY_NO_DXT5nm UNITY_NO_SCREENSPACE_SHADOWS UNITY_PBS_USE_BRDF2 UNITY_PBS_USE_BRDF3 UNITY_PRETRANSFORM_TO_DISPLAY_ORIENTATION UNITY_UNIFIED_SHADER_PRECISION_MODEL UNITY_VIRTUAL_TEXTURING
Shader error in 'Krag Kings/Native Groom/NativeFurAuthored': syntax error: unexpected token 'point' at Assets/NativeGroom/NativeFurAuthored.shadergraph(2326) (on d3d11)

Compiling Subshader: 0, Pass: ScenePickingPass, Vertex program with HAIR_VERTEX_LIVE _DOUBLESIDED_ON
Platform defines: SHADER_API_DESKTOP UNITY_ENABLE_DETAIL_NORMALMAP UNITY_ENABLE_REFLECTION_BUFFERS UNITY_LIGHTMAP_FULL_HDR UNITY_LIGHT_PROBE_PROXY_VOLUME UNITY_PBS_USE_BRDF1 UNITY_PLATFORM_SUPPORTS_DEPTH_FETCH UNITY_SPECCUBE_BLENDING UNITY_SPECCUBE_BOX_PROJECTION UNITY_USE_DITHER_MASK_FOR_ALPHABLENDED_SHADOWS
Disabled keywords: DOTS_INSTANCING_ON HAIR_VERTEX_STATIC INSTANCING_ON PROCEDURAL_INSTANCING_ON SHADER_API_GLES30 SHADER_API_GLES31 SHADER_API_GLES32 UNITY_ASTC_NORMALMAP_ENCODING UNITY_COLORSPACE_GAMMA UNITY_FRAMEBUFFER_FETCH_AVAILABLE UNITY_HARDWARE_TIER1 UNITY_HARDWARE_TIER2 UNITY_HARDWARE_TIER3 UNITY_LIGHTMAP_DLDR_ENCODING UNITY_LIGHTMAP_RGBM_ENCODING UNITY_METAL_SHADOWS_USE_POINT_FILTERING UNITY_NO_DXT5nm UNITY_NO_SCREENSPACE_SHADOWS UNITY_PBS_USE_BRDF2 UNITY_PBS_USE_BRDF3 UNITY_PRETRANSFORM_TO_DISPLAY_ORIENTATION UNITY_UNIFIED_SHADER_PRECISION_MODEL UNITY_VIRTUAL_TEXTURING
Shader error in 'Krag Kings/Native Groom/NativeFurAuthored': 'floor': no matching 0 parameter intrinsic function; Possible intrinsic functions are: floor(float|half|min10float|min16float) at Assets/NativeGroom/NativeFurAuthored.shadergraph(2327) (on d3d11)

Compiling Subshader: 0, Pass: ScenePickingPass, Vertex program with HAIR_VERTEX_LIVE _DOUBLESIDED_ON
Platform defines: SHADER_API_DESKTOP UNITY_ENABLE_DETAIL_NORMALMAP UNITY_ENABLE_REFLECTION_BUFFERS UNITY_LIGHTMAP_FULL_HDR UNITY_LIGHT_PROBE_PROXY_VOLUME UNITY_PBS_USE_BRDF1 UNITY_PLATFORM_SUPPORTS_DEPTH_FETCH UNITY_SPECCUBE_BLENDING UNITY_SPECCUBE_BOX_PROJECTION UNITY_USE_DITHER_MASK_FOR_ALPHABLENDED_SHADOWS
Disabled keywords: DOTS_INSTANCING_ON HAIR_VERTEX_STATIC INSTANCING_ON PROCEDURAL_INSTANCING_ON SHADER_API_GLES30 SHADER_API_GLES31 SHADER_API_GLES32 UNITY_ASTC_NORMALMAP_ENCODING UNITY_COLORSPACE_GAMMA UNITY_FRAMEBUFFER_FETCH_AVAILABLE UNITY_HARDWARE_TIER1 UNITY_HARDWARE_TIER2 UNITY_HARDWARE_TIER3 UNITY_LIGHTMAP_DLDR_ENCODING UNITY_LIGHTMAP_RGBM_ENCODING UNITY_METAL_SHADOWS_USE_POINT_FILTERING UNITY_NO_DXT5nm UNITY_NO_SCREENSPACE_SHADOWS UNITY_PBS_USE_BRDF2 UNITY_PBS_USE_BRDF3 UNITY_PRETRANSFORM_TO_DISPLAY_ORIENTATION UNITY_UNIFIED_SHADER_PRECISION_MODEL UNITY_VIRTUAL_TEXTURING
Shader error in 'Krag Kings/Native Groom/NativeFurAuthored': syntax error: unexpected token 'point' at Assets/NativeGroom/NativeFurAuthored.shadergraph(2327) (on d3d11)

Compiling Subshader: 0, Pass: ScenePickingPass, Vertex program with HAIR_VERTEX_LIVE _DOUBLESIDED_ON
Platform defines: SHADER_API_DESKTOP UNITY_ENABLE_DETAIL_NORMALMAP UNITY_ENABLE_REFLECTION_BUFFERS UNITY_LIGHTMAP_FULL_HDR UNITY_LIGHT_PROBE_PROXY_VOLUME UNITY_PBS_USE_BRDF1 UNITY_PLATFORM_SUPPORTS_DEPTH_FETCH UNITY_SPECCUBE_BLENDING UNITY_SPECCUBE_BOX_PROJECTION UNITY_USE_DITHER_MASK_FOR_ALPHABLENDED_SHADOWS
Disabled keywords: DOTS_INSTANCING_ON HAIR_VERTEX_STATIC INSTANCING_ON PROCEDURAL_INSTANCING_ON SHADER_API_GLES30 SHADER_API_GLES31 SHADER_API_GLES32 UNITY_ASTC_NORMALMAP_ENCODING UNITY_COLORSPACE_GAMMA UNITY_FRAMEBUFFER_FETCH_AVAILABLE UNITY_HARDWARE_TIER1 UNITY_HARDWARE_TIER2 UNITY_HARDWARE_TIER3 UNITY_LIGHTMAP_DLDR_ENCODING UNITY_LIGHTMAP_RGBM_ENCODING UNITY_METAL_SHADOWS_USE_POINT_FILTERING UNITY_NO_DXT5nm UNITY_NO_SCREENSPACE_SHADOWS UNITY_PBS_USE_BRDF2 UNITY_PBS_USE_BRDF3 UNITY_PRETRANSFORM_TO_DISPLAY_ORIENTATION UNITY_UNIFIED_SHADER_PRECISION_MODEL UNITY_VIRTUAL_TEXTURING
Shader error in 'Krag Kings/Native Groom/NativeFurAuthored': syntax error: unexpected token 'point' at Assets/NativeGroom/NativeFurAuthored.shadergraph(399) (on d3d11)

Compiling Subshader: 0, Pass: ShadowCaster, Vertex program with HAIR_VERTEX_LIVE _DOUBLESIDED_ON
Platform defines: SHADER_API_DESKTOP UNITY_ENABLE_DETAIL_NORMALMAP UNITY_ENABLE_REFLECTION_BUFFERS UNITY_LIGHTMAP_FULL_HDR UNITY_LIGHT_PROBE_PROXY_VOLUME UNITY_PASS_SHADOWCASTER UNITY_PBS_USE_BRDF1 UNITY_PLATFORM_SUPPORTS_DEPTH_FETCH UNITY_SPECCUBE_BLENDING UNITY_SPECCUBE_BOX_PROJECTION UNITY_USE_DITHER_MASK_FOR_ALPHABLENDED_SHADOWS
Disabled keywords: DOTS_INSTANCING_ON HAIR_VERTEX_STATIC INSTANCING_ON PROCEDURAL_INSTANCING_ON SHADER_API_GLES30 SHADER_API_GLES31 SHADER_API_GLES32 UNITY_ASTC_NORMALMAP_ENCODING UNITY_COLORSPACE_GAMMA UNITY_FRAMEBUFFER_FETCH_AVAILABLE UNITY_HARDWARE_TIER1 UNITY_HARDWARE_TIER2 UNITY_HARDWARE_TIER3 UNITY_LIGHTMAP_DLDR_ENCODING UNITY_LIGHTMAP_RGBM_ENCODING UNITY_METAL_SHADOWS_USE_POINT_FILTERING UNITY_NO_DXT5nm UNITY_NO_SCREENSPACE_SHADOWS UNITY_PBS_USE_BRDF2 UNITY_PBS_USE_BRDF3 UNITY_PRETRANSFORM_TO_DISPLAY_ORIENTATION UNITY_UNIFIED_SHADER_PRECISION_MODEL UNITY_VIRTUAL_TEXTURING
Shader error in 'Krag Kings/Native Groom/NativeFurAuthored': 'floor': no matching 0 parameter intrinsic function; Possible intrinsic functions are: floor(float|half|min10float|min16float) at Assets/NativeGroom/NativeFurAuthored.shadergraph(400) (on d3d11)

Compiling Subshader: 0, Pass: ShadowCaster, Vertex program with HAIR_VERTEX_LIVE _DOUBLESIDED_ON
Platform defines: SHADER_API_DESKTOP UNITY_ENABLE_DETAIL_NORMALMAP UNITY_ENABLE_REFLECTION_BUFFERS UNITY_LIGHTMAP_FULL_HDR UNITY_LIGHT_PROBE_PROXY_VOLUME UNITY_PASS_SHADOWCASTER UNITY_PBS_USE_BRDF1 UNITY_PLATFORM_SUPPORTS_DEPTH_FETCH UNITY_SPECCUBE_BLENDING UNITY_SPECCUBE_BOX_PROJECTION UNITY_USE_DITHER_MASK_FOR_ALPHABLENDED_SHADOWS
Disabled keywords: DOTS_INSTANCING_ON HAIR_VERTEX_STATIC INSTANCING_ON PROCEDURAL_INSTANCING_ON SHADER_API_GLES30 SHADER_API_GLES31 SHADER_API_GLES32 UNITY_ASTC_NORMALMAP_ENCODING UNITY_COLORSPACE_GAMMA UNITY_FRAMEBUFFER_FETCH_AVAILABLE UNITY_HARDWARE_TIER1 UNITY_HARDWARE_TIER2 UNITY_HARDWARE_TIER3 UNITY_LIGHTMAP_DLDR_ENCODING UNITY_LIGHTMAP_RGBM_ENCODING UNITY_METAL_SHADOWS_USE_POINT_FILTERING UNITY_NO_DXT5nm UNITY_NO_SCREENSPACE_SHADOWS UNITY_PBS_USE_BRDF2 UNITY_PBS_USE_BRDF3 UNITY_PRETRANSFORM_TO_DISPLAY_ORIENTATION UNITY_UNIFIED_SHADER_PRECISION_MODEL UNITY_VIRTUAL_TEXTURING
Shader error in 'Krag Kings/Native Groom/NativeFurAuthored': syntax error: unexpected token 'point' at Assets/NativeGroom/NativeFurAuthored.shadergraph(400) (on d3d11)

Compiling Subshader: 0, Pass: ShadowCaster, Vertex program with HAIR_VERTEX_LIVE _DOUBLESIDED_ON
Platform defines: SHADER_API_DESKTOP UNITY_ENABLE_DETAIL_NORMALMAP UNITY_ENABLE_REFLECTION_BUFFERS UNITY_LIGHTMAP_FULL_HDR UNITY_LIGHT_PROBE_PROXY_VOLUME UNITY_PASS_SHADOWCASTER UNITY_PBS_USE_BRDF1 UNITY_PLATFORM_SUPPORTS_DEPTH_FETCH UNITY_SPECCUBE_BLENDING UNITY_SPECCUBE_BOX_PROJECTION UNITY_USE_DITHER_MASK_FOR_ALPHABLENDED_SHADOWS
Disabled keywords: DOTS_INSTANCING_ON HAIR_VERTEX_STATIC INSTANCING_ON PROCEDURAL_INSTANCING_ON SHADER_API_GLES30 SHADER_API_GLES31 SHADER_API_GLES32 UNITY_ASTC_NORMALMAP_ENCODING UNITY_COLORSPACE_GAMMA UNITY_FRAMEBUFFER_FETCH_AVAILABLE UNITY_HARDWARE_TIER1 UNITY_HARDWARE_TIER2 UNITY_HARDWARE_TIER3 UNITY_LIGHTMAP_DLDR_ENCODING UNITY_LIGHTMAP_RGBM_ENCODING UNITY_METAL_SHADOWS_USE_POINT_FILTERING UNITY_NO_DXT5nm UNITY_NO_SCREENSPACE_SHADOWS UNITY_PBS_USE_BRDF2 UNITY_PBS_USE_BRDF3 UNITY_PRETRANSFORM_TO_DISPLAY_ORIENTATION UNITY_UNIFIED_SHADER_PRECISION_MODEL UNITY_VIRTUAL_TEXTURING
Shader error in 'Krag Kings/Native Groom/NativeFurAuthored': syntax error: unexpected token 'point' at Assets/NativeGroom/NativeFurAuthored.shadergraph(1375) (on d3d11)

Compiling Subshader: 0, Pass: META, Vertex program with HAIR_VERTEX_LIVE _DOUBLESIDED_ON _SURFACE_TYPE_TRANSPARENT
Platform defines: SHADER_API_DESKTOP UNITY_ENABLE_DETAIL_NORMALMAP UNITY_ENABLE_REFLECTION_BUFFERS UNITY_LIGHTMAP_FULL_HDR UNITY_LIGHT_PROBE_PROXY_VOLUME UNITY_PASS_META UNITY_PBS_USE_BRDF1 UNITY_PLATFORM_SUPPORTS_DEPTH_FETCH UNITY_SPECCUBE_BLENDING UNITY_SPECCUBE_BOX_PROJECTION UNITY_USE_DITHER_MASK_FOR_ALPHABLENDED_SHADOWS
Disabled keywords: DOTS_INSTANCING_ON EDITOR_VISUALIZATION HAIR_VERTEX_STATIC INSTANCING_ON PROCEDURAL_INSTANCING_ON SHADER_API_GLES30 SHADER_API_GLES31 SHADER_API_GLES32 UNITY_ASTC_NORMALMAP_ENCODING UNITY_COLORSPACE_GAMMA UNITY_FRAMEBUFFER_FETCH_AVAILABLE UNITY_HARDWARE_TIER1 UNITY_HARDWARE_TIER2 UNITY_HARDWARE_TIER3 UNITY_LIGHTMAP_DLDR_ENCODING UNITY_LIGHTMAP_RGBM_ENCODING UNITY_METAL_SHADOWS_USE_POINT_FILTERING UNITY_NO_DXT5nm UNITY_NO_SCREENSPACE_SHADOWS UNITY_PBS_USE_BRDF2 UNITY_PBS_USE_BRDF3 UNITY_PRETRANSFORM_TO_DISPLAY_ORIENTATION UNITY_UNIFIED_SHADER_PRECISION_MODEL UNITY_VIRTUAL_TEXTURING
Shader error in 'Krag Kings/Native Groom/NativeFurAuthored': 'floor': no matching 0 parameter intrinsic function; Possible intrinsic functions are: floor(float|half|min10float|min16float) at Assets/NativeGroom/NativeFurAuthored.shadergraph(1376) (on d3d11)

Compiling Subshader: 0, Pass: META, Vertex program with HAIR_VERTEX_LIVE _DOUBLESIDED_ON _SURFACE_TYPE_TRANSPARENT
Platform defines: SHADER_API_DESKTOP UNITY_ENABLE_DETAIL_NORMALMAP UNITY_ENABLE_REFLECTION_BUFFERS UNITY_LIGHTMAP_FULL_HDR UNITY_LIGHT_PROBE_PROXY_VOLUME UNITY_PASS_META UNITY_PBS_USE_BRDF1 UNITY_PLATFORM_SUPPORTS_DEPTH_FETCH UNITY_SPECCUBE_BLENDING UNITY_SPECCUBE_BOX_PROJECTION UNITY_USE_DITHER_MASK_FOR_ALPHABLENDED_SHADOWS
Disabled keywords: DOTS_INSTANCING_ON EDITOR_VISUALIZATION HAIR_VERTEX_STATIC INSTANCING_ON PROCEDURAL_INSTANCING_ON SHADER_API_GLES30 SHADER_API_GLES31 SHADER_API_GLES32 UNITY_ASTC_NORMALMAP_ENCODING UNITY_COLORSPACE_GAMMA UNITY_FRAMEBUFFER_FETCH_AVAILABLE UNITY_HARDWARE_TIER1 UNITY_HARDWARE_TIER2 UNITY_HARDWARE_TIER3 UNITY_LIGHTMAP_DLDR_ENCODING UNITY_LIGHTMAP_RGBM_ENCODING UNITY_METAL_SHADOWS_USE_POINT_FILTERING UNITY_NO_DXT5nm UNITY_NO_SCREENSPACE_SHADOWS UNITY_PBS_USE_BRDF2 UNITY_PBS_USE_BRDF3 UNITY_PRETRANSFORM_TO_DISPLAY_ORIENTATION UNITY_UNIFIED_SHADER_PRECISION_MODEL UNITY_VIRTUAL_TEXTURING
Shader error in 'Krag Kings/Native Groom/NativeFurAuthored': syntax error: unexpected token 'point' at Assets/NativeGroom/NativeFurAuthored.shadergraph(1376) (on d3d11)

Compiling Subshader: 0, Pass: META, Vertex program with HAIR_VERTEX_LIVE _DOUBLESIDED_ON _SURFACE_TYPE_TRANSPARENT
Platform defines: SHADER_API_DESKTOP UNITY_ENABLE_DETAIL_NORMALMAP UNITY_ENABLE_REFLECTION_BUFFERS UNITY_LIGHTMAP_FULL_HDR UNITY_LIGHT_PROBE_PROXY_VOLUME UNITY_PASS_META UNITY_PBS_USE_BRDF1 UNITY_PLATFORM_SUPPORTS_DEPTH_FETCH UNITY_SPECCUBE_BLENDING UNITY_SPECCUBE_BOX_PROJECTION UNITY_USE_DITHER_MASK_FOR_ALPHABLENDED_SHADOWS
Disabled keywords: DOTS_INSTANCING_ON EDITOR_VISUALIZATION HAIR_VERTEX_STATIC INSTANCING_ON PROCEDURAL_INSTANCING_ON SHADER_API_GLES30 SHADER_API_GLES31 SHADER_API_GLES32 UNITY_ASTC_NORMALMAP_ENCODING UNITY_COLORSPACE_GAMMA UNITY_FRAMEBUFFER_FETCH_AVAILABLE UNITY_HARDWARE_TIER1 UNITY_HARDWARE_TIER2 UNITY_HARDWARE_TIER3 UNITY_LIGHTMAP_DLDR_ENCODING UNITY_LIGHTMAP_RGBM_ENCODING UNITY_METAL_SHADOWS_USE_POINT_FILTERING UNITY_NO_DXT5nm UNITY_NO_SCREENSPACE_SHADOWS UNITY_PBS_USE_BRDF2 UNITY_PBS_USE_BRDF3 UNITY_PRETRANSFORM_TO_DISPLAY_ORIENTATION UNITY_UNIFIED_SHADER_PRECISION_MODEL UNITY_VIRTUAL_TEXTURING
Shader error in 'Krag Kings/Native Groom/NativeFurAuthored': syntax error: unexpected token 'point' at Assets/NativeGroom/NativeFurAuthored.shadergraph(2326) (on d3d11)

Compiling Subshader: 0, Pass: ScenePickingPass, Vertex program with HAIR_VERTEX_LIVE _DOUBLESIDED_ON
Platform defines: SHADER_API_DESKTOP UNITY_ENABLE_DETAIL_NORMALMAP UNITY_ENABLE_REFLECTION_BUFFERS UNITY_LIGHTMAP_FULL_HDR UNITY_LIGHT_PROBE_PROXY_VOLUME UNITY_PBS_USE_BRDF1 UNITY_PLATFORM_SUPPORTS_DEPTH_FETCH UNITY_SPECCUBE_BLENDING UNITY_SPECCUBE_BOX_PROJECTION UNITY_USE_DITHER_MASK_FOR_ALPHABLENDED_SHADOWS
Disabled keywords: DOTS_INSTANCING_ON HAIR_VERTEX_STATIC INSTANCING_ON PROCEDURAL_INSTANCING_ON SHADER_API_GLES30 SHADER_API_GLES31 SHADER_API_GLES32 UNITY_ASTC_NORMALMAP_ENCODING UNITY_COLORSPACE_GAMMA UNITY_FRAMEBUFFER_FETCH_AVAILABLE UNITY_HARDWARE_TIER1 UNITY_HARDWARE_TIER2 UNITY_HARDWARE_TIER3 UNITY_LIGHTMAP_DLDR_ENCODING UNITY_LIGHTMAP_RGBM_ENCODING UNITY_METAL_SHADOWS_USE_POINT_FILTERING UNITY_NO_DXT5nm UNITY_NO_SCREENSPACE_SHADOWS UNITY_PBS_USE_BRDF2 UNITY_PBS_USE_BRDF3 UNITY_PRETRANSFORM_TO_DISPLAY_ORIENTATION UNITY_UNIFIED_SHADER_PRECISION_MODEL UNITY_VIRTUAL_TEXTURING
Shader error in 'Krag Kings/Native Groom/NativeFurAuthored': 'floor': no matching 0 parameter intrinsic function; Possible intrinsic functions are: floor(float|half|min10float|min16float) at Assets/NativeGroom/NativeFurAuthored.shadergraph(2327) (on d3d11)

Compiling Subshader: 0, Pass: ScenePickingPass, Vertex program with HAIR_VERTEX_LIVE _DOUBLESIDED_ON
Platform defines: SHADER_API_DESKTOP UNITY_ENABLE_DETAIL_NORMALMAP UNITY_ENABLE_REFLECTION_BUFFERS UNITY_LIGHTMAP_FULL_HDR UNITY_LIGHT_PROBE_PROXY_VOLUME UNITY_PBS_USE_BRDF1 UNITY_PLATFORM_SUPPORTS_DEPTH_FETCH UNITY_SPECCUBE_BLENDING UNITY_SPECCUBE_BOX_PROJECTION UNITY_USE_DITHER_MASK_FOR_ALPHABLENDED_SHADOWS
Disabled keywords: DOTS_INSTANCING_ON HAIR_VERTEX_STATIC INSTANCING_ON PROCEDURAL_INSTANCING_ON SHADER_API_GLES30 SHADER_API_GLES31 SHADER_API_GLES32 UNITY_ASTC_NORMALMAP_ENCODING UNITY_COLORSPACE_GAMMA UNITY_FRAMEBUFFER_FETCH_AVAILABLE UNITY_HARDWARE_TIER1 UNITY_HARDWARE_TIER2 UNITY_HARDWARE_TIER3 UNITY_LIGHTMAP_DLDR_ENCODING UNITY_LIGHTMAP_RGBM_ENCODING UNITY_METAL_SHADOWS_USE_POINT_FILTERING UNITY_NO_DXT5nm UNITY_NO_SCREENSPACE_SHADOWS UNITY_PBS_USE_BRDF2 UNITY_PBS_USE_BRDF3 UNITY_PRETRANSFORM_TO_DISPLAY_ORIENTATION UNITY_UNIFIED_SHADER_PRECISION_MODEL UNITY_VIRTUAL_TEXTURING
Shader error in 'Krag Kings/Native Groom/NativeFurAuthored': syntax error: unexpected token 'point' at Assets/NativeGroom/NativeFurAuthored.shadergraph(2327) (on d3d11)

Compiling Subshader: 0, Pass: ScenePickingPass, Vertex program with HAIR_VERTEX_LIVE _DOUBLESIDED_ON
Platform defines: SHADER_API_DESKTOP UNITY_ENABLE_DETAIL_NORMALMAP UNITY_ENABLE_REFLECTION_BUFFERS UNITY_LIGHTMAP_FULL_HDR UNITY_LIGHT_PROBE_PROXY_VOLUME UNITY_PBS_USE_BRDF1 UNITY_PLATFORM_SUPPORTS_DEPTH_FETCH UNITY_SPECCUBE_BLENDING UNITY_SPECCUBE_BOX_PROJECTION UNITY_USE_DITHER_MASK_FOR_ALPHABLENDED_SHADOWS
Disabled keywords: DOTS_INSTANCING_ON HAIR_VERTEX_STATIC INSTANCING_ON PROCEDURAL_INSTANCING_ON SHADER_API_GLES30 SHADER_API_GLES31 SHADER_API_GLES32 UNITY_ASTC_NORMALMAP_ENCODING UNITY_COLORSPACE_GAMMA UNITY_FRAMEBUFFER_FETCH_AVAILABLE UNITY_HARDWARE_TIER1 UNITY_HARDWARE_TIER2 UNITY_HARDWARE_TIER3 UNITY_LIGHTMAP_DLDR_ENCODING UNITY_LIGHTMAP_RGBM_ENCODING UNITY_METAL_SHADOWS_USE_POINT_FILTERING UNITY_NO_DXT5nm UNITY_NO_SCREENSPACE_SHADOWS UNITY_PBS_USE_BRDF2 UNITY_PBS_USE_BRDF3 UNITY_PRETRANSFORM_TO_DISPLAY_ORIENTATION UNITY_UNIFIED_SHADER_PRECISION_MODEL UNITY_VIRTUAL_TEXTURING
Shader error in 'Krag Kings/Native Groom/NativeFurAuthored': syntax error: unexpected token 'point' at Assets/NativeGroom/NativeFurAuthored.shadergraph(3310) (on d3d11)

Compiling Subshader: 0, Pass: SceneSelectionPass, Vertex program with HAIR_VERTEX_LIVE _DOUBLESIDED_ON
Platform defines: SHADER_API_DESKTOP UNITY_ENABLE_DETAIL_NORMALMAP UNITY_ENABLE_REFLECTION_BUFFERS UNITY_LIGHTMAP_FULL_HDR UNITY_LIGHT_PROBE_PROXY_VOLUME UNITY_PBS_USE_BRDF1 UNITY_PLATFORM_SUPPORTS_DEPTH_FETCH UNITY_SPECCUBE_BLENDING UNITY_SPECCUBE_BOX_PROJECTION UNITY_USE_DITHER_MASK_FOR_ALPHABLENDED_SHADOWS
Disabled keywords: DOTS_INSTANCING_ON HAIR_VERTEX_STATIC INSTANCING_ON PROCEDURAL_INSTANCING_ON SHADER_API_GLES30 SHADER_API_GLES31 SHADER_API_GLES32 UNITY_ASTC_NORMALMAP_ENCODING UNITY_COLORSPACE_GAMMA UNITY_FRAMEBUFFER_FETCH_AVAILABLE UNITY_HARDWARE_TIER1 UNITY_HARDWARE_TIER2 UNITY_HARDWARE_TIER3 UNITY_LIGHTMAP_DLDR_ENCODING UNITY_LIGHTMAP_RGBM_ENCODING UNITY_METAL_SHADOWS_USE_POINT_FILTERING UNITY_NO_DXT5nm UNITY_NO_SCREENSPACE_SHADOWS UNITY_PBS_USE_BRDF2 UNITY_PBS_USE_BRDF3 UNITY_PRETRANSFORM_TO_DISPLAY_ORIENTATION UNITY_UNIFIED_SHADER_PRECISION_MODEL UNITY_VIRTUAL_TEXTURING
Shader error in 'Krag Kings/Native Groom/NativeFurAuthored': 'floor': no matching 0 parameter intrinsic function; Possible intrinsic functions are: floor(float|half|min10float|min16float) at Assets/NativeGroom/NativeFurAuthored.shadergraph(3311) (on d3d11)

Compiling Subshader: 0, Pass: SceneSelectionPass, Vertex program with HAIR_VERTEX_LIVE _DOUBLESIDED_ON
Platform defines: SHADER_API_DESKTOP UNITY_ENABLE_DETAIL_NORMALMAP UNITY_ENABLE_REFLECTION_BUFFERS UNITY_LIGHTMAP_FULL_HDR UNITY_LIGHT_PROBE_PROXY_VOLUME UNITY_PBS_USE_BRDF1 UNITY_PLATFORM_SUPPORTS_DEPTH_FETCH UNITY_SPECCUBE_BLENDING UNITY_SPECCUBE_BOX_PROJECTION UNITY_USE_DITHER_MASK_FOR_ALPHABLENDED_SHADOWS
Disabled keywords: DOTS_INSTANCING_ON HAIR_VERTEX_STATIC INSTANCING_ON PROCEDURAL_INSTANCING_ON SHADER_API_GLES30 SHADER_API_GLES31 SHADER_API_GLES32 UNITY_ASTC_NORMALMAP_ENCODING UNITY_COLORSPACE_GAMMA UNITY_FRAMEBUFFER_FETCH_AVAILABLE UNITY_HARDWARE_TIER1 UNITY_HARDWARE_TIER2 UNITY_HARDWARE_TIER3 UNITY_LIGHTMAP_DLDR_ENCODING UNITY_LIGHTMAP_RGBM_ENCODING UNITY_METAL_SHADOWS_USE_POINT_FILTERING UNITY_NO_DXT5nm UNITY_NO_SCREENSPACE_SHADOWS UNITY_PBS_USE_BRDF2 UNITY_PBS_USE_BRDF3 UNITY_PRETRANSFORM_TO_DISPLAY_ORIENTATION UNITY_UNIFIED_SHADER_PRECISION_MODEL UNITY_VIRTUAL_TEXTURING
Shader error in 'Krag Kings/Native Groom/NativeFurAuthored': syntax error: unexpected token 'point' at Assets/NativeGroom/NativeFurAuthored.shadergraph(3311) (on d3d11)

Compiling Subshader: 0, Pass: SceneSelectionPass, Vertex program with HAIR_VERTEX_LIVE _DOUBLESIDED_ON
Platform defines: SHADER_API_DESKTOP UNITY_ENABLE_DETAIL_NORMALMAP UNITY_ENABLE_REFLECTION_BUFFERS UNITY_LIGHTMAP_FULL_HDR UNITY_LIGHT_PROBE_PROXY_VOLUME UNITY_PBS_USE_BRDF1 UNITY_PLATFORM_SUPPORTS_DEPTH_FETCH UNITY_SPECCUBE_BLENDING UNITY_SPECCUBE_BOX_PROJECTION UNITY_USE_DITHER_MASK_FOR_ALPHABLENDED_SHADOWS
Disabled keywords: DOTS_INSTANCING_ON HAIR_VERTEX_STATIC INSTANCING_ON PROCEDURAL_INSTANCING_ON SHADER_API_GLES30 SHADER_API_GLES31 SHADER_API_GLES32 UNITY_ASTC_NORMALMAP_ENCODING UNITY_COLORSPACE_GAMMA UNITY_FRAMEBUFFER_FETCH_AVAILABLE UNITY_HARDWARE_TIER1 UNITY_HARDWARE_TIER2 UNITY_HARDWARE_TIER3 UNITY_LIGHTMAP_DLDR_ENCODING UNITY_LIGHTMAP_RGBM_ENCODING UNITY_METAL_SHADOWS_USE_POINT_FILTERING UNITY_NO_DXT5nm UNITY_NO_SCREENSPACE_SHADOWS UNITY_PBS_USE_BRDF2 UNITY_PBS_USE_BRDF3 UNITY_PRETRANSFORM_TO_DISPLAY_ORIENTATION UNITY_UNIFIED_SHADER_PRECISION_MODEL UNITY_VIRTUAL_TEXTURING
Shader error in 'Krag Kings/Native Groom/NativeFurAuthored': syntax error: unexpected token 'point' at Assets/NativeGroom/NativeFurAuthored.shadergraph(399) (on d3d11)

Compiling Subshader: 0, Pass: ShadowCaster, Vertex program with HAIR_VERTEX_LIVE _DOUBLESIDED_ON
Platform defines: SHADER_API_DESKTOP UNITY_ENABLE_DETAIL_NORMALMAP UNITY_ENABLE_REFLECTION_BUFFERS UNITY_LIGHTMAP_FULL_HDR UNITY_LIGHT_PROBE_PROXY_VOLUME UNITY_PASS_SHADOWCASTER UNITY_PBS_USE_BRDF1 UNITY_PLATFORM_SUPPORTS_DEPTH_FETCH UNITY_SPECCUBE_BLENDING UNITY_SPECCUBE_BOX_PROJECTION UNITY_USE_DITHER_MASK_FOR_ALPHABLENDED_SHADOWS
Disabled keywords: DOTS_INSTANCING_ON HAIR_VERTEX_STATIC INSTANCING_ON PROCEDURAL_INSTANCING_ON SHADER_API_GLES30 SHADER_API_GLES31 SHADER_API_GLES32 UNITY_ASTC_NORMALMAP_ENCODING UNITY_COLORSPACE_GAMMA UNITY_FRAMEBUFFER_FETCH_AVAILABLE UNITY_HARDWARE_TIER1 UNITY_HARDWARE_TIER2 UNITY_HARDWARE_TIER3 UNITY_LIGHTMAP_DLDR_ENCODING UNITY_LIGHTMAP_RGBM_ENCODING UNITY_METAL_SHADOWS_USE_POINT_FILTERING UNITY_NO_DXT5nm UNITY_NO_SCREENSPACE_SHADOWS UNITY_PBS_USE_BRDF2 UNITY_PBS_USE_BRDF3 UNITY_PRETRANSFORM_TO_DISPLAY_ORIENTATION UNITY_UNIFIED_SHADER_PRECISION_MODEL UNITY_VIRTUAL_TEXTURING
Shader error in 'Krag Kings/Native Groom/NativeFurAuthored': 'floor': no matching 0 parameter intrinsic function; Possible intrinsic functions are: floor(float|half|min10float|min16float) at Assets/NativeGroom/NativeFurAuthored.shadergraph(400) (on d3d11)

Compiling Subshader: 0, Pass: ShadowCaster, Vertex program with HAIR_VERTEX_LIVE _DOUBLESIDED_ON
Platform defines: SHADER_API_DESKTOP UNITY_ENABLE_DETAIL_NORMALMAP UNITY_ENABLE_REFLECTION_BUFFERS UNITY_LIGHTMAP_FULL_HDR UNITY_LIGHT_PROBE_PROXY_VOLUME UNITY_PASS_SHADOWCASTER UNITY_PBS_USE_BRDF1 UNITY_PLATFORM_SUPPORTS_DEPTH_FETCH UNITY_SPECCUBE_BLENDING UNITY_SPECCUBE_BOX_PROJECTION UNITY_USE_DITHER_MASK_FOR_ALPHABLENDED_SHADOWS
Disabled keywords: DOTS_INSTANCING_ON HAIR_VERTEX_STATIC INSTANCING_ON PROCEDURAL_INSTANCING_ON SHADER_API_GLES30 SHADER_API_GLES31 SHADER_API_GLES32 UNITY_ASTC_NORMALMAP_ENCODING UNITY_COLORSPACE_GAMMA UNITY_FRAMEBUFFER_FETCH_AVAILABLE UNITY_HARDWARE_TIER1 UNITY_HARDWARE_TIER2 UNITY_HARDWARE_TIER3 UNITY_LIGHTMAP_DLDR_ENCODING UNITY_LIGHTMAP_RGBM_ENCODING UNITY_METAL_SHADOWS_USE_POINT_FILTERING UNITY_NO_DXT5nm UNITY_NO_SCREENSPACE_SHADOWS UNITY_PBS_USE_BRDF2 UNITY_PBS_USE_BRDF3 UNITY_PRETRANSFORM_TO_DISPLAY_ORIENTATION UNITY_UNIFIED_SHADER_PRECISION_MODEL UNITY_VIRTUAL_TEXTURING
Shader error in 'Krag Kings/Native Groom/NativeFurAuthored': syntax error: unexpected token 'point' at Assets/NativeGroom/NativeFurAuthored.shadergraph(400) (on d3d11)

Compiling Subshader: 0, Pass: ShadowCaster, Vertex program with HAIR_VERTEX_LIVE _DOUBLESIDED_ON
Platform defines: SHADER_API_DESKTOP UNITY_ENABLE_DETAIL_NORMALMAP UNITY_ENABLE_REFLECTION_BUFFERS UNITY_LIGHTMAP_FULL_HDR UNITY_LIGHT_PROBE_PROXY_VOLUME UNITY_PASS_SHADOWCASTER UNITY_PBS_USE_BRDF1 UNITY_PLATFORM_SUPPORTS_DEPTH_FETCH UNITY_SPECCUBE_BLENDING UNITY_SPECCUBE_BOX_PROJECTION UNITY_USE_DITHER_MASK_FOR_ALPHABLENDED_SHADOWS
Disabled keywords: DOTS_INSTANCING_ON HAIR_VERTEX_STATIC INSTANCING_ON PROCEDURAL_INSTANCING_ON SHADER_API_GLES30 SHADER_API_GLES31 SHADER_API_GLES32 UNITY_ASTC_NORMALMAP_ENCODING UNITY_COLORSPACE_GAMMA UNITY_FRAMEBUFFER_FETCH_AVAILABLE UNITY_HARDWARE_TIER1 UNITY_HARDWARE_TIER2 UNITY_HARDWARE_TIER3 UNITY_LIGHTMAP_DLDR_ENCODING UNITY_LIGHTMAP_RGBM_ENCODING UNITY_METAL_SHADOWS_USE_POINT_FILTERING UNITY_NO_DXT5nm UNITY_NO_SCREENSPACE_SHADOWS UNITY_PBS_USE_BRDF2 UNITY_PBS_USE_BRDF3 UNITY_PRETRANSFORM_TO_DISPLAY_ORIENTATION UNITY_UNIFIED_SHADER_PRECISION_MODEL UNITY_VIRTUAL_TEXTURING
Shader error in 'Krag Kings/Native Groom/NativeFurAuthored': syntax error: unexpected token 'point' at Assets/NativeGroom/NativeFurAuthored.shadergraph(1375) (on d3d11)

Compiling Subshader: 0, Pass: META, Vertex program with HAIR_VERTEX_LIVE _DOUBLESIDED_ON _SURFACE_TYPE_TRANSPARENT
Platform defines: SHADER_API_DESKTOP UNITY_ENABLE_DETAIL_NORMALMAP UNITY_ENABLE_REFLECTION_BUFFERS UNITY_LIGHTMAP_FULL_HDR UNITY_LIGHT_PROBE_PROXY_VOLUME UNITY_PASS_META UNITY_PBS_USE_BRDF1 UNITY_PLATFORM_SUPPORTS_DEPTH_FETCH UNITY_SPECCUBE_BLENDING UNITY_SPECCUBE_BOX_PROJECTION UNITY_USE_DITHER_MASK_FOR_ALPHABLENDED_SHADOWS
Disabled keywords: DOTS_INSTANCING_ON EDITOR_VISUALIZATION HAIR_VERTEX_STATIC INSTANCING_ON PROCEDURAL_INSTANCING_ON SHADER_API_GLES30 SHADER_API_GLES31 SHADER_API_GLES32 UNITY_ASTC_NORMALMAP_ENCODING UNITY_COLORSPACE_GAMMA UNITY_FRAMEBUFFER_FETCH_AVAILABLE UNITY_HARDWARE_TIER1 UNITY_HARDWARE_TIER2 UNITY_HARDWARE_TIER3 UNITY_LIGHTMAP_DLDR_ENCODING UNITY_LIGHTMAP_RGBM_ENCODING UNITY_METAL_SHADOWS_USE_POINT_FILTERING UNITY_NO_DXT5nm UNITY_NO_SCREENSPACE_SHADOWS UNITY_PBS_USE_BRDF2 UNITY_PBS_USE_BRDF3 UNITY_PRETRANSFORM_TO_DISPLAY_ORIENTATION UNITY_UNIFIED_SHADER_PRECISION_MODEL UNITY_VIRTUAL_TEXTURING
Shader error in 'Krag Kings/Native Groom/NativeFurAuthored': 'floor': no matching 0 parameter intrinsic function; Possible intrinsic functions are: floor(float|half|min10float|min16float) at Assets/NativeGroom/NativeFurAuthored.shadergraph(1376) (on d3d11)

Compiling Subshader: 0, Pass: META, Vertex program with HAIR_VERTEX_LIVE _DOUBLESIDED_ON _SURFACE_TYPE_TRANSPARENT
Platform defines: SHADER_API_DESKTOP UNITY_ENABLE_DETAIL_NORMALMAP UNITY_ENABLE_REFLECTION_BUFFERS UNITY_LIGHTMAP_FULL_HDR UNITY_LIGHT_PROBE_PROXY_VOLUME UNITY_PASS_META UNITY_PBS_USE_BRDF1 UNITY_PLATFORM_SUPPORTS_DEPTH_FETCH UNITY_SPECCUBE_BLENDING UNITY_SPECCUBE_BOX_PROJECTION UNITY_USE_DITHER_MASK_FOR_ALPHABLENDED_SHADOWS
Disabled keywords: DOTS_INSTANCING_ON EDITOR_VISUALIZATION HAIR_VERTEX_STATIC INSTANCING_ON PROCEDURAL_INSTANCING_ON SHADER_API_GLES30 SHADER_API_GLES31 SHADER_API_GLES32 UNITY_ASTC_NORMALMAP_ENCODING UNITY_COLORSPACE_GAMMA UNITY_FRAMEBUFFER_FETCH_AVAILABLE UNITY_HARDWARE_TIER1 UNITY_HARDWARE_TIER2 UNITY_HARDWARE_TIER3 UNITY_LIGHTMAP_DLDR_ENCODING UNITY_LIGHTMAP_RGBM_ENCODING UNITY_METAL_SHADOWS_USE_POINT_FILTERING UNITY_NO_DXT5nm UNITY_NO_SCREENSPACE_SHADOWS UNITY_PBS_USE_BRDF2 UNITY_PBS_USE_BRDF3 UNITY_PRETRANSFORM_TO_DISPLAY_ORIENTATION UNITY_UNIFIED_SHADER_PRECISION_MODEL UNITY_VIRTUAL_TEXTURING
Shader error in 'Krag Kings/Native Groom/NativeFurAuthored': syntax error: unexpected token 'point' at Assets/NativeGroom/NativeFurAuthored.shadergraph(1376) (on d3d11)

Compiling Subshader: 0, Pass: META, Vertex program with HAIR_VERTEX_LIVE _DOUBLESIDED_ON _SURFACE_TYPE_TRANSPARENT
Platform defines: SHADER_API_DESKTOP UNITY_ENABLE_DETAIL_NORMALMAP UNITY_ENABLE_REFLECTION_BUFFERS UNITY_LIGHTMAP_FULL_HDR UNITY_LIGHT_PROBE_PROXY_VOLUME UNITY_PASS_META UNITY_PBS_USE_BRDF1 UNITY_PLATFORM_SUPPORTS_DEPTH_FETCH UNITY_SPECCUBE_BLENDING UNITY_SPECCUBE_BOX_PROJECTION UNITY_USE_DITHER_MASK_FOR_ALPHABLENDED_SHADOWS
Disabled keywords: DOTS_INSTANCING_ON EDITOR_VISUALIZATION HAIR_VERTEX_STATIC INSTANCING_ON PROCEDURAL_INSTANCING_ON SHADER_API_GLES30 SHADER_API_GLES31 SHADER_API_GLES32 UNITY_ASTC_NORMALMAP_ENCODING UNITY_COLORSPACE_GAMMA UNITY_FRAMEBUFFER_FETCH_AVAILABLE UNITY_HARDWARE_TIER1 UNITY_HARDWARE_TIER2 UNITY_HARDWARE_TIER3 UNITY_LIGHTMAP_DLDR_ENCODING UNITY_LIGHTMAP_RGBM_ENCODING UNITY_METAL_SHADOWS_USE_POINT_FILTERING UNITY_NO_DXT5nm UNITY_NO_SCREENSPACE_SHADOWS UNITY_PBS_USE_BRDF2 UNITY_PBS_USE_BRDF3 UNITY_PRETRANSFORM_TO_DISPLAY_ORIENTATION UNITY_UNIFIED_SHADER_PRECISION_MODEL UNITY_VIRTUAL_TEXTURING
Shader error in 'Krag Kings/Native Groom/NativeFurAuthored': syntax error: unexpected token 'point' at Assets/NativeGroom/NativeFurAuthored.shadergraph(2326) (on d3d11)

Compiling Subshader: 0, Pass: ScenePickingPass, Vertex program with HAIR_VERTEX_LIVE _DOUBLESIDED_ON
Platform defines: SHADER_API_DESKTOP UNITY_ENABLE_DETAIL_NORMALMAP UNITY_ENABLE_REFLECTION_BUFFERS UNITY_LIGHTMAP_FULL_HDR UNITY_LIGHT_PROBE_PROXY_VOLUME UNITY_PBS_USE_BRDF1 UNITY_PLATFORM_SUPPORTS_DEPTH_FETCH UNITY_SPECCUBE_BLENDING UNITY_SPECCUBE_BOX_PROJECTION UNITY_USE_DITHER_MASK_FOR_ALPHABLENDED_SHADOWS
Disabled keywords: DOTS_INSTANCING_ON HAIR_VERTEX_STATIC INSTANCING_ON PROCEDURAL_INSTANCING_ON SHADER_API_GLES30 SHADER_API_GLES31 SHADER_API_GLES32 UNITY_ASTC_NORMALMAP_ENCODING UNITY_COLORSPACE_GAMMA UNITY_FRAMEBUFFER_FETCH_AVAILABLE UNITY_HARDWARE_TIER1 UNITY_HARDWARE_TIER2 UNITY_HARDWARE_TIER3 UNITY_LIGHTMAP_DLDR_ENCODING UNITY_LIGHTMAP_RGBM_ENCODING UNITY_METAL_SHADOWS_USE_POINT_FILTERING UNITY_NO_DXT5nm UNITY_NO_SCREENSPACE_SHADOWS UNITY_PBS_USE_BRDF2 UNITY_PBS_USE_BRDF3 UNITY_PRETRANSFORM_TO_DISPLAY_ORIENTATION UNITY_UNIFIED_SHADER_PRECISION_MODEL UNITY_VIRTUAL_TEXTURING
Shader error in 'Krag Kings/Native Groom/NativeFurAuthored': 'floor': no matching 0 parameter intrinsic function; Possible intrinsic functions are: floor(float|half|min10float|min16float) at Assets/NativeGroom/NativeFurAuthored.shadergraph(2327) (on d3d11)

Compiling Subshader: 0, Pass: ScenePickingPass, Vertex program with HAIR_VERTEX_LIVE _DOUBLESIDED_ON
Platform defines: SHADER_API_DESKTOP UNITY_ENABLE_DETAIL_NORMALMAP UNITY_ENABLE_REFLECTION_BUFFERS UNITY_LIGHTMAP_FULL_HDR UNITY_LIGHT_PROBE_PROXY_VOLUME UNITY_PBS_USE_BRDF1 UNITY_PLATFORM_SUPPORTS_DEPTH_FETCH UNITY_SPECCUBE_BLENDING UNITY_SPECCUBE_BOX_PROJECTION UNITY_USE_DITHER_MASK_FOR_ALPHABLENDED_SHADOWS
Disabled keywords: DOTS_INSTANCING_ON HAIR_VERTEX_STATIC INSTANCING_ON PROCEDURAL_INSTANCING_ON SHADER_API_GLES30 SHADER_API_GLES31 SHADER_API_GLES32 UNITY_ASTC_NORMALMAP_ENCODING UNITY_COLORSPACE_GAMMA UNITY_FRAMEBUFFER_FETCH_AVAILABLE UNITY_HARDWARE_TIER1 UNITY_HARDWARE_TIER2 UNITY_HARDWARE_TIER3 UNITY_LIGHTMAP_DLDR_ENCODING UNITY_LIGHTMAP_RGBM_ENCODING UNITY_METAL_SHADOWS_USE_POINT_FILTERING UNITY_NO_DXT5nm UNITY_NO_SCREENSPACE_SHADOWS UNITY_PBS_USE_BRDF2 UNITY_PBS_USE_BRDF3 UNITY_PRETRANSFORM_TO_DISPLAY_ORIENTATION UNITY_UNIFIED_SHADER_PRECISION_MODEL UNITY_VIRTUAL_TEXTURING
Shader error in 'Krag Kings/Native Groom/NativeFurAuthored': syntax error: unexpected token 'point' at Assets/NativeGroom/NativeFurAuthored.shadergraph(2327) (on d3d11)

Compiling Subshader: 0, Pass: ScenePickingPass, Vertex program with HAIR_VERTEX_LIVE _DOUBLESIDED_ON
Platform defines: SHADER_API_DESKTOP UNITY_ENABLE_DETAIL_NORMALMAP UNITY_ENABLE_REFLECTION_BUFFERS UNITY_LIGHTMAP_FULL_HDR UNITY_LIGHT_PROBE_PROXY_VOLUME UNITY_PBS_USE_BRDF1 UNITY_PLATFORM_SUPPORTS_DEPTH_FETCH UNITY_SPECCUBE_BLENDING UNITY_SPECCUBE_BOX_PROJECTION UNITY_USE_DITHER_MASK_FOR_ALPHABLENDED_SHADOWS
Disabled keywords: DOTS_INSTANCING_ON HAIR_VERTEX_STATIC INSTANCING_ON PROCEDURAL_INSTANCING_ON SHADER_API_GLES30 SHADER_API_GLES31 SHADER_API_GLES32 UNITY_ASTC_NORMALMAP_ENCODING UNITY_COLORSPACE_GAMMA UNITY_FRAMEBUFFER_FETCH_AVAILABLE UNITY_HARDWARE_TIER1 UNITY_HARDWARE_TIER2 UNITY_HARDWARE_TIER3 UNITY_LIGHTMAP_DLDR_ENCODING UNITY_LIGHTMAP_RGBM_ENCODING UNITY_METAL_SHADOWS_USE_POINT_FILTERING UNITY_NO_DXT5nm UNITY_NO_SCREENSPACE_SHADOWS UNITY_PBS_USE_BRDF2 UNITY_PBS_USE_BRDF3 UNITY_PRETRANSFORM_TO_DISPLAY_ORIENTATION UNITY_UNIFIED_SHADER_PRECISION_MODEL UNITY_VIRTUAL_TEXTURING
Shader error in 'Krag Kings/Native Groom/NativeFurAuthored': syntax error: unexpected token 'point' at Assets/NativeGroom/NativeFurAuthored.shadergraph(3310) (on d3d11)

Compiling Subshader: 0, Pass: SceneSelectionPass, Vertex program with HAIR_VERTEX_LIVE _DOUBLESIDED_ON
Platform defines: SHADER_API_DESKTOP UNITY_ENABLE_DETAIL_NORMALMAP UNITY_ENABLE_REFLECTION_BUFFERS UNITY_LIGHTMAP_FULL_HDR UNITY_LIGHT_PROBE_PROXY_VOLUME UNITY_PBS_USE_BRDF1 UNITY_PLATFORM_SUPPORTS_DEPTH_FETCH UNITY_SPECCUBE_BLENDING UNITY_SPECCUBE_BOX_PROJECTION UNITY_USE_DITHER_MASK_FOR_ALPHABLENDED_SHADOWS
Disabled keywords: DOTS_INSTANCING_ON HAIR_VERTEX_STATIC INSTANCING_ON PROCEDURAL_INSTANCING_ON SHADER_API_GLES30 SHADER_API_GLES31 SHADER_API_GLES32 UNITY_ASTC_NORMALMAP_ENCODING UNITY_COLORSPACE_GAMMA UNITY_FRAMEBUFFER_FETCH_AVAILABLE UNITY_HARDWARE_TIER1 UNITY_HARDWARE_TIER2 UNITY_HARDWARE_TIER3 UNITY_LIGHTMAP_DLDR_ENCODING UNITY_LIGHTMAP_RGBM_ENCODING UNITY_METAL_SHADOWS_USE_POINT_FILTERING UNITY_NO_DXT5nm UNITY_NO_SCREENSPACE_SHADOWS UNITY_PBS_USE_BRDF2 UNITY_PBS_USE_BRDF3 UNITY_PRETRANSFORM_TO_DISPLAY_ORIENTATION UNITY_UNIFIED_SHADER_PRECISION_MODEL UNITY_VIRTUAL_TEXTURING
Shader error in 'Krag Kings/Native Groom/NativeFurAuthored': 'floor': no matching 0 parameter intrinsic function; Possible intrinsic functions are: floor(float|half|min10float|min16float) at Assets/NativeGroom/NativeFurAuthored.shadergraph(3311) (on d3d11)

Compiling Subshader: 0, Pass: SceneSelectionPass, Vertex program with HAIR_VERTEX_LIVE _DOUBLESIDED_ON
Platform defines: SHADER_API_DESKTOP UNITY_ENABLE_DETAIL_NORMALMAP UNITY_ENABLE_REFLECTION_BUFFERS UNITY_LIGHTMAP_FULL_HDR UNITY_LIGHT_PROBE_PROXY_VOLUME UNITY_PBS_USE_BRDF1 UNITY_PLATFORM_SUPPORTS_DEPTH_FETCH UNITY_SPECCUBE_BLENDING UNITY_SPECCUBE_BOX_PROJECTION UNITY_USE_DITHER_MASK_FOR_ALPHABLENDED_SHADOWS
Disabled keywords: DOTS_INSTANCING_ON HAIR_VERTEX_STATIC INSTANCING_ON PROCEDURAL_INSTANCING_ON SHADER_API_GLES30 SHADER_API_GLES31 SHADER_API_GLES32 UNITY_ASTC_NORMALMAP_ENCODING UNITY_COLORSPACE_GAMMA UNITY_FRAMEBUFFER_FETCH_AVAILABLE UNITY_HARDWARE_TIER1 UNITY_HARDWARE_TIER2 UNITY_HARDWARE_TIER3 UNITY_LIGHTMAP_DLDR_ENCODING UNITY_LIGHTMAP_RGBM_ENCODING UNITY_METAL_SHADOWS_USE_POINT_FILTERING UNITY_NO_DXT5nm UNITY_NO_SCREENSPACE_SHADOWS UNITY_PBS_USE_BRDF2 UNITY_PBS_USE_BRDF3 UNITY_PRETRANSFORM_TO_DISPLAY_ORIENTATION UNITY_UNIFIED_SHADER_PRECISION_MODEL UNITY_VIRTUAL_TEXTURING
Shader error in 'Krag Kings/Native Groom/NativeFurAuthored': syntax error: unexpected token 'point' at Assets/NativeGroom/NativeFurAuthored.shadergraph(3311) (on d3d11)

Compiling Subshader: 0, Pass: SceneSelectionPass, Vertex program with HAIR_VERTEX_LIVE _DOUBLESIDED_ON
Platform defines: SHADER_API_DESKTOP UNITY_ENABLE_DETAIL_NORMALMAP UNITY_ENABLE_REFLECTION_BUFFERS UNITY_LIGHTMAP_FULL_HDR UNITY_LIGHT_PROBE_PROXY_VOLUME UNITY_PBS_USE_BRDF1 UNITY_PLATFORM_SUPPORTS_DEPTH_FETCH UNITY_SPECCUBE_BLENDING UNITY_SPECCUBE_BOX_PROJECTION UNITY_USE_DITHER_MASK_FOR_ALPHABLENDED_SHADOWS
Disabled keywords: DOTS_INSTANCING_ON HAIR_VERTEX_STATIC INSTANCING_ON PROCEDURAL_INSTANCING_ON SHADER_API_GLES30 SHADER_API_GLES31 SHADER_API_GLES32 UNITY_ASTC_NORMALMAP_ENCODING UNITY_COLORSPACE_GAMMA UNITY_FRAMEBUFFER_FETCH_AVAILABLE UNITY_HARDWARE_TIER1 UNITY_HARDWARE_TIER2 UNITY_HARDWARE_TIER3 UNITY_LIGHTMAP_DLDR_ENCODING UNITY_LIGHTMAP_RGBM_ENCODING UNITY_METAL_SHADOWS_USE_POINT_FILTERING UNITY_NO_DXT5nm UNITY_NO_SCREENSPACE_SHADOWS UNITY_PBS_USE_BRDF2 UNITY_PBS_USE_BRDF3 UNITY_PRETRANSFORM_TO_DISPLAY_ORIENTATION UNITY_UNIFIED_SHADER_PRECISION_MODEL UNITY_VIRTUAL_TEXTURING
Shader error in 'Krag Kings/Native Groom/NativeFurAuthored': syntax error: unexpected token 'point' at Assets/NativeGroom/NativeFurAuthored.shadergraph(399) (on d3d11)

Compiling Subshader: 0, Pass: ShadowCaster, Vertex program with HAIR_VERTEX_LIVE _DOUBLESIDED_ON
Platform defines: SHADER_API_DESKTOP UNITY_ENABLE_DETAIL_NORMALMAP UNITY_ENABLE_REFLECTION_BUFFERS UNITY_LIGHTMAP_FULL_HDR UNITY_LIGHT_PROBE_PROXY_VOLUME UNITY_PASS_SHADOWCASTER UNITY_PBS_USE_BRDF1 UNITY_PLATFORM_SUPPORTS_DEPTH_FETCH UNITY_SPECCUBE_BLENDING UNITY_SPECCUBE_BOX_PROJECTION UNITY_USE_DITHER_MASK_FOR_ALPHABLENDED_SHADOWS
Disabled keywords: DOTS_INSTANCING_ON HAIR_VERTEX_STATIC INSTANCING_ON PROCEDURAL_INSTANCING_ON SHADER_API_GLES30 SHADER_API_GLES31 SHADER_API_GLES32 UNITY_ASTC_NORMALMAP_ENCODING UNITY_COLORSPACE_GAMMA UNITY_FRAMEBUFFER_FETCH_AVAILABLE UNITY_HARDWARE_TIER1 UNITY_HARDWARE_TIER2 UNITY_HARDWARE_TIER3 UNITY_LIGHTMAP_DLDR_ENCODING UNITY_LIGHTMAP_RGBM_ENCODING UNITY_METAL_SHADOWS_USE_POINT_FILTERING UNITY_NO_DXT5nm UNITY_NO_SCREENSPACE_SHADOWS UNITY_PBS_USE_BRDF2 UNITY_PBS_USE_BRDF3 UNITY_PRETRANSFORM_TO_DISPLAY_ORIENTATION UNITY_UNIFIED_SHADER_PRECISION_MODEL UNITY_VIRTUAL_TEXTURING
Shader error in 'Krag Kings/Native Groom/NativeFurAuthored': 'floor': no matching 0 parameter intrinsic function; Possible intrinsic functions are: floor(float|half|min10float|min16float) at Assets/NativeGroom/NativeFurAuthored.shadergraph(400) (on d3d11)

Compiling Subshader: 0, Pass: ShadowCaster, Vertex program with HAIR_VERTEX_LIVE _DOUBLESIDED_ON
Platform defines: SHADER_API_DESKTOP UNITY_ENABLE_DETAIL_NORMALMAP UNITY_ENABLE_REFLECTION_BUFFERS UNITY_LIGHTMAP_FULL_HDR UNITY_LIGHT_PROBE_PROXY_VOLUME UNITY_PASS_SHADOWCASTER UNITY_PBS_USE_BRDF1 UNITY_PLATFORM_SUPPORTS_DEPTH_FETCH UNITY_SPECCUBE_BLENDING UNITY_SPECCUBE_BOX_PROJECTION UNITY_USE_DITHER_MASK_FOR_ALPHABLENDED_SHADOWS
Disabled keywords: DOTS_INSTANCING_ON HAIR_VERTEX_STATIC INSTANCING_ON PROCEDURAL_INSTANCING_ON SHADER_API_GLES30 SHADER_API_GLES31 SHADER_API_GLES32 UNITY_ASTC_NORMALMAP_ENCODING UNITY_COLORSPACE_GAMMA UNITY_FRAMEBUFFER_FETCH_AVAILABLE UNITY_HARDWARE_TIER1 UNITY_HARDWARE_TIER2 UNITY_HARDWARE_TIER3 UNITY_LIGHTMAP_DLDR_ENCODING UNITY_LIGHTMAP_RGBM_ENCODING UNITY_METAL_SHADOWS_USE_POINT_FILTERING UNITY_NO_DXT5nm UNITY_NO_SCREENSPACE_SHADOWS UNITY_PBS_USE_BRDF2 UNITY_PBS_USE_BRDF3 UNITY_PRETRANSFORM_TO_DISPLAY_ORIENTATION UNITY_UNIFIED_SHADER_PRECISION_MODEL UNITY_VIRTUAL_TEXTURING
Shader error in 'Krag Kings/Native Groom/NativeFurAuthored': syntax error: unexpected token 'point' at Assets/NativeGroom/NativeFurAuthored.shadergraph(400) (on d3d11)

Compiling Subshader: 0, Pass: ShadowCaster, Vertex program with HAIR_VERTEX_LIVE _DOUBLESIDED_ON
Platform defines: SHADER_API_DESKTOP UNITY_ENABLE_DETAIL_NORMALMAP UNITY_ENABLE_REFLECTION_BUFFERS UNITY_LIGHTMAP_FULL_HDR UNITY_LIGHT_PROBE_PROXY_VOLUME UNITY_PASS_SHADOWCASTER UNITY_PBS_USE_BRDF1 UNITY_PLATFORM_SUPPORTS_DEPTH_FETCH UNITY_SPECCUBE_BLENDING UNITY_SPECCUBE_BOX_PROJECTION UNITY_USE_DITHER_MASK_FOR_ALPHABLENDED_SHADOWS
Disabled keywords: DOTS_INSTANCING_ON HAIR_VERTEX_STATIC INSTANCING_ON PROCEDURAL_INSTANCING_ON SHADER_API_GLES30 SHADER_API_GLES31 SHADER_API_GLES32 UNITY_ASTC_NORMALMAP_ENCODING UNITY_COLORSPACE_GAMMA UNITY_FRAMEBUFFER_FETCH_AVAILABLE UNITY_HARDWARE_TIER1 UNITY_HARDWARE_TIER2 UNITY_HARDWARE_TIER3 UNITY_LIGHTMAP_DLDR_ENCODING UNITY_LIGHTMAP_RGBM_ENCODING UNITY_METAL_SHADOWS_USE_POINT_FILTERING UNITY_NO_DXT5nm UNITY_NO_SCREENSPACE_SHADOWS UNITY_PBS_USE_BRDF2 UNITY_PBS_USE_BRDF3 UNITY_PRETRANSFORM_TO_DISPLAY_ORIENTATION UNITY_UNIFIED_SHADER_PRECISION_MODEL UNITY_VIRTUAL_TEXTURING
Shader error in 'Krag Kings/Native Groom/NativeFurAuthored': syntax error: unexpected token 'point' at Assets/NativeGroom/NativeFurAuthored.shadergraph(1375) (on d3d11)

Compiling Subshader: 0, Pass: META, Vertex program with HAIR_VERTEX_LIVE _DOUBLESIDED_ON _SURFACE_TYPE_TRANSPARENT
Platform defines: SHADER_API_DESKTOP UNITY_ENABLE_DETAIL_NORMALMAP UNITY_ENABLE_REFLECTION_BUFFERS UNITY_LIGHTMAP_FULL_HDR UNITY_LIGHT_PROBE_PROXY_VOLUME UNITY_PASS_META UNITY_PBS_USE_BRDF1 UNITY_PLATFORM_SUPPORTS_DEPTH_FETCH UNITY_SPECCUBE_BLENDING UNITY_SPECCUBE_BOX_PROJECTION UNITY_USE_DITHER_MASK_FOR_ALPHABLENDED_SHADOWS
Disabled keywords: DOTS_INSTANCING_ON EDITOR_VISUALIZATION HAIR_VERTEX_STATIC INSTANCING_ON PROCEDURAL_INSTANCING_ON SHADER_API_GLES30 SHADER_API_GLES31 SHADER_API_GLES32 UNITY_ASTC_NORMALMAP_ENCODING UNITY_COLORSPACE_GAMMA UNITY_FRAMEBUFFER_FETCH_AVAILABLE UNITY_HARDWARE_TIER1 UNITY_HARDWARE_TIER2 UNITY_HARDWARE_TIER3 UNITY_LIGHTMAP_DLDR_ENCODING UNITY_LIGHTMAP_RGBM_ENCODING UNITY_METAL_SHADOWS_USE_POINT_FILTERING UNITY_NO_DXT5nm UNITY_NO_SCREENSPACE_SHADOWS UNITY_PBS_USE_BRDF2 UNITY_PBS_USE_BRDF3 UNITY_PRETRANSFORM_TO_DISPLAY_ORIENTATION UNITY_UNIFIED_SHADER_PRECISION_MODEL UNITY_VIRTUAL_TEXTURING
Shader error in 'Krag Kings/Native Groom/NativeFurAuthored': 'floor': no matching 0 parameter intrinsic function; Possible intrinsic functions are: floor(float|half|min10float|min16float) at Assets/NativeGroom/NativeFurAuthored.shadergraph(1376) (on d3d11)

Compiling Subshader: 0, Pass: META, Vertex program with HAIR_VERTEX_LIVE _DOUBLESIDED_ON _SURFACE_TYPE_TRANSPARENT
Platform defines: SHADER_API_DESKTOP UNITY_ENABLE_DETAIL_NORMALMAP UNITY_ENABLE_REFLECTION_BUFFERS UNITY_LIGHTMAP_FULL_HDR UNITY_LIGHT_PROBE_PROXY_VOLUME UNITY_PASS_META UNITY_PBS_USE_BRDF1 UNITY_PLATFORM_SUPPORTS_DEPTH_FETCH UNITY_SPECCUBE_BLENDING UNITY_SPECCUBE_BOX_PROJECTION UNITY_USE_DITHER_MASK_FOR_ALPHABLENDED_SHADOWS
Disabled keywords: DOTS_INSTANCING_ON EDITOR_VISUALIZATION HAIR_VERTEX_STATIC INSTANCING_ON PROCEDURAL_INSTANCING_ON SHADER_API_GLES30 SHADER_API_GLES31 SHADER_API_GLES32 UNITY_ASTC_NORMALMAP_ENCODING UNITY_COLORSPACE_GAMMA UNITY_FRAMEBUFFER_FETCH_AVAILABLE UNITY_HARDWARE_TIER1 UNITY_HARDWARE_TIER2 UNITY_HARDWARE_TIER3 UNITY_LIGHTMAP_DLDR_ENCODING UNITY_LIGHTMAP_RGBM_ENCODING UNITY_METAL_SHADOWS_USE_POINT_FILTERING UNITY_NO_DXT5nm UNITY_NO_SCREENSPACE_SHADOWS UNITY_PBS_USE_BRDF2 UNITY_PBS_USE_BRDF3 UNITY_PRETRANSFORM_TO_DISPLAY_ORIENTATION UNITY_UNIFIED_SHADER_PRECISION_MODEL UNITY_VIRTUAL_TEXTURING
Shader error in 'Krag Kings/Native Groom/NativeFurAuthored': syntax error: unexpected token 'point' at Assets/NativeGroom/NativeFurAuthored.shadergraph(1376) (on d3d11)

Compiling Subshader: 0, Pass: META, Vertex program with HAIR_VERTEX_LIVE _DOUBLESIDED_ON _SURFACE_TYPE_TRANSPARENT
Platform defines: SHADER_API_DESKTOP UNITY_ENABLE_DETAIL_NORMALMAP UNITY_ENABLE_REFLECTION_BUFFERS UNITY_LIGHTMAP_FULL_HDR UNITY_LIGHT_PROBE_PROXY_VOLUME UNITY_PASS_META UNITY_PBS_USE_BRDF1 UNITY_PLATFORM_SUPPORTS_DEPTH_FETCH UNITY_SPECCUBE_BLENDING UNITY_SPECCUBE_BOX_PROJECTION UNITY_USE_DITHER_MASK_FOR_ALPHABLENDED_SHADOWS
Disabled keywords: DOTS_INSTANCING_ON EDITOR_VISUALIZATION HAIR_VERTEX_STATIC INSTANCING_ON PROCEDURAL_INSTANCING_ON SHADER_API_GLES30 SHADER_API_GLES31 SHADER_API_GLES32 UNITY_ASTC_NORMALMAP_ENCODING UNITY_COLORSPACE_GAMMA UNITY_FRAMEBUFFER_FETCH_AVAILABLE UNITY_HARDWARE_TIER1 UNITY_HARDWARE_TIER2 UNITY_HARDWARE_TIER3 UNITY_LIGHTMAP_DLDR_ENCODING UNITY_LIGHTMAP_RGBM_ENCODING UNITY_METAL_SHADOWS_USE_POINT_FILTERING UNITY_NO_DXT5nm UNITY_NO_SCREENSPACE_SHADOWS UNITY_PBS_USE_BRDF2 UNITY_PBS_USE_BRDF3 UNITY_PRETRANSFORM_TO_DISPLAY_ORIENTATION UNITY_UNIFIED_SHADER_PRECISION_MODEL UNITY_VIRTUAL_TEXTURING
Shader error in 'Krag Kings/Native Groom/NativeFurAuthored': syntax error: unexpected token 'point' at Assets/NativeGroom/NativeFurAuthored.shadergraph(2326) (on d3d11)

Compiling Subshader: 0, Pass: ScenePickingPass, Vertex program with HAIR_VERTEX_LIVE _DOUBLESIDED_ON
Platform defines: SHADER_API_DESKTOP UNITY_ENABLE_DETAIL_NORMALMAP UNITY_ENABLE_REFLECTION_BUFFERS UNITY_LIGHTMAP_FULL_HDR UNITY_LIGHT_PROBE_PROXY_VOLUME UNITY_PBS_USE_BRDF1 UNITY_PLATFORM_SUPPORTS_DEPTH_FETCH UNITY_SPECCUBE_BLENDING UNITY_SPECCUBE_BOX_PROJECTION UNITY_USE_DITHER_MASK_FOR_ALPHABLENDED_SHADOWS
Disabled keywords: DOTS_INSTANCING_ON HAIR_VERTEX_STATIC INSTANCING_ON PROCEDURAL_INSTANCING_ON SHADER_API_GLES30 SHADER_API_GLES31 SHADER_API_GLES32 UNITY_ASTC_NORMALMAP_ENCODING UNITY_COLORSPACE_GAMMA UNITY_FRAMEBUFFER_FETCH_AVAILABLE UNITY_HARDWARE_TIER1 UNITY_HARDWARE_TIER2 UNITY_HARDWARE_TIER3 UNITY_LIGHTMAP_DLDR_ENCODING UNITY_LIGHTMAP_RGBM_ENCODING UNITY_METAL_SHADOWS_USE_POINT_FILTERING UNITY_NO_DXT5nm UNITY_NO_SCREENSPACE_SHADOWS UNITY_PBS_USE_BRDF2 UNITY_PBS_USE_BRDF3 UNITY_PRETRANSFORM_TO_DISPLAY_ORIENTATION UNITY_UNIFIED_SHADER_PRECISION_MODEL UNITY_VIRTUAL_TEXTURING
Shader error in 'Krag Kings/Native Groom/NativeFurAuthored': 'floor': no matching 0 parameter intrinsic function; Possible intrinsic functions are: floor(float|half|min10float|min16float) at Assets/NativeGroom/NativeFurAuthored.shadergraph(2327) (on d3d11)

Compiling Subshader: 0, Pass: ScenePickingPass, Vertex program with HAIR_VERTEX_LIVE _DOUBLESIDED_ON
Platform defines: SHADER_API_DESKTOP UNITY_ENABLE_DETAIL_NORMALMAP UNITY_ENABLE_REFLECTION_BUFFERS UNITY_LIGHTMAP_FULL_HDR UNITY_LIGHT_PROBE_PROXY_VOLUME UNITY_PBS_USE_BRDF1 UNITY_PLATFORM_SUPPORTS_DEPTH_FETCH UNITY_SPECCUBE_BLENDING UNITY_SPECCUBE_BOX_PROJECTION UNITY_USE_DITHER_MASK_FOR_ALPHABLENDED_SHADOWS
Disabled keywords: DOTS_INSTANCING_ON HAIR_VERTEX_STATIC INSTANCING_ON PROCEDURAL_INSTANCING_ON SHADER_API_GLES30 SHADER_API_GLES31 SHADER_API_GLES32 UNITY_ASTC_NORMALMAP_ENCODING UNITY_COLORSPACE_GAMMA UNITY_FRAMEBUFFER_FETCH_AVAILABLE UNITY_HARDWARE_TIER1 UNITY_HARDWARE_TIER2 UNITY_HARDWARE_TIER3 UNITY_LIGHTMAP_DLDR_ENCODING UNITY_LIGHTMAP_RGBM_ENCODING UNITY_METAL_SHADOWS_USE_POINT_FILTERING UNITY_NO_DXT5nm UNITY_NO_SCREENSPACE_SHADOWS UNITY_PBS_USE_BRDF2 UNITY_PBS_USE_BRDF3 UNITY_PRETRANSFORM_TO_DISPLAY_ORIENTATION UNITY_UNIFIED_SHADER_PRECISION_MODEL UNITY_VIRTUAL_TEXTURING
Shader error in 'Krag Kings/Native Groom/NativeFurAuthored': syntax error: unexpected token 'point' at Assets/NativeGroom/NativeFurAuthored.shadergraph(2327) (on d3d11)

Compiling Subshader: 0, Pass: ScenePickingPass, Vertex program with HAIR_VERTEX_LIVE _DOUBLESIDED_ON
Platform defines: SHADER_API_DESKTOP UNITY_ENABLE_DETAIL_NORMALMAP UNITY_ENABLE_REFLECTION_BUFFERS UNITY_LIGHTMAP_FULL_HDR UNITY_LIGHT_PROBE_PROXY_VOLUME UNITY_PBS_USE_BRDF1 UNITY_PLATFORM_SUPPORTS_DEPTH_FETCH UNITY_SPECCUBE_BLENDING UNITY_SPECCUBE_BOX_PROJECTION UNITY_USE_DITHER_MASK_FOR_ALPHABLENDED_SHADOWS
Disabled keywords: DOTS_INSTANCING_ON HAIR_VERTEX_STATIC INSTANCING_ON PROCEDURAL_INSTANCING_ON SHADER_API_GLES30 SHADER_API_GLES31 SHADER_API_GLES32 UNITY_ASTC_NORMALMAP_ENCODING UNITY_COLORSPACE_GAMMA UNITY_FRAMEBUFFER_FETCH_AVAILABLE UNITY_HARDWARE_TIER1 UNITY_HARDWARE_TIER2 UNITY_HARDWARE_TIER3 UNITY_LIGHTMAP_DLDR_ENCODING UNITY_LIGHTMAP_RGBM_ENCODING UNITY_METAL_SHADOWS_USE_POINT_FILTERING UNITY_NO_DXT5nm UNITY_NO_SCREENSPACE_SHADOWS UNITY_PBS_USE_BRDF2 UNITY_PBS_USE_BRDF3 UNITY_PRETRANSFORM_TO_DISPLAY_ORIENTATION UNITY_UNIFIED_SHADER_PRECISION_MODEL UNITY_VIRTUAL_TEXTURING
Shader error in 'Krag Kings/Native Groom/NativeFurAuthored': syntax error: unexpected token 'point' at Assets/NativeGroom/NativeFurAuthored.shadergraph(3310) (on d3d11)

Compiling Subshader: 0, Pass: SceneSelectionPass, Vertex program with HAIR_VERTEX_LIVE _DOUBLESIDED_ON
Platform defines: SHADER_API_DESKTOP UNITY_ENABLE_DETAIL_NORMALMAP UNITY_ENABLE_REFLECTION_BUFFERS UNITY_LIGHTMAP_FULL_HDR UNITY_LIGHT_PROBE_PROXY_VOLUME UNITY_PBS_USE_BRDF1 UNITY_PLATFORM_SUPPORTS_DEPTH_FETCH UNITY_SPECCUBE_BLENDING UNITY_SPECCUBE_BOX_PROJECTION UNITY_USE_DITHER_MASK_FOR_ALPHABLENDED_SHADOWS
Disabled keywords: DOTS_INSTANCING_ON HAIR_VERTEX_STATIC INSTANCING_ON PROCEDURAL_INSTANCING_ON SHADER_API_GLES30 SHADER_API_GLES31 SHADER_API_GLES32 UNITY_ASTC_NORMALMAP_ENCODING UNITY_COLORSPACE_GAMMA UNITY_FRAMEBUFFER_FETCH_AVAILABLE UNITY_HARDWARE_TIER1 UNITY_HARDWARE_TIER2 UNITY_HARDWARE_TIER3 UNITY_LIGHTMAP_DLDR_ENCODING UNITY_LIGHTMAP_RGBM_ENCODING UNITY_METAL_SHADOWS_USE_POINT_FILTERING UNITY_NO_DXT5nm UNITY_NO_SCREENSPACE_SHADOWS UNITY_PBS_USE_BRDF2 UNITY_PBS_USE_BRDF3 UNITY_PRETRANSFORM_TO_DISPLAY_ORIENTATION UNITY_UNIFIED_SHADER_PRECISION_MODEL UNITY_VIRTUAL_TEXTURING
Shader error in 'Krag Kings/Native Groom/NativeFurAuthored': 'floor': no matching 0 parameter intrinsic function; Possible intrinsic functions are: floor(float|half|min10float|min16float) at Assets/NativeGroom/NativeFurAuthored.shadergraph(3311) (on d3d11)

Compiling Subshader: 0, Pass: SceneSelectionPass, Vertex program with HAIR_VERTEX_LIVE _DOUBLESIDED_ON
Platform defines: SHADER_API_DESKTOP UNITY_ENABLE_DETAIL_NORMALMAP UNITY_ENABLE_REFLECTION_BUFFERS UNITY_LIGHTMAP_FULL_HDR UNITY_LIGHT_PROBE_PROXY_VOLUME UNITY_PBS_USE_BRDF1 UNITY_PLATFORM_SUPPORTS_DEPTH_FETCH UNITY_SPECCUBE_BLENDING UNITY_SPECCUBE_BOX_PROJECTION UNITY_USE_DITHER_MASK_FOR_ALPHABLENDED_SHADOWS
Disabled keywords: DOTS_INSTANCING_ON HAIR_VERTEX_STATIC INSTANCING_ON PROCEDURAL_INSTANCING_ON SHADER_API_GLES30 SHADER_API_GLES31 SHADER_API_GLES32 UNITY_ASTC_NORMALMAP_ENCODING UNITY_COLORSPACE_GAMMA UNITY_FRAMEBUFFER_FETCH_AVAILABLE UNITY_HARDWARE_TIER1 UNITY_HARDWARE_TIER2 UNITY_HARDWARE_TIER3 UNITY_LIGHTMAP_DLDR_ENCODING UNITY_LIGHTMAP_RGBM_ENCODING UNITY_METAL_SHADOWS_USE_POINT_FILTERING UNITY_NO_DXT5nm UNITY_NO_SCREENSPACE_SHADOWS UNITY_PBS_USE_BRDF2 UNITY_PBS_USE_BRDF3 UNITY_PRETRANSFORM_TO_DISPLAY_ORIENTATION UNITY_UNIFIED_SHADER_PRECISION_MODEL UNITY_VIRTUAL_TEXTURING
Shader error in 'Krag Kings/Native Groom/NativeFurAuthored': syntax error: unexpected token 'point' at Assets/NativeGroom/NativeFurAuthored.shadergraph(3311) (on d3d11)

Compiling Subshader: 0, Pass: SceneSelectionPass, Vertex program with HAIR_VERTEX_LIVE _DOUBLESIDED_ON
Platform defines: SHADER_API_DESKTOP UNITY_ENABLE_DETAIL_NORMALMAP UNITY_ENABLE_REFLECTION_BUFFERS UNITY_LIGHTMAP_FULL_HDR UNITY_LIGHT_PROBE_PROXY_VOLUME UNITY_PBS_USE_BRDF1 UNITY_PLATFORM_SUPPORTS_DEPTH_FETCH UNITY_SPECCUBE_BLENDING UNITY_SPECCUBE_BOX_PROJECTION UNITY_USE_DITHER_MASK_FOR_ALPHABLENDED_SHADOWS
Disabled keywords: DOTS_INSTANCING_ON HAIR_VERTEX_STATIC INSTANCING_ON PROCEDURAL_INSTANCING_ON SHADER_API_GLES30 SHADER_API_GLES31 SHADER_API_GLES32 UNITY_ASTC_NORMALMAP_ENCODING UNITY_COLORSPACE_GAMMA UNITY_FRAMEBUFFER_FETCH_AVAILABLE UNITY_HARDWARE_TIER1 UNITY_HARDWARE_TIER2 UNITY_HARDWARE_TIER3 UNITY_LIGHTMAP_DLDR_ENCODING UNITY_LIGHTMAP_RGBM_ENCODING UNITY_METAL_SHADOWS_USE_POINT_FILTERING UNITY_NO_DXT5nm UNITY_NO_SCREENSPACE_SHADOWS UNITY_PBS_USE_BRDF2 UNITY_PBS_USE_BRDF3 UNITY_PRETRANSFORM_TO_DISPLAY_ORIENTATION UNITY_UNIFIED_SHADER_PRECISION_MODEL UNITY_VIRTUAL_TEXTURING
Shader error in 'Krag Kings/Native Groom/NativeFurAuthored': syntax error: unexpected token 'point' at Assets/NativeGroom/NativeFurAuthored.shadergraph(4306) (on d3d11)

Compiling Subshader: 0, Pass: MotionVectors, Vertex program with HAIR_VERTEX_LIVE _DOUBLESIDED_ON _SURFACE_TYPE_TRANSPARENT
Platform defines: SHADER_API_DESKTOP UNITY_ENABLE_DETAIL_NORMALMAP UNITY_ENABLE_REFLECTION_BUFFERS UNITY_LIGHTMAP_FULL_HDR UNITY_LIGHT_PROBE_PROXY_VOLUME UNITY_PASS_MOTIONVECTORS UNITY_PBS_USE_BRDF1 UNITY_PLATFORM_SUPPORTS_DEPTH_FETCH UNITY_SPECCUBE_BLENDING UNITY_SPECCUBE_BOX_PROJECTION UNITY_USE_DITHER_MASK_FOR_ALPHABLENDED_SHADOWS
Disabled keywords: DOTS_INSTANCING_ON HAIR_VERTEX_STATIC INSTANCING_ON PROCEDURAL_INSTANCING_ON SHADER_API_GLES30 SHADER_API_GLES31 SHADER_API_GLES32 UNITY_ASTC_NORMALMAP_ENCODING UNITY_COLORSPACE_GAMMA UNITY_FRAMEBUFFER_FETCH_AVAILABLE UNITY_HARDWARE_TIER1 UNITY_HARDWARE_TIER2 UNITY_HARDWARE_TIER3 UNITY_LIGHTMAP_DLDR_ENCODING UNITY_LIGHTMAP_RGBM_ENCODING UNITY_METAL_SHADOWS_USE_POINT_FILTERING UNITY_NO_DXT5nm UNITY_NO_SCREENSPACE_SHADOWS UNITY_PBS_USE_BRDF2 UNITY_PBS_USE_BRDF3 UNITY_PRETRANSFORM_TO_DISPLAY_ORIENTATION UNITY_UNIFIED_SHADER_PRECISION_MODEL UNITY_VIRTUAL_TEXTURING _ADD_PRECOMPUTED_VELOCITY _TRANSPARENT_REFRACTIVE_SORT _TRANSPARENT_WRITES_MOTION_VEC
Shader error in 'Krag Kings/Native Groom/NativeFurAuthored': 'floor': no matching 0 parameter intrinsic function; Possible intrinsic functions are: floor(float|half|min10float|min16float) at Assets/NativeGroom/NativeFurAuthored.shadergraph(4307) (on d3d11)

Compiling Subshader: 0, Pass: MotionVectors, Vertex program with HAIR_VERTEX_LIVE _DOUBLESIDED_ON _SURFACE_TYPE_TRANSPARENT
Platform defines: SHADER_API_DESKTOP UNITY_ENABLE_DETAIL_NORMALMAP UNITY_ENABLE_REFLECTION_BUFFERS UNITY_LIGHTMAP_FULL_HDR UNITY_LIGHT_PROBE_PROXY_VOLUME UNITY_PASS_MOTIONVECTORS UNITY_PBS_USE_BRDF1 UNITY_PLATFORM_SUPPORTS_DEPTH_FETCH UNITY_SPECCUBE_BLENDING UNITY_SPECCUBE_BOX_PROJECTION UNITY_USE_DITHER_MASK_FOR_ALPHABLENDED_SHADOWS
Disabled keywords: DOTS_INSTANCING_ON HAIR_VERTEX_STATIC INSTANCING_ON PROCEDURAL_INSTANCING_ON SHADER_API_GLES30 SHADER_API_GLES31 SHADER_API_GLES32 UNITY_ASTC_NORMALMAP_ENCODING UNITY_COLORSPACE_GAMMA UNITY_FRAMEBUFFER_FETCH_AVAILABLE UNITY_HARDWARE_TIER1 UNITY_HARDWARE_TIER2 UNITY_HARDWARE_TIER3 UNITY_LIGHTMAP_DLDR_ENCODING UNITY_LIGHTMAP_RGBM_ENCODING UNITY_METAL_SHADOWS_USE_POINT_FILTERING UNITY_NO_DXT5nm UNITY_NO_SCREENSPACE_SHADOWS UNITY_PBS_USE_BRDF2 UNITY_PBS_USE_BRDF3 UNITY_PRETRANSFORM_TO_DISPLAY_ORIENTATION UNITY_UNIFIED_SHADER_PRECISION_MODEL UNITY_VIRTUAL_TEXTURING _ADD_PRECOMPUTED_VELOCITY _TRANSPARENT_REFRACTIVE_SORT _TRANSPARENT_WRITES_MOTION_VEC
Shader error in 'Krag Kings/Native Groom/NativeFurAuthored': syntax error: unexpected token 'point' at Assets/NativeGroom/NativeFurAuthored.shadergraph(4307) (on d3d11)

Compiling Subshader: 0, Pass: MotionVectors, Vertex program with HAIR_VERTEX_LIVE _DOUBLESIDED_ON _SURFACE_TYPE_TRANSPARENT
Platform defines: SHADER_API_DESKTOP UNITY_ENABLE_DETAIL_NORMALMAP UNITY_ENABLE_REFLECTION_BUFFERS UNITY_LIGHTMAP_FULL_HDR UNITY_LIGHT_PROBE_PROXY_VOLUME UNITY_PASS_MOTIONVECTORS UNITY_PBS_USE_BRDF1 UNITY_PLATFORM_SUPPORTS_DEPTH_FETCH UNITY_SPECCUBE_BLENDING UNITY_SPECCUBE_BOX_PROJECTION UNITY_USE_DITHER_MASK_FOR_ALPHABLENDED_SHADOWS
Disabled keywords: DOTS_INSTANCING_ON HAIR_VERTEX_STATIC INSTANCING_ON PROCEDURAL_INSTANCING_ON SHADER_API_GLES30 SHADER_API_GLES31 SHADER_API_GLES32 UNITY_ASTC_NORMALMAP_ENCODING UNITY_COLORSPACE_GAMMA UNITY_FRAMEBUFFER_FETCH_AVAILABLE UNITY_HARDWARE_TIER1 UNITY_HARDWARE_TIER2 UNITY_HARDWARE_TIER3 UNITY_LIGHTMAP_DLDR_ENCODING UNITY_LIGHTMAP_RGBM_ENCODING UNITY_METAL_SHADOWS_USE_POINT_FILTERING UNITY_NO_DXT5nm UNITY_NO_SCREENSPACE_SHADOWS UNITY_PBS_USE_BRDF2 UNITY_PBS_USE_BRDF3 UNITY_PRETRANSFORM_TO_DISPLAY_ORIENTATION UNITY_UNIFIED_SHADER_PRECISION_MODEL UNITY_VIRTUAL_TEXTURING _ADD_PRECOMPUTED_VELOCITY _TRANSPARENT_REFRACTIVE_SORT _TRANSPARENT_WRITES_MOTION_VEC
Shader error in 'Krag Kings/Native Groom/NativeFurAuthored': syntax error: unexpected token 'point' at Assets/NativeGroom/NativeFurAuthored.shadergraph(399) (on d3d11)

Compiling Subshader: 0, Pass: ShadowCaster, Vertex program with HAIR_VERTEX_LIVE _DOUBLESIDED_ON
Platform defines: SHADER_API_DESKTOP UNITY_ENABLE_DETAIL_NORMALMAP UNITY_ENABLE_REFLECTION_BUFFERS UNITY_LIGHTMAP_FULL_HDR UNITY_LIGHT_PROBE_PROXY_VOLUME UNITY_PASS_SHADOWCASTER UNITY_PBS_USE_BRDF1 UNITY_PLATFORM_SUPPORTS_DEPTH_FETCH UNITY_SPECCUBE_BLENDING UNITY_SPECCUBE_BOX_PROJECTION UNITY_USE_DITHER_MASK_FOR_ALPHABLENDED_SHADOWS
Disabled keywords: DOTS_INSTANCING_ON HAIR_VERTEX_STATIC INSTANCING_ON PROCEDURAL_INSTANCING_ON SHADER_API_GLES30 SHADER_API_GLES31 SHADER_API_GLES32 UNITY_ASTC_NORMALMAP_ENCODING UNITY_COLORSPACE_GAMMA UNITY_FRAMEBUFFER_FETCH_AVAILABLE UNITY_HARDWARE_TIER1 UNITY_HARDWARE_TIER2 UNITY_HARDWARE_TIER3 UNITY_LIGHTMAP_DLDR_ENCODING UNITY_LIGHTMAP_RGBM_ENCODING UNITY_METAL_SHADOWS_USE_POINT_FILTERING UNITY_NO_DXT5nm UNITY_NO_SCREENSPACE_SHADOWS UNITY_PBS_USE_BRDF2 UNITY_PBS_USE_BRDF3 UNITY_PRETRANSFORM_TO_DISPLAY_ORIENTATION UNITY_UNIFIED_SHADER_PRECISION_MODEL UNITY_VIRTUAL_TEXTURING
Shader error in 'Krag Kings/Native Groom/NativeFurAuthored': 'floor': no matching 0 parameter intrinsic function; Possible intrinsic functions are: floor(float|half|min10float|min16float) at Assets/NativeGroom/NativeFurAuthored.shadergraph(400) (on d3d11)

Compiling Subshader: 0, Pass: ShadowCaster, Vertex program with HAIR_VERTEX_LIVE _DOUBLESIDED_ON
Platform defines: SHADER_API_DESKTOP UNITY_ENABLE_DETAIL_NORMALMAP UNITY_ENABLE_REFLECTION_BUFFERS UNITY_LIGHTMAP_FULL_HDR UNITY_LIGHT_PROBE_PROXY_VOLUME UNITY_PASS_SHADOWCASTER UNITY_PBS_USE_BRDF1 UNITY_PLATFORM_SUPPORTS_DEPTH_FETCH UNITY_SPECCUBE_BLENDING UNITY_SPECCUBE_BOX_PROJECTION UNITY_USE_DITHER_MASK_FOR_ALPHABLENDED_SHADOWS
Disabled keywords: DOTS_INSTANCING_ON HAIR_VERTEX_STATIC INSTANCING_ON PROCEDURAL_INSTANCING_ON SHADER_API_GLES30 SHADER_API_GLES31 SHADER_API_GLES32 UNITY_ASTC_NORMALMAP_ENCODING UNITY_COLORSPACE_GAMMA UNITY_FRAMEBUFFER_FETCH_AVAILABLE UNITY_HARDWARE_TIER1 UNITY_HARDWARE_TIER2 UNITY_HARDWARE_TIER3 UNITY_LIGHTMAP_DLDR_ENCODING UNITY_LIGHTMAP_RGBM_ENCODING UNITY_METAL_SHADOWS_USE_POINT_FILTERING UNITY_NO_DXT5nm UNITY_NO_SCREENSPACE_SHADOWS UNITY_PBS_USE_BRDF2 UNITY_PBS_USE_BRDF3 UNITY_PRETRANSFORM_TO_DISPLAY_ORIENTATION UNITY_UNIFIED_SHADER_PRECISION_MODEL UNITY_VIRTUAL_TEXTURING
Shader error in 'Krag Kings/Native Groom/NativeFurAuthored': syntax error: unexpected token 'point' at Assets/NativeGroom/NativeFurAuthored.shadergraph(400) (on d3d11)

Compiling Subshader: 0, Pass: ShadowCaster, Vertex program with HAIR_VERTEX_LIVE _DOUBLESIDED_ON
Platform defines: SHADER_API_DESKTOP UNITY_ENABLE_DETAIL_NORMALMAP UNITY_ENABLE_REFLECTION_BUFFERS UNITY_LIGHTMAP_FULL_HDR UNITY_LIGHT_PROBE_PROXY_VOLUME UNITY_PASS_SHADOWCASTER UNITY_PBS_USE_BRDF1 UNITY_PLATFORM_SUPPORTS_DEPTH_FETCH UNITY_SPECCUBE_BLENDING UNITY_SPECCUBE_BOX_PROJECTION UNITY_USE_DITHER_MASK_FOR_ALPHABLENDED_SHADOWS
Disabled keywords: DOTS_INSTANCING_ON HAIR_VERTEX_STATIC INSTANCING_ON PROCEDURAL_INSTANCING_ON SHADER_API_GLES30 SHADER_API_GLES31 SHADER_API_GLES32 UNITY_ASTC_NORMALMAP_ENCODING UNITY_COLORSPACE_GAMMA UNITY_FRAMEBUFFER_FETCH_AVAILABLE UNITY_HARDWARE_TIER1 UNITY_HARDWARE_TIER2 UNITY_HARDWARE_TIER3 UNITY_LIGHTMAP_DLDR_ENCODING UNITY_LIGHTMAP_RGBM_ENCODING UNITY_METAL_SHADOWS_USE_POINT_FILTERING UNITY_NO_DXT5nm UNITY_NO_SCREENSPACE_SHADOWS UNITY_PBS_USE_BRDF2 UNITY_PBS_USE_BRDF3 UNITY_PRETRANSFORM_TO_DISPLAY_ORIENTATION UNITY_UNIFIED_SHADER_PRECISION_MODEL UNITY_VIRTUAL_TEXTURING
Shader error in 'Krag Kings/Native Groom/NativeFurAuthored': syntax error: unexpected token 'point' at Assets/NativeGroom/NativeFurAuthored.shadergraph(1375) (on d3d11)

Compiling Subshader: 0, Pass: META, Vertex program with HAIR_VERTEX_LIVE _DOUBLESIDED_ON _SURFACE_TYPE_TRANSPARENT
Platform defines: SHADER_API_DESKTOP UNITY_ENABLE_DETAIL_NORMALMAP UNITY_ENABLE_REFLECTION_BUFFERS UNITY_LIGHTMAP_FULL_HDR UNITY_LIGHT_PROBE_PROXY_VOLUME UNITY_PASS_META UNITY_PBS_USE_BRDF1 UNITY_PLATFORM_SUPPORTS_DEPTH_FETCH UNITY_SPECCUBE_BLENDING UNITY_SPECCUBE_BOX_PROJECTION UNITY_USE_DITHER_MASK_FOR_ALPHABLENDED_SHADOWS
Disabled keywords: DOTS_INSTANCING_ON EDITOR_VISUALIZATION HAIR_VERTEX_STATIC INSTANCING_ON PROCEDURAL_INSTANCING_ON SHADER_API_GLES30 SHADER_API_GLES31 SHADER_API_GLES32 UNITY_ASTC_NORMALMAP_ENCODING UNITY_COLORSPACE_GAMMA UNITY_FRAMEBUFFER_FETCH_AVAILABLE UNITY_HARDWARE_TIER1 UNITY_HARDWARE_TIER2 UNITY_HARDWARE_TIER3 UNITY_LIGHTMAP_DLDR_ENCODING UNITY_LIGHTMAP_RGBM_ENCODING UNITY_METAL_SHADOWS_USE_POINT_FILTERING UNITY_NO_DXT5nm UNITY_NO_SCREENSPACE_SHADOWS UNITY_PBS_USE_BRDF2 UNITY_PBS_USE_BRDF3 UNITY_PRETRANSFORM_TO_DISPLAY_ORIENTATION UNITY_UNIFIED_SHADER_PRECISION_MODEL UNITY_VIRTUAL_TEXTURING
Shader error in 'Krag Kings/Native Groom/NativeFurAuthored': 'floor': no matching 0 parameter intrinsic function; Possible intrinsic functions are: floor(float|half|min10float|min16float) at Assets/NativeGroom/NativeFurAuthored.shadergraph(1376) (on d3d11)

Compiling Subshader: 0, Pass: META, Vertex program with HAIR_VERTEX_LIVE _DOUBLESIDED_ON _SURFACE_TYPE_TRANSPARENT
Platform defines: SHADER_API_DESKTOP UNITY_ENABLE_DETAIL_NORMALMAP UNITY_ENABLE_REFLECTION_BUFFERS UNITY_LIGHTMAP_FULL_HDR UNITY_LIGHT_PROBE_PROXY_VOLUME UNITY_PASS_META UNITY_PBS_USE_BRDF1 UNITY_PLATFORM_SUPPORTS_DEPTH_FETCH UNITY_SPECCUBE_BLENDING UNITY_SPECCUBE_BOX_PROJECTION UNITY_USE_DITHER_MASK_FOR_ALPHABLENDED_SHADOWS
Disabled keywords: DOTS_INSTANCING_ON EDITOR_VISUALIZATION HAIR_VERTEX_STATIC INSTANCING_ON PROCEDURAL_INSTANCING_ON SHADER_API_GLES30 SHADER_API_GLES31 SHADER_API_GLES32 UNITY_ASTC_NORMALMAP_ENCODING UNITY_COLORSPACE_GAMMA UNITY_FRAMEBUFFER_FETCH_AVAILABLE UNITY_HARDWARE_TIER1 UNITY_HARDWARE_TIER2 UNITY_HARDWARE_TIER3 UNITY_LIGHTMAP_DLDR_ENCODING UNITY_LIGHTMAP_RGBM_ENCODING UNITY_METAL_SHADOWS_USE_POINT_FILTERING UNITY_NO_DXT5nm UNITY_NO_SCREENSPACE_SHADOWS UNITY_PBS_USE_BRDF2 UNITY_PBS_USE_BRDF3 UNITY_PRETRANSFORM_TO_DISPLAY_ORIENTATION UNITY_UNIFIED_SHADER_PRECISION_MODEL UNITY_VIRTUAL_TEXTURING
Shader error in 'Krag Kings/Native Groom/NativeFurAuthored': syntax error: unexpected token 'point' at Assets/NativeGroom/NativeFurAuthored.shadergraph(1376) (on d3d11)

Compiling Subshader: 0, Pass: META, Vertex program with HAIR_VERTEX_LIVE _DOUBLESIDED_ON _SURFACE_TYPE_TRANSPARENT
Platform defines: SHADER_API_DESKTOP UNITY_ENABLE_DETAIL_NORMALMAP UNITY_ENABLE_REFLECTION_BUFFERS UNITY_LIGHTMAP_FULL_HDR UNITY_LIGHT_PROBE_PROXY_VOLUME UNITY_PASS_META UNITY_PBS_USE_BRDF1 UNITY_PLATFORM_SUPPORTS_DEPTH_FETCH UNITY_SPECCUBE_BLENDING UNITY_SPECCUBE_BOX_PROJECTION UNITY_USE_DITHER_MASK_FOR_ALPHABLENDED_SHADOWS
Disabled keywords: DOTS_INSTANCING_ON EDITOR_VISUALIZATION HAIR_VERTEX_STATIC INSTANCING_ON PROCEDURAL_INSTANCING_ON SHADER_API_GLES30 SHADER_API_GLES31 SHADER_API_GLES32 UNITY_ASTC_NORMALMAP_ENCODING UNITY_COLORSPACE_GAMMA UNITY_FRAMEBUFFER_FETCH_AVAILABLE UNITY_HARDWARE_TIER1 UNITY_HARDWARE_TIER2 UNITY_HARDWARE_TIER3 UNITY_LIGHTMAP_DLDR_ENCODING UNITY_LIGHTMAP_RGBM_ENCODING UNITY_METAL_SHADOWS_USE_POINT_FILTERING UNITY_NO_DXT5nm UNITY_NO_SCREENSPACE_SHADOWS UNITY_PBS_USE_BRDF2 UNITY_PBS_USE_BRDF3 UNITY_PRETRANSFORM_TO_DISPLAY_ORIENTATION UNITY_UNIFIED_SHADER_PRECISION_MODEL UNITY_VIRTUAL_TEXTURING
Shader error in 'Krag Kings/Native Groom/NativeFurAuthored': syntax error: unexpected token 'point' at Assets/NativeGroom/NativeFurAuthored.shadergraph(2326) (on d3d11)

Compiling Subshader: 0, Pass: ScenePickingPass, Vertex program with HAIR_VERTEX_LIVE _DOUBLESIDED_ON
Platform defines: SHADER_API_DESKTOP UNITY_ENABLE_DETAIL_NORMALMAP UNITY_ENABLE_REFLECTION_BUFFERS UNITY_LIGHTMAP_FULL_HDR UNITY_LIGHT_PROBE_PROXY_VOLUME UNITY_PBS_USE_BRDF1 UNITY_PLATFORM_SUPPORTS_DEPTH_FETCH UNITY_SPECCUBE_BLENDING UNITY_SPECCUBE_BOX_PROJECTION UNITY_USE_DITHER_MASK_FOR_ALPHABLENDED_SHADOWS
Disabled keywords: DOTS_INSTANCING_ON HAIR_VERTEX_STATIC INSTANCING_ON PROCEDURAL_INSTANCING_ON SHADER_API_GLES30 SHADER_API_GLES31 SHADER_API_GLES32 UNITY_ASTC_NORMALMAP_ENCODING UNITY_COLORSPACE_GAMMA UNITY_FRAMEBUFFER_FETCH_AVAILABLE UNITY_HARDWARE_TIER1 UNITY_HARDWARE_TIER2 UNITY_HARDWARE_TIER3 UNITY_LIGHTMAP_DLDR_ENCODING UNITY_LIGHTMAP_RGBM_ENCODING UNITY_METAL_SHADOWS_USE_POINT_FILTERING UNITY_NO_DXT5nm UNITY_NO_SCREENSPACE_SHADOWS UNITY_PBS_USE_BRDF2 UNITY_PBS_USE_BRDF3 UNITY_PRETRANSFORM_TO_DISPLAY_ORIENTATION UNITY_UNIFIED_SHADER_PRECISION_MODEL UNITY_VIRTUAL_TEXTURING
Shader error in 'Krag Kings/Native Groom/NativeFurAuthored': 'floor': no matching 0 parameter intrinsic function; Possible intrinsic functions are: floor(float|half|min10float|min16float) at Assets/NativeGroom/NativeFurAuthored.shadergraph(2327) (on d3d11)

Compiling Subshader: 0, Pass: ScenePickingPass, Vertex program with HAIR_VERTEX_LIVE _DOUBLESIDED_ON
Platform defines: SHADER_API_DESKTOP UNITY_ENABLE_DETAIL_NORMALMAP UNITY_ENABLE_REFLECTION_BUFFERS UNITY_LIGHTMAP_FULL_HDR UNITY_LIGHT_PROBE_PROXY_VOLUME UNITY_PBS_USE_BRDF1 UNITY_PLATFORM_SUPPORTS_DEPTH_FETCH UNITY_SPECCUBE_BLENDING UNITY_SPECCUBE_BOX_PROJECTION UNITY_USE_DITHER_MASK_FOR_ALPHABLENDED_SHADOWS
Disabled keywords: DOTS_INSTANCING_ON HAIR_VERTEX_STATIC INSTANCING_ON PROCEDURAL_INSTANCING_ON SHADER_API_GLES30 SHADER_API_GLES31 SHADER_API_GLES32 UNITY_ASTC_NORMALMAP_ENCODING UNITY_COLORSPACE_GAMMA UNITY_FRAMEBUFFER_FETCH_AVAILABLE UNITY_HARDWARE_TIER1 UNITY_HARDWARE_TIER2 UNITY_HARDWARE_TIER3 UNITY_LIGHTMAP_DLDR_ENCODING UNITY_LIGHTMAP_RGBM_ENCODING UNITY_METAL_SHADOWS_USE_POINT_FILTERING UNITY_NO_DXT5nm UNITY_NO_SCREENSPACE_SHADOWS UNITY_PBS_USE_BRDF2 UNITY_PBS_USE_BRDF3 UNITY_PRETRANSFORM_TO_DISPLAY_ORIENTATION UNITY_UNIFIED_SHADER_PRECISION_MODEL UNITY_VIRTUAL_TEXTURING
Shader error in 'Krag Kings/Native Groom/NativeFurAuthored': syntax error: unexpected token 'point' at Assets/NativeGroom/NativeFurAuthored.shadergraph(2327) (on d3d11)

Compiling Subshader: 0, Pass: ScenePickingPass, Vertex program with HAIR_VERTEX_LIVE _DOUBLESIDED_ON
Platform defines: SHADER_API_DESKTOP UNITY_ENABLE_DETAIL_NORMALMAP UNITY_ENABLE_REFLECTION_BUFFERS UNITY_LIGHTMAP_FULL_HDR UNITY_LIGHT_PROBE_PROXY_VOLUME UNITY_PBS_USE_BRDF1 UNITY_PLATFORM_SUPPORTS_DEPTH_FETCH UNITY_SPECCUBE_BLENDING UNITY_SPECCUBE_BOX_PROJECTION UNITY_USE_DITHER_MASK_FOR_ALPHABLENDED_SHADOWS
Disabled keywords: DOTS_INSTANCING_ON HAIR_VERTEX_STATIC INSTANCING_ON PROCEDURAL_INSTANCING_ON SHADER_API_GLES30 SHADER_API_GLES31 SHADER_API_GLES32 UNITY_ASTC_NORMALMAP_ENCODING UNITY_COLORSPACE_GAMMA UNITY_FRAMEBUFFER_FETCH_AVAILABLE UNITY_HARDWARE_TIER1 UNITY_HARDWARE_TIER2 UNITY_HARDWARE_TIER3 UNITY_LIGHTMAP_DLDR_ENCODING UNITY_LIGHTMAP_RGBM_ENCODING UNITY_METAL_SHADOWS_USE_POINT_FILTERING UNITY_NO_DXT5nm UNITY_NO_SCREENSPACE_SHADOWS UNITY_PBS_USE_BRDF2 UNITY_PBS_USE_BRDF3 UNITY_PRETRANSFORM_TO_DISPLAY_ORIENTATION UNITY_UNIFIED_SHADER_PRECISION_MODEL UNITY_VIRTUAL_TEXTURING
Shader error in 'Krag Kings/Native Groom/NativeFurAuthored': syntax error: unexpected token 'point' at Assets/NativeGroom/NativeFurAuthored.shadergraph(3310) (on d3d11)

Compiling Subshader: 0, Pass: SceneSelectionPass, Vertex program with HAIR_VERTEX_LIVE _DOUBLESIDED_ON
Platform defines: SHADER_API_DESKTOP UNITY_ENABLE_DETAIL_NORMALMAP UNITY_ENABLE_REFLECTION_BUFFERS UNITY_LIGHTMAP_FULL_HDR UNITY_LIGHT_PROBE_PROXY_VOLUME UNITY_PBS_USE_BRDF1 UNITY_PLATFORM_SUPPORTS_DEPTH_FETCH UNITY_SPECCUBE_BLENDING UNITY_SPECCUBE_BOX_PROJECTION UNITY_USE_DITHER_MASK_FOR_ALPHABLENDED_SHADOWS
Disabled keywords: DOTS_INSTANCING_ON HAIR_VERTEX_STATIC INSTANCING_ON PROCEDURAL_INSTANCING_ON SHADER_API_GLES30 SHADER_API_GLES31 SHADER_API_GLES32 UNITY_ASTC_NORMALMAP_ENCODING UNITY_COLORSPACE_GAMMA UNITY_FRAMEBUFFER_FETCH_AVAILABLE UNITY_HARDWARE_TIER1 UNITY_HARDWARE_TIER2 UNITY_HARDWARE_TIER3 UNITY_LIGHTMAP_DLDR_ENCODING UNITY_LIGHTMAP_RGBM_ENCODING UNITY_METAL_SHADOWS_USE_POINT_FILTERING UNITY_NO_DXT5nm UNITY_NO_SCREENSPACE_SHADOWS UNITY_PBS_USE_BRDF2 UNITY_PBS_USE_BRDF3 UNITY_PRETRANSFORM_TO_DISPLAY_ORIENTATION UNITY_UNIFIED_SHADER_PRECISION_MODEL UNITY_VIRTUAL_TEXTURING
Shader error in 'Krag Kings/Native Groom/NativeFurAuthored': 'floor': no matching 0 parameter intrinsic function; Possible intrinsic functions are: floor(float|half|min10float|min16float) at Assets/NativeGroom/NativeFurAuthored.shadergraph(3311) (on d3d11)

Compiling Subshader: 0, Pass: SceneSelectionPass, Vertex program with HAIR_VERTEX_LIVE _DOUBLESIDED_ON
Platform defines: SHADER_API_DESKTOP UNITY_ENABLE_DETAIL_NORMALMAP UNITY_ENABLE_REFLECTION_BUFFERS UNITY_LIGHTMAP_FULL_HDR UNITY_LIGHT_PROBE_PROXY_VOLUME UNITY_PBS_USE_BRDF1 UNITY_PLATFORM_SUPPORTS_DEPTH_FETCH UNITY_SPECCUBE_BLENDING UNITY_SPECCUBE_BOX_PROJECTION UNITY_USE_DITHER_MASK_FOR_ALPHABLENDED_SHADOWS
Disabled keywords: DOTS_INSTANCING_ON HAIR_VERTEX_STATIC INSTANCING_ON PROCEDURAL_INSTANCING_ON SHADER_API_GLES30 SHADER_API_GLES31 SHADER_API_GLES32 UNITY_ASTC_NORMALMAP_ENCODING UNITY_COLORSPACE_GAMMA UNITY_FRAMEBUFFER_FETCH_AVAILABLE UNITY_HARDWARE_TIER1 UNITY_HARDWARE_TIER2 UNITY_HARDWARE_TIER3 UNITY_LIGHTMAP_DLDR_ENCODING UNITY_LIGHTMAP_RGBM_ENCODING UNITY_METAL_SHADOWS_USE_POINT_FILTERING UNITY_NO_DXT5nm UNITY_NO_SCREENSPACE_SHADOWS UNITY_PBS_USE_BRDF2 UNITY_PBS_USE_BRDF3 UNITY_PRETRANSFORM_TO_DISPLAY_ORIENTATION UNITY_UNIFIED_SHADER_PRECISION_MODEL UNITY_VIRTUAL_TEXTURING
Shader error in 'Krag Kings/Native Groom/NativeFurAuthored': syntax error: unexpected token 'point' at Assets/NativeGroom/NativeFurAuthored.shadergraph(3311) (on d3d11)

Compiling Subshader: 0, Pass: SceneSelectionPass, Vertex program with HAIR_VERTEX_LIVE _DOUBLESIDED_ON
Platform defines: SHADER_API_DESKTOP UNITY_ENABLE_DETAIL_NORMALMAP UNITY_ENABLE_REFLECTION_BUFFERS UNITY_LIGHTMAP_FULL_HDR UNITY_LIGHT_PROBE_PROXY_VOLUME UNITY_PBS_USE_BRDF1 UNITY_PLATFORM_SUPPORTS_DEPTH_FETCH UNITY_SPECCUBE_BLENDING UNITY_SPECCUBE_BOX_PROJECTION UNITY_USE_DITHER_MASK_FOR_ALPHABLENDED_SHADOWS
Disabled keywords: DOTS_INSTANCING_ON HAIR_VERTEX_STATIC INSTANCING_ON PROCEDURAL_INSTANCING_ON SHADER_API_GLES30 SHADER_API_GLES31 SHADER_API_GLES32 UNITY_ASTC_NORMALMAP_ENCODING UNITY_COLORSPACE_GAMMA UNITY_FRAMEBUFFER_FETCH_AVAILABLE UNITY_HARDWARE_TIER1 UNITY_HARDWARE_TIER2 UNITY_HARDWARE_TIER3 UNITY_LIGHTMAP_DLDR_ENCODING UNITY_LIGHTMAP_RGBM_ENCODING UNITY_METAL_SHADOWS_USE_POINT_FILTERING UNITY_NO_DXT5nm UNITY_NO_SCREENSPACE_SHADOWS UNITY_PBS_USE_BRDF2 UNITY_PBS_USE_BRDF3 UNITY_PRETRANSFORM_TO_DISPLAY_ORIENTATION UNITY_UNIFIED_SHADER_PRECISION_MODEL UNITY_VIRTUAL_TEXTURING
Shader error in 'Krag Kings/Native Groom/NativeFurAuthored': syntax error: unexpected token 'point' at Assets/NativeGroom/NativeFurAuthored.shadergraph(4306) (on d3d11)

Compiling Subshader: 0, Pass: MotionVectors, Vertex program with HAIR_VERTEX_LIVE _DOUBLESIDED_ON _SURFACE_TYPE_TRANSPARENT
Platform defines: SHADER_API_DESKTOP UNITY_ENABLE_DETAIL_NORMALMAP UNITY_ENABLE_REFLECTION_BUFFERS UNITY_LIGHTMAP_FULL_HDR UNITY_LIGHT_PROBE_PROXY_VOLUME UNITY_PASS_MOTIONVECTORS UNITY_PBS_USE_BRDF1 UNITY_PLATFORM_SUPPORTS_DEPTH_FETCH UNITY_SPECCUBE_BLENDING UNITY_SPECCUBE_BOX_PROJECTION UNITY_USE_DITHER_MASK_FOR_ALPHABLENDED_SHADOWS
Disabled keywords: DOTS_INSTANCING_ON HAIR_VERTEX_STATIC INSTANCING_ON PROCEDURAL_INSTANCING_ON SHADER_API_GLES30 SHADER_API_GLES31 SHADER_API_GLES32 UNITY_ASTC_NORMALMAP_ENCODING UNITY_COLORSPACE_GAMMA UNITY_FRAMEBUFFER_FETCH_AVAILABLE UNITY_HARDWARE_TIER1 UNITY_HARDWARE_TIER2 UNITY_HARDWARE_TIER3 UNITY_LIGHTMAP_DLDR_ENCODING UNITY_LIGHTMAP_RGBM_ENCODING UNITY_METAL_SHADOWS_USE_POINT_FILTERING UNITY_NO_DXT5nm UNITY_NO_SCREENSPACE_SHADOWS UNITY_PBS_USE_BRDF2 UNITY_PBS_USE_BRDF3 UNITY_PRETRANSFORM_TO_DISPLAY_ORIENTATION UNITY_UNIFIED_SHADER_PRECISION_MODEL UNITY_VIRTUAL_TEXTURING _ADD_PRECOMPUTED_VELOCITY _TRANSPARENT_REFRACTIVE_SORT _TRANSPARENT_WRITES_MOTION_VEC
Shader error in 'Krag Kings/Native Groom/NativeFurAuthored': 'floor': no matching 0 parameter intrinsic function; Possible intrinsic functions are: floor(float|half|min10float|min16float) at Assets/NativeGroom/NativeFurAuthored.shadergraph(4307) (on d3d11)

Compiling Subshader: 0, Pass: MotionVectors, Vertex program with HAIR_VERTEX_LIVE _DOUBLESIDED_ON _SURFACE_TYPE_TRANSPARENT
Platform defines: SHADER_API_DESKTOP UNITY_ENABLE_DETAIL_NORMALMAP UNITY_ENABLE_REFLECTION_BUFFERS UNITY_LIGHTMAP_FULL_HDR UNITY_LIGHT_PROBE_PROXY_VOLUME UNITY_PASS_MOTIONVECTORS UNITY_PBS_USE_BRDF1 UNITY_PLATFORM_SUPPORTS_DEPTH_FETCH UNITY_SPECCUBE_BLENDING UNITY_SPECCUBE_BOX_PROJECTION UNITY_USE_DITHER_MASK_FOR_ALPHABLENDED_SHADOWS
Disabled keywords: DOTS_INSTANCING_ON HAIR_VERTEX_STATIC INSTANCING_ON PROCEDURAL_INSTANCING_ON SHADER_API_GLES30 SHADER_API_GLES31 SHADER_API_GLES32 UNITY_ASTC_NORMALMAP_ENCODING UNITY_COLORSPACE_GAMMA UNITY_FRAMEBUFFER_FETCH_AVAILABLE UNITY_HARDWARE_TIER1 UNITY_HARDWARE_TIER2 UNITY_HARDWARE_TIER3 UNITY_LIGHTMAP_DLDR_ENCODING UNITY_LIGHTMAP_RGBM_ENCODING UNITY_METAL_SHADOWS_USE_POINT_FILTERING UNITY_NO_DXT5nm UNITY_NO_SCREENSPACE_SHADOWS UNITY_PBS_USE_BRDF2 UNITY_PBS_USE_BRDF3 UNITY_PRETRANSFORM_TO_DISPLAY_ORIENTATION UNITY_UNIFIED_SHADER_PRECISION_MODEL UNITY_VIRTUAL_TEXTURING _ADD_PRECOMPUTED_VELOCITY _TRANSPARENT_REFRACTIVE_SORT _TRANSPARENT_WRITES_MOTION_VEC
Shader error in 'Krag Kings/Native Groom/NativeFurAuthored': syntax error: unexpected token 'point' at Assets/NativeGroom/NativeFurAuthored.shadergraph(4307) (on d3d11)

Compiling Subshader: 0, Pass: MotionVectors, Vertex program with HAIR_VERTEX_LIVE _DOUBLESIDED_ON _SURFACE_TYPE_TRANSPARENT
Platform defines: SHADER_API_DESKTOP UNITY_ENABLE_DETAIL_NORMALMAP UNITY_ENABLE_REFLECTION_BUFFERS UNITY_LIGHTMAP_FULL_HDR UNITY_LIGHT_PROBE_PROXY_VOLUME UNITY_PASS_MOTIONVECTORS UNITY_PBS_USE_BRDF1 UNITY_PLATFORM_SUPPORTS_DEPTH_FETCH UNITY_SPECCUBE_BLENDING UNITY_SPECCUBE_BOX_PROJECTION UNITY_USE_DITHER_MASK_FOR_ALPHABLENDED_SHADOWS
Disabled keywords: DOTS_INSTANCING_ON HAIR_VERTEX_STATIC INSTANCING_ON PROCEDURAL_INSTANCING_ON SHADER_API_GLES30 SHADER_API_GLES31 SHADER_API_GLES32 UNITY_ASTC_NORMALMAP_ENCODING UNITY_COLORSPACE_GAMMA UNITY_FRAMEBUFFER_FETCH_AVAILABLE UNITY_HARDWARE_TIER1 UNITY_HARDWARE_TIER2 UNITY_HARDWARE_TIER3 UNITY_LIGHTMAP_DLDR_ENCODING UNITY_LIGHTMAP_RGBM_ENCODING UNITY_METAL_SHADOWS_USE_POINT_FILTERING UNITY_NO_DXT5nm UNITY_NO_SCREENSPACE_SHADOWS UNITY_PBS_USE_BRDF2 UNITY_PBS_USE_BRDF3 UNITY_PRETRANSFORM_TO_DISPLAY_ORIENTATION UNITY_UNIFIED_SHADER_PRECISION_MODEL UNITY_VIRTUAL_TEXTURING _ADD_PRECOMPUTED_VELOCITY _TRANSPARENT_REFRACTIVE_SORT _TRANSPARENT_WRITES_MOTION_VEC
Shader error in 'Krag Kings/Native Groom/NativeFurAuthored': syntax error: unexpected token 'point' at Assets/NativeGroom/NativeFurAuthored.shadergraph(399) (on d3d11)

Compiling Subshader: 0, Pass: ShadowCaster, Vertex program with HAIR_VERTEX_LIVE _DOUBLESIDED_ON
Platform defines: SHADER_API_DESKTOP UNITY_ENABLE_DETAIL_NORMALMAP UNITY_ENABLE_REFLECTION_BUFFERS UNITY_LIGHTMAP_FULL_HDR UNITY_LIGHT_PROBE_PROXY_VOLUME UNITY_PASS_SHADOWCASTER UNITY_PBS_USE_BRDF1 UNITY_PLATFORM_SUPPORTS_DEPTH_FETCH UNITY_SPECCUBE_BLENDING UNITY_SPECCUBE_BOX_PROJECTION UNITY_USE_DITHER_MASK_FOR_ALPHABLENDED_SHADOWS
Disabled keywords: DOTS_INSTANCING_ON HAIR_VERTEX_STATIC INSTANCING_ON PROCEDURAL_INSTANCING_ON SHADER_API_GLES30 SHADER_API_GLES31 SHADER_API_GLES32 UNITY_ASTC_NORMALMAP_ENCODING UNITY_COLORSPACE_GAMMA UNITY_FRAMEBUFFER_FETCH_AVAILABLE UNITY_HARDWARE_TIER1 UNITY_HARDWARE_TIER2 UNITY_HARDWARE_TIER3 UNITY_LIGHTMAP_DLDR_ENCODING UNITY_LIGHTMAP_RGBM_ENCODING UNITY_METAL_SHADOWS_USE_POINT_FILTERING UNITY_NO_DXT5nm UNITY_NO_SCREENSPACE_SHADOWS UNITY_PBS_USE_BRDF2 UNITY_PBS_USE_BRDF3 UNITY_PRETRANSFORM_TO_DISPLAY_ORIENTATION UNITY_UNIFIED_SHADER_PRECISION_MODEL UNITY_VIRTUAL_TEXTURING
Shader error in 'Krag Kings/Native Groom/NativeFurAuthored': 'floor': no matching 0 parameter intrinsic function; Possible intrinsic functions are: floor(float|half|min10float|min16float) at Assets/NativeGroom/NativeFurAuthored.shadergraph(400) (on d3d11)

Compiling Subshader: 0, Pass: ShadowCaster, Vertex program with HAIR_VERTEX_LIVE _DOUBLESIDED_ON
Platform defines: SHADER_API_DESKTOP UNITY_ENABLE_DETAIL_NORMALMAP UNITY_ENABLE_REFLECTION_BUFFERS UNITY_LIGHTMAP_FULL_HDR UNITY_LIGHT_PROBE_PROXY_VOLUME UNITY_PASS_SHADOWCASTER UNITY_PBS_USE_BRDF1 UNITY_PLATFORM_SUPPORTS_DEPTH_FETCH UNITY_SPECCUBE_BLENDING UNITY_SPECCUBE_BOX_PROJECTION UNITY_USE_DITHER_MASK_FOR_ALPHABLENDED_SHADOWS
Disabled keywords: DOTS_INSTANCING_ON HAIR_VERTEX_STATIC INSTANCING_ON PROCEDURAL_INSTANCING_ON SHADER_API_GLES30 SHADER_API_GLES31 SHADER_API_GLES32 UNITY_ASTC_NORMALMAP_ENCODING UNITY_COLORSPACE_GAMMA UNITY_FRAMEBUFFER_FETCH_AVAILABLE UNITY_HARDWARE_TIER1 UNITY_HARDWARE_TIER2 UNITY_HARDWARE_TIER3 UNITY_LIGHTMAP_DLDR_ENCODING UNITY_LIGHTMAP_RGBM_ENCODING UNITY_METAL_SHADOWS_USE_POINT_FILTERING UNITY_NO_DXT5nm UNITY_NO_SCREENSPACE_SHADOWS UNITY_PBS_USE_BRDF2 UNITY_PBS_USE_BRDF3 UNITY_PRETRANSFORM_TO_DISPLAY_ORIENTATION UNITY_UNIFIED_SHADER_PRECISION_MODEL UNITY_VIRTUAL_TEXTURING
Shader error in 'Krag Kings/Native Groom/NativeFurAuthored': syntax error: unexpected token 'point' at Assets/NativeGroom/NativeFurAuthored.shadergraph(400) (on d3d11)

Compiling Subshader: 0, Pass: ShadowCaster, Vertex program with HAIR_VERTEX_LIVE _DOUBLESIDED_ON
Platform defines: SHADER_API_DESKTOP UNITY_ENABLE_DETAIL_NORMALMAP UNITY_ENABLE_REFLECTION_BUFFERS UNITY_LIGHTMAP_FULL_HDR UNITY_LIGHT_PROBE_PROXY_VOLUME UNITY_PASS_SHADOWCASTER UNITY_PBS_USE_BRDF1 UNITY_PLATFORM_SUPPORTS_DEPTH_FETCH UNITY_SPECCUBE_BLENDING UNITY_SPECCUBE_BOX_PROJECTION UNITY_USE_DITHER_MASK_FOR_ALPHABLENDED_SHADOWS
Disabled keywords: DOTS_INSTANCING_ON HAIR_VERTEX_STATIC INSTANCING_ON PROCEDURAL_INSTANCING_ON SHADER_API_GLES30 SHADER_API_GLES31 SHADER_API_GLES32 UNITY_ASTC_NORMALMAP_ENCODING UNITY_COLORSPACE_GAMMA UNITY_FRAMEBUFFER_FETCH_AVAILABLE UNITY_HARDWARE_TIER1 UNITY_HARDWARE_TIER2 UNITY_HARDWARE_TIER3 UNITY_LIGHTMAP_DLDR_ENCODING UNITY_LIGHTMAP_RGBM_ENCODING UNITY_METAL_SHADOWS_USE_POINT_FILTERING UNITY_NO_DXT5nm UNITY_NO_SCREENSPACE_SHADOWS UNITY_PBS_USE_BRDF2 UNITY_PBS_USE_BRDF3 UNITY_PRETRANSFORM_TO_DISPLAY_ORIENTATION UNITY_UNIFIED_SHADER_PRECISION_MODEL UNITY_VIRTUAL_TEXTURING
Shader error in 'Krag Kings/Native Groom/NativeFurAuthored': syntax error: unexpected token 'point' at Assets/NativeGroom/NativeFurAuthored.shadergraph(1375) (on d3d11)

Compiling Subshader: 0, Pass: META, Vertex program with HAIR_VERTEX_LIVE _DOUBLESIDED_ON _SURFACE_TYPE_TRANSPARENT
Platform defines: SHADER_API_DESKTOP UNITY_ENABLE_DETAIL_NORMALMAP UNITY_ENABLE_REFLECTION_BUFFERS UNITY_LIGHTMAP_FULL_HDR UNITY_LIGHT_PROBE_PROXY_VOLUME UNITY_PASS_META UNITY_PBS_USE_BRDF1 UNITY_PLATFORM_SUPPORTS_DEPTH_FETCH UNITY_SPECCUBE_BLENDING UNITY_SPECCUBE_BOX_PROJECTION UNITY_USE_DITHER_MASK_FOR_ALPHABLENDED_SHADOWS
Disabled keywords: DOTS_INSTANCING_ON EDITOR_VISUALIZATION HAIR_VERTEX_STATIC INSTANCING_ON PROCEDURAL_INSTANCING_ON SHADER_API_GLES30 SHADER_API_GLES31 SHADER_API_GLES32 UNITY_ASTC_NORMALMAP_ENCODING UNITY_COLORSPACE_GAMMA UNITY_FRAMEBUFFER_FETCH_AVAILABLE UNITY_HARDWARE_TIER1 UNITY_HARDWARE_TIER2 UNITY_HARDWARE_TIER3 UNITY_LIGHTMAP_DLDR_ENCODING UNITY_LIGHTMAP_RGBM_ENCODING UNITY_METAL_SHADOWS_USE_POINT_FILTERING UNITY_NO_DXT5nm UNITY_NO_SCREENSPACE_SHADOWS UNITY_PBS_USE_BRDF2 UNITY_PBS_USE_BRDF3 UNITY_PRETRANSFORM_TO_DISPLAY_ORIENTATION UNITY_UNIFIED_SHADER_PRECISION_MODEL UNITY_VIRTUAL_TEXTURING
Shader error in 'Krag Kings/Native Groom/NativeFurAuthored': 'floor': no matching 0 parameter intrinsic function; Possible intrinsic functions are: floor(float|half|min10float|min16float) at Assets/NativeGroom/NativeFurAuthored.shadergraph(1376) (on d3d11)

Compiling Subshader: 0, Pass: META, Vertex program with HAIR_VERTEX_LIVE _DOUBLESIDED_ON _SURFACE_TYPE_TRANSPARENT
Platform defines: SHADER_API_DESKTOP UNITY_ENABLE_DETAIL_NORMALMAP UNITY_ENABLE_REFLECTION_BUFFERS UNITY_LIGHTMAP_FULL_HDR UNITY_LIGHT_PROBE_PROXY_VOLUME UNITY_PASS_META UNITY_PBS_USE_BRDF1 UNITY_PLATFORM_SUPPORTS_DEPTH_FETCH UNITY_SPECCUBE_BLENDING UNITY_SPECCUBE_BOX_PROJECTION UNITY_USE_DITHER_MASK_FOR_ALPHABLENDED_SHADOWS
Disabled keywords: DOTS_INSTANCING_ON EDITOR_VISUALIZATION HAIR_VERTEX_STATIC INSTANCING_ON PROCEDURAL_INSTANCING_ON SHADER_API_GLES30 SHADER_API_GLES31 SHADER_API_GLES32 UNITY_ASTC_NORMALMAP_ENCODING UNITY_COLORSPACE_GAMMA UNITY_FRAMEBUFFER_FETCH_AVAILABLE UNITY_HARDWARE_TIER1 UNITY_HARDWARE_TIER2 UNITY_HARDWARE_TIER3 UNITY_LIGHTMAP_DLDR_ENCODING UNITY_LIGHTMAP_RGBM_ENCODING UNITY_METAL_SHADOWS_USE_POINT_FILTERING UNITY_NO_DXT5nm UNITY_NO_SCREENSPACE_SHADOWS UNITY_PBS_USE_BRDF2 UNITY_PBS_USE_BRDF3 UNITY_PRETRANSFORM_TO_DISPLAY_ORIENTATION UNITY_UNIFIED_SHADER_PRECISION_MODEL UNITY_VIRTUAL_TEXTURING
Shader error in 'Krag Kings/Native Groom/NativeFurAuthored': syntax error: unexpected token 'point' at Assets/NativeGroom/NativeFurAuthored.shadergraph(1376) (on d3d11)

Compiling Subshader: 0, Pass: META, Vertex program with HAIR_VERTEX_LIVE _DOUBLESIDED_ON _SURFACE_TYPE_TRANSPARENT
Platform defines: SHADER_API_DESKTOP UNITY_ENABLE_DETAIL_NORMALMAP UNITY_ENABLE_REFLECTION_BUFFERS UNITY_LIGHTMAP_FULL_HDR UNITY_LIGHT_PROBE_PROXY_VOLUME UNITY_PASS_META UNITY_PBS_USE_BRDF1 UNITY_PLATFORM_SUPPORTS_DEPTH_FETCH UNITY_SPECCUBE_BLENDING UNITY_SPECCUBE_BOX_PROJECTION UNITY_USE_DITHER_MASK_FOR_ALPHABLENDED_SHADOWS
Disabled keywords: DOTS_INSTANCING_ON EDITOR_VISUALIZATION HAIR_VERTEX_STATIC INSTANCING_ON PROCEDURAL_INSTANCING_ON SHADER_API_GLES30 SHADER_API_GLES31 SHADER_API_GLES32 UNITY_ASTC_NORMALMAP_ENCODING UNITY_COLORSPACE_GAMMA UNITY_FRAMEBUFFER_FETCH_AVAILABLE UNITY_HARDWARE_TIER1 UNITY_HARDWARE_TIER2 UNITY_HARDWARE_TIER3 UNITY_LIGHTMAP_DLDR_ENCODING UNITY_LIGHTMAP_RGBM_ENCODING UNITY_METAL_SHADOWS_USE_POINT_FILTERING UNITY_NO_DXT5nm UNITY_NO_SCREENSPACE_SHADOWS UNITY_PBS_USE_BRDF2 UNITY_PBS_USE_BRDF3 UNITY_PRETRANSFORM_TO_DISPLAY_ORIENTATION UNITY_UNIFIED_SHADER_PRECISION_MODEL UNITY_VIRTUAL_TEXTURING
Shader error in 'Krag Kings/Native Groom/NativeFurAuthored': syntax error: unexpected token 'point' at Assets/NativeGroom/NativeFurAuthored.shadergraph(2326) (on d3d11)

Compiling Subshader: 0, Pass: ScenePickingPass, Vertex program with HAIR_VERTEX_LIVE _DOUBLESIDED_ON
Platform defines: SHADER_API_DESKTOP UNITY_ENABLE_DETAIL_NORMALMAP UNITY_ENABLE_REFLECTION_BUFFERS UNITY_LIGHTMAP_FULL_HDR UNITY_LIGHT_PROBE_PROXY_VOLUME UNITY_PBS_USE_BRDF1 UNITY_PLATFORM_SUPPORTS_DEPTH_FETCH UNITY_SPECCUBE_BLENDING UNITY_SPECCUBE_BOX_PROJECTION UNITY_USE_DITHER_MASK_FOR_ALPHABLENDED_SHADOWS
Disabled keywords: DOTS_INSTANCING_ON HAIR_VERTEX_STATIC INSTANCING_ON PROCEDURAL_INSTANCING_ON SHADER_API_GLES30 SHADER_API_GLES31 SHADER_API_GLES32 UNITY_ASTC_NORMALMAP_ENCODING UNITY_COLORSPACE_GAMMA UNITY_FRAMEBUFFER_FETCH_AVAILABLE UNITY_HARDWARE_TIER1 UNITY_HARDWARE_TIER2 UNITY_HARDWARE_TIER3 UNITY_LIGHTMAP_DLDR_ENCODING UNITY_LIGHTMAP_RGBM_ENCODING UNITY_METAL_SHADOWS_USE_POINT_FILTERING UNITY_NO_DXT5nm UNITY_NO_SCREENSPACE_SHADOWS UNITY_PBS_USE_BRDF2 UNITY_PBS_USE_BRDF3 UNITY_PRETRANSFORM_TO_DISPLAY_ORIENTATION UNITY_UNIFIED_SHADER_PRECISION_MODEL UNITY_VIRTUAL_TEXTURING
Shader error in 'Krag Kings/Native Groom/NativeFurAuthored': 'floor': no matching 0 parameter intrinsic function; Possible intrinsic functions are: floor(float|half|min10float|min16float) at Assets/NativeGroom/NativeFurAuthored.shadergraph(2327) (on d3d11)

Compiling Subshader: 0, Pass: ScenePickingPass, Vertex program with HAIR_VERTEX_LIVE _DOUBLESIDED_ON
Platform defines: SHADER_API_DESKTOP UNITY_ENABLE_DETAIL_NORMALMAP UNITY_ENABLE_REFLECTION_BUFFERS UNITY_LIGHTMAP_FULL_HDR UNITY_LIGHT_PROBE_PROXY_VOLUME UNITY_PBS_USE_BRDF1 UNITY_PLATFORM_SUPPORTS_DEPTH_FETCH UNITY_SPECCUBE_BLENDING UNITY_SPECCUBE_BOX_PROJECTION UNITY_USE_DITHER_MASK_FOR_ALPHABLENDED_SHADOWS
Disabled keywords: DOTS_INSTANCING_ON HAIR_VERTEX_STATIC INSTANCING_ON PROCEDURAL_INSTANCING_ON SHADER_API_GLES30 SHADER_API_GLES31 SHADER_API_GLES32 UNITY_ASTC_NORMALMAP_ENCODING UNITY_COLORSPACE_GAMMA UNITY_FRAMEBUFFER_FETCH_AVAILABLE UNITY_HARDWARE_TIER1 UNITY_HARDWARE_TIER2 UNITY_HARDWARE_TIER3 UNITY_LIGHTMAP_DLDR_ENCODING UNITY_LIGHTMAP_RGBM_ENCODING UNITY_METAL_SHADOWS_USE_POINT_FILTERING UNITY_NO_DXT5nm UNITY_NO_SCREENSPACE_SHADOWS UNITY_PBS_USE_BRDF2 UNITY_PBS_USE_BRDF3 UNITY_PRETRANSFORM_TO_DISPLAY_ORIENTATION UNITY_UNIFIED_SHADER_PRECISION_MODEL UNITY_VIRTUAL_TEXTURING
Shader error in 'Krag Kings/Native Groom/NativeFurAuthored': syntax error: unexpected token 'point' at Assets/NativeGroom/NativeFurAuthored.shadergraph(2327) (on d3d11)

Compiling Subshader: 0, Pass: ScenePickingPass, Vertex program with HAIR_VERTEX_LIVE _DOUBLESIDED_ON
Platform defines: SHADER_API_DESKTOP UNITY_ENABLE_DETAIL_NORMALMAP UNITY_ENABLE_REFLECTION_BUFFERS UNITY_LIGHTMAP_FULL_HDR UNITY_LIGHT_PROBE_PROXY_VOLUME UNITY_PBS_USE_BRDF1 UNITY_PLATFORM_SUPPORTS_DEPTH_FETCH UNITY_SPECCUBE_BLENDING UNITY_SPECCUBE_BOX_PROJECTION UNITY_USE_DITHER_MASK_FOR_ALPHABLENDED_SHADOWS
Disabled keywords: DOTS_INSTANCING_ON HAIR_VERTEX_STATIC INSTANCING_ON PROCEDURAL_INSTANCING_ON SHADER_API_GLES30 SHADER_API_GLES31 SHADER_API_GLES32 UNITY_ASTC_NORMALMAP_ENCODING UNITY_COLORSPACE_GAMMA UNITY_FRAMEBUFFER_FETCH_AVAILABLE UNITY_HARDWARE_TIER1 UNITY_HARDWARE_TIER2 UNITY_HARDWARE_TIER3 UNITY_LIGHTMAP_DLDR_ENCODING UNITY_LIGHTMAP_RGBM_ENCODING UNITY_METAL_SHADOWS_USE_POINT_FILTERING UNITY_NO_DXT5nm UNITY_NO_SCREENSPACE_SHADOWS UNITY_PBS_USE_BRDF2 UNITY_PBS_USE_BRDF3 UNITY_PRETRANSFORM_TO_DISPLAY_ORIENTATION UNITY_UNIFIED_SHADER_PRECISION_MODEL UNITY_VIRTUAL_TEXTURING
Shader error in 'Krag Kings/Native Groom/NativeFurAuthored': syntax error: unexpected token 'point' at Assets/NativeGroom/NativeFurAuthored.shadergraph(3310) (on d3d11)

Compiling Subshader: 0, Pass: SceneSelectionPass, Vertex program with HAIR_VERTEX_LIVE _DOUBLESIDED_ON
Platform defines: SHADER_API_DESKTOP UNITY_ENABLE_DETAIL_NORMALMAP UNITY_ENABLE_REFLECTION_BUFFERS UNITY_LIGHTMAP_FULL_HDR UNITY_LIGHT_PROBE_PROXY_VOLUME UNITY_PBS_USE_BRDF1 UNITY_PLATFORM_SUPPORTS_DEPTH_FETCH UNITY_SPECCUBE_BLENDING UNITY_SPECCUBE_BOX_PROJECTION UNITY_USE_DITHER_MASK_FOR_ALPHABLENDED_SHADOWS
Disabled keywords: DOTS_INSTANCING_ON HAIR_VERTEX_STATIC INSTANCING_ON PROCEDURAL_INSTANCING_ON SHADER_API_GLES30 SHADER_API_GLES31 SHADER_API_GLES32 UNITY_ASTC_NORMALMAP_ENCODING UNITY_COLORSPACE_GAMMA UNITY_FRAMEBUFFER_FETCH_AVAILABLE UNITY_HARDWARE_TIER1 UNITY_HARDWARE_TIER2 UNITY_HARDWARE_TIER3 UNITY_LIGHTMAP_DLDR_ENCODING UNITY_LIGHTMAP_RGBM_ENCODING UNITY_METAL_SHADOWS_USE_POINT_FILTERING UNITY_NO_DXT5nm UNITY_NO_SCREENSPACE_SHADOWS UNITY_PBS_USE_BRDF2 UNITY_PBS_USE_BRDF3 UNITY_PRETRANSFORM_TO_DISPLAY_ORIENTATION UNITY_UNIFIED_SHADER_PRECISION_MODEL UNITY_VIRTUAL_TEXTURING
Shader error in 'Krag Kings/Native Groom/NativeFurAuthored': 'floor': no matching 0 parameter intrinsic function; Possible intrinsic functions are: floor(float|half|min10float|min16float) at Assets/NativeGroom/NativeFurAuthored.shadergraph(3311) (on d3d11)

Compiling Subshader: 0, Pass: SceneSelectionPass, Vertex program with HAIR_VERTEX_LIVE _DOUBLESIDED_ON
Platform defines: SHADER_API_DESKTOP UNITY_ENABLE_DETAIL_NORMALMAP UNITY_ENABLE_REFLECTION_BUFFERS UNITY_LIGHTMAP_FULL_HDR UNITY_LIGHT_PROBE_PROXY_VOLUME UNITY_PBS_USE_BRDF1 UNITY_PLATFORM_SUPPORTS_DEPTH_FETCH UNITY_SPECCUBE_BLENDING UNITY_SPECCUBE_BOX_PROJECTION UNITY_USE_DITHER_MASK_FOR_ALPHABLENDED_SHADOWS
Disabled keywords: DOTS_INSTANCING_ON HAIR_VERTEX_STATIC INSTANCING_ON PROCEDURAL_INSTANCING_ON SHADER_API_GLES30 SHADER_API_GLES31 SHADER_API_GLES32 UNITY_ASTC_NORMALMAP_ENCODING UNITY_COLORSPACE_GAMMA UNITY_FRAMEBUFFER_FETCH_AVAILABLE UNITY_HARDWARE_TIER1 UNITY_HARDWARE_TIER2 UNITY_HARDWARE_TIER3 UNITY_LIGHTMAP_DLDR_ENCODING UNITY_LIGHTMAP_RGBM_ENCODING UNITY_METAL_SHADOWS_USE_POINT_FILTERING UNITY_NO_DXT5nm UNITY_NO_SCREENSPACE_SHADOWS UNITY_PBS_USE_BRDF2 UNITY_PBS_USE_BRDF3 UNITY_PRETRANSFORM_TO_DISPLAY_ORIENTATION UNITY_UNIFIED_SHADER_PRECISION_MODEL UNITY_VIRTUAL_TEXTURING
Shader error in 'Krag Kings/Native Groom/NativeFurAuthored': syntax error: unexpected token 'point' at Assets/NativeGroom/NativeFurAuthored.shadergraph(3311) (on d3d11)

Compiling Subshader: 0, Pass: SceneSelectionPass, Vertex program with HAIR_VERTEX_LIVE _DOUBLESIDED_ON
Platform defines: SHADER_API_DESKTOP UNITY_ENABLE_DETAIL_NORMALMAP UNITY_ENABLE_REFLECTION_BUFFERS UNITY_LIGHTMAP_FULL_HDR UNITY_LIGHT_PROBE_PROXY_VOLUME UNITY_PBS_USE_BRDF1 UNITY_PLATFORM_SUPPORTS_DEPTH_FETCH UNITY_SPECCUBE_BLENDING UNITY_SPECCUBE_BOX_PROJECTION UNITY_USE_DITHER_MASK_FOR_ALPHABLENDED_SHADOWS
Disabled keywords: DOTS_INSTANCING_ON HAIR_VERTEX_STATIC INSTANCING_ON PROCEDURAL_INSTANCING_ON SHADER_API_GLES30 SHADER_API_GLES31 SHADER_API_GLES32 UNITY_ASTC_NORMALMAP_ENCODING UNITY_COLORSPACE_GAMMA UNITY_FRAMEBUFFER_FETCH_AVAILABLE UNITY_HARDWARE_TIER1 UNITY_HARDWARE_TIER2 UNITY_HARDWARE_TIER3 UNITY_LIGHTMAP_DLDR_ENCODING UNITY_LIGHTMAP_RGBM_ENCODING UNITY_METAL_SHADOWS_USE_POINT_FILTERING UNITY_NO_DXT5nm UNITY_NO_SCREENSPACE_SHADOWS UNITY_PBS_USE_BRDF2 UNITY_PBS_USE_BRDF3 UNITY_PRETRANSFORM_TO_DISPLAY_ORIENTATION UNITY_UNIFIED_SHADER_PRECISION_MODEL UNITY_VIRTUAL_TEXTURING
Shader error in 'Krag Kings/Native Groom/NativeFurAuthored': syntax error: unexpected token 'point' at Assets/NativeGroom/NativeFurAuthored.shadergraph(4306) (on d3d11)

Compiling Subshader: 0, Pass: MotionVectors, Vertex program with HAIR_VERTEX_LIVE _DOUBLESIDED_ON _SURFACE_TYPE_TRANSPARENT
Platform defines: SHADER_API_DESKTOP UNITY_ENABLE_DETAIL_NORMALMAP UNITY_ENABLE_REFLECTION_BUFFERS UNITY_LIGHTMAP_FULL_HDR UNITY_LIGHT_PROBE_PROXY_VOLUME UNITY_PASS_MOTIONVECTORS UNITY_PBS_USE_BRDF1 UNITY_PLATFORM_SUPPORTS_DEPTH_FETCH UNITY_SPECCUBE_BLENDING UNITY_SPECCUBE_BOX_PROJECTION UNITY_USE_DITHER_MASK_FOR_ALPHABLENDED_SHADOWS
Disabled keywords: DOTS_INSTANCING_ON HAIR_VERTEX_STATIC INSTANCING_ON PROCEDURAL_INSTANCING_ON SHADER_API_GLES30 SHADER_API_GLES31 SHADER_API_GLES32 UNITY_ASTC_NORMALMAP_ENCODING UNITY_COLORSPACE_GAMMA UNITY_FRAMEBUFFER_FETCH_AVAILABLE UNITY_HARDWARE_TIER1 UNITY_HARDWARE_TIER2 UNITY_HARDWARE_TIER3 UNITY_LIGHTMAP_DLDR_ENCODING UNITY_LIGHTMAP_RGBM_ENCODING UNITY_METAL_SHADOWS_USE_POINT_FILTERING UNITY_NO_DXT5nm UNITY_NO_SCREENSPACE_SHADOWS UNITY_PBS_USE_BRDF2 UNITY_PBS_USE_BRDF3 UNITY_PRETRANSFORM_TO_DISPLAY_ORIENTATION UNITY_UNIFIED_SHADER_PRECISION_MODEL UNITY_VIRTUAL_TEXTURING _ADD_PRECOMPUTED_VELOCITY _TRANSPARENT_REFRACTIVE_SORT _TRANSPARENT_WRITES_MOTION_VEC
Shader error in 'Krag Kings/Native Groom/NativeFurAuthored': 'floor': no matching 0 parameter intrinsic function; Possible intrinsic functions are: floor(float|half|min10float|min16float) at Assets/NativeGroom/NativeFurAuthored.shadergraph(4307) (on d3d11)

Compiling Subshader: 0, Pass: MotionVectors, Vertex program with HAIR_VERTEX_LIVE _DOUBLESIDED_ON _SURFACE_TYPE_TRANSPARENT
Platform defines: SHADER_API_DESKTOP UNITY_ENABLE_DETAIL_NORMALMAP UNITY_ENABLE_REFLECTION_BUFFERS UNITY_LIGHTMAP_FULL_HDR UNITY_LIGHT_PROBE_PROXY_VOLUME UNITY_PASS_MOTIONVECTORS UNITY_PBS_USE_BRDF1 UNITY_PLATFORM_SUPPORTS_DEPTH_FETCH UNITY_SPECCUBE_BLENDING UNITY_SPECCUBE_BOX_PROJECTION UNITY_USE_DITHER_MASK_FOR_ALPHABLENDED_SHADOWS
Disabled keywords: DOTS_INSTANCING_ON HAIR_VERTEX_STATIC INSTANCING_ON PROCEDURAL_INSTANCING_ON SHADER_API_GLES30 SHADER_API_GLES31 SHADER_API_GLES32 UNITY_ASTC_NORMALMAP_ENCODING UNITY_COLORSPACE_GAMMA UNITY_FRAMEBUFFER_FETCH_AVAILABLE UNITY_HARDWARE_TIER1 UNITY_HARDWARE_TIER2 UNITY_HARDWARE_TIER3 UNITY_LIGHTMAP_DLDR_ENCODING UNITY_LIGHTMAP_RGBM_ENCODING UNITY_METAL_SHADOWS_USE_POINT_FILTERING UNITY_NO_DXT5nm UNITY_NO_SCREENSPACE_SHADOWS UNITY_PBS_USE_BRDF2 UNITY_PBS_USE_BRDF3 UNITY_PRETRANSFORM_TO_DISPLAY_ORIENTATION UNITY_UNIFIED_SHADER_PRECISION_MODEL UNITY_VIRTUAL_TEXTURING _ADD_PRECOMPUTED_VELOCITY _TRANSPARENT_REFRACTIVE_SORT _TRANSPARENT_WRITES_MOTION_VEC
Shader error in 'Krag Kings/Native Groom/NativeFurAuthored': syntax error: unexpected token 'point' at Assets/NativeGroom/NativeFurAuthored.shadergraph(4307) (on d3d11)

Compiling Subshader: 0, Pass: MotionVectors, Vertex program with HAIR_VERTEX_LIVE _DOUBLESIDED_ON _SURFACE_TYPE_TRANSPARENT
Platform defines: SHADER_API_DESKTOP UNITY_ENABLE_DETAIL_NORMALMAP UNITY_ENABLE_REFLECTION_BUFFERS UNITY_LIGHTMAP_FULL_HDR UNITY_LIGHT_PROBE_PROXY_VOLUME UNITY_PASS_MOTIONVECTORS UNITY_PBS_USE_BRDF1 UNITY_PLATFORM_SUPPORTS_DEPTH_FETCH UNITY_SPECCUBE_BLENDING UNITY_SPECCUBE_BOX_PROJECTION UNITY_USE_DITHER_MASK_FOR_ALPHABLENDED_SHADOWS
Disabled keywords: DOTS_INSTANCING_ON HAIR_VERTEX_STATIC INSTANCING_ON PROCEDURAL_INSTANCING_ON SHADER_API_GLES30 SHADER_API_GLES31 SHADER_API_GLES32 UNITY_ASTC_NORMALMAP_ENCODING UNITY_COLORSPACE_GAMMA UNITY_FRAMEBUFFER_FETCH_AVAILABLE UNITY_HARDWARE_TIER1 UNITY_HARDWARE_TIER2 UNITY_HARDWARE_TIER3 UNITY_LIGHTMAP_DLDR_ENCODING UNITY_LIGHTMAP_RGBM_ENCODING UNITY_METAL_SHADOWS_USE_POINT_FILTERING UNITY_NO_DXT5nm UNITY_NO_SCREENSPACE_SHADOWS UNITY_PBS_USE_BRDF2 UNITY_PBS_USE_BRDF3 UNITY_PRETRANSFORM_TO_DISPLAY_ORIENTATION UNITY_UNIFIED_SHADER_PRECISION_MODEL UNITY_VIRTUAL_TEXTURING _ADD_PRECOMPUTED_VELOCITY _TRANSPARENT_REFRACTIVE_SORT _TRANSPARENT_WRITES_MOTION_VEC
Shader error in 'Krag Kings/Native Groom/NativeFurAuthored': syntax error: unexpected token 'point' at Assets/NativeGroom/NativeFurAuthored.shadergraph(5300) (on d3d11)

Compiling Subshader: 0, Pass: TransparentDepthPrepass, Vertex program with HAIR_VERTEX_LIVE _DOUBLESIDED_ON _SURFACE_TYPE_TRANSPARENT
Platform defines: SHADER_API_DESKTOP UNITY_ENABLE_DETAIL_NORMALMAP UNITY_ENABLE_REFLECTION_BUFFERS UNITY_LIGHTMAP_FULL_HDR UNITY_LIGHT_PROBE_PROXY_VOLUME UNITY_PBS_USE_BRDF1 UNITY_PLATFORM_SUPPORTS_DEPTH_FETCH UNITY_SPECCUBE_BLENDING UNITY_SPECCUBE_BOX_PROJECTION UNITY_USE_DITHER_MASK_FOR_ALPHABLENDED_SHADOWS
Disabled keywords: DOTS_INSTANCING_ON HAIR_VERTEX_STATIC INSTANCING_ON PROCEDURAL_INSTANCING_ON SHADER_API_GLES30 SHADER_API_GLES31 SHADER_API_GLES32 UNITY_ASTC_NORMALMAP_ENCODING UNITY_COLORSPACE_GAMMA UNITY_FRAMEBUFFER_FETCH_AVAILABLE UNITY_HARDWARE_TIER1 UNITY_HARDWARE_TIER2 UNITY_HARDWARE_TIER3 UNITY_LIGHTMAP_DLDR_ENCODING UNITY_LIGHTMAP_RGBM_ENCODING UNITY_METAL_SHADOWS_USE_POINT_FILTERING UNITY_NO_DXT5nm UNITY_NO_SCREENSPACE_SHADOWS UNITY_PBS_USE_BRDF2 UNITY_PBS_USE_BRDF3 UNITY_PRETRANSFORM_TO_DISPLAY_ORIENTATION UNITY_UNIFIED_SHADER_PRECISION_MODEL UNITY_VIRTUAL_TEXTURING _TRANSPARENT_REFRACTIVE_SORT _TRANSPARENT_WRITES_MOTION_VEC
Shader error in 'Krag Kings/Native Groom/NativeFurAuthored': 'floor': no matching 0 parameter intrinsic function; Possible intrinsic functions are: floor(float|half|min10float|min16float) at Assets/NativeGroom/NativeFurAuthored.shadergraph(5301) (on d3d11)

Compiling Subshader: 0, Pass: TransparentDepthPrepass, Vertex program with HAIR_VERTEX_LIVE _DOUBLESIDED_ON _SURFACE_TYPE_TRANSPARENT
Platform defines: SHADER_API_DESKTOP UNITY_ENABLE_DETAIL_NORMALMAP UNITY_ENABLE_REFLECTION_BUFFERS UNITY_LIGHTMAP_FULL_HDR UNITY_LIGHT_PROBE_PROXY_VOLUME UNITY_PBS_USE_BRDF1 UNITY_PLATFORM_SUPPORTS_DEPTH_FETCH UNITY_SPECCUBE_BLENDING UNITY_SPECCUBE_BOX_PROJECTION UNITY_USE_DITHER_MASK_FOR_ALPHABLENDED_SHADOWS
Disabled keywords: DOTS_INSTANCING_ON HAIR_VERTEX_STATIC INSTANCING_ON PROCEDURAL_INSTANCING_ON SHADER_API_GLES30 SHADER_API_GLES31 SHADER_API_GLES32 UNITY_ASTC_NORMALMAP_ENCODING UNITY_COLORSPACE_GAMMA UNITY_FRAMEBUFFER_FETCH_AVAILABLE UNITY_HARDWARE_TIER1 UNITY_HARDWARE_TIER2 UNITY_HARDWARE_TIER3 UNITY_LIGHTMAP_DLDR_ENCODING UNITY_LIGHTMAP_RGBM_ENCODING UNITY_METAL_SHADOWS_USE_POINT_FILTERING UNITY_NO_DXT5nm UNITY_NO_SCREENSPACE_SHADOWS UNITY_PBS_USE_BRDF2 UNITY_PBS_USE_BRDF3 UNITY_PRETRANSFORM_TO_DISPLAY_ORIENTATION UNITY_UNIFIED_SHADER_PRECISION_MODEL UNITY_VIRTUAL_TEXTURING _TRANSPARENT_REFRACTIVE_SORT _TRANSPARENT_WRITES_MOTION_VEC
Shader error in 'Krag Kings/Native Groom/NativeFurAuthored': syntax error: unexpected token 'point' at Assets/NativeGroom/NativeFurAuthored.shadergraph(5301) (on d3d11)

Compiling Subshader: 0, Pass: TransparentDepthPrepass, Vertex program with HAIR_VERTEX_LIVE _DOUBLESIDED_ON _SURFACE_TYPE_TRANSPARENT
Platform defines: SHADER_API_DESKTOP UNITY_ENABLE_DETAIL_NORMALMAP UNITY_ENABLE_REFLECTION_BUFFERS UNITY_LIGHTMAP_FULL_HDR UNITY_LIGHT_PROBE_PROXY_VOLUME UNITY_PBS_USE_BRDF1 UNITY_PLATFORM_SUPPORTS_DEPTH_FETCH UNITY_SPECCUBE_BLENDING UNITY_SPECCUBE_BOX_PROJECTION UNITY_USE_DITHER_MASK_FOR_ALPHABLENDED_SHADOWS
Disabled keywords: DOTS_INSTANCING_ON HAIR_VERTEX_STATIC INSTANCING_ON PROCEDURAL_INSTANCING_ON SHADER_API_GLES30 SHADER_API_GLES31 SHADER_API_GLES32 UNITY_ASTC_NORMALMAP_ENCODING UNITY_COLORSPACE_GAMMA UNITY_FRAMEBUFFER_FETCH_AVAILABLE UNITY_HARDWARE_TIER1 UNITY_HARDWARE_TIER2 UNITY_HARDWARE_TIER3 UNITY_LIGHTMAP_DLDR_ENCODING UNITY_LIGHTMAP_RGBM_ENCODING UNITY_METAL_SHADOWS_USE_POINT_FILTERING UNITY_NO_DXT5nm UNITY_NO_SCREENSPACE_SHADOWS UNITY_PBS_USE_BRDF2 UNITY_PBS_USE_BRDF3 UNITY_PRETRANSFORM_TO_DISPLAY_ORIENTATION UNITY_UNIFIED_SHADER_PRECISION_MODEL UNITY_VIRTUAL_TEXTURING _TRANSPARENT_REFRACTIVE_SORT _TRANSPARENT_WRITES_MOTION_VEC
Shader error in 'Krag Kings/Native Groom/NativeFurAuthored': syntax error: unexpected token 'point' at Assets/NativeGroom/NativeFurAuthored.shadergraph(399) (on d3d11)

Compiling Subshader: 0, Pass: ShadowCaster, Vertex program with HAIR_VERTEX_LIVE _DOUBLESIDED_ON
Platform defines: SHADER_API_DESKTOP UNITY_ENABLE_DETAIL_NORMALMAP UNITY_ENABLE_REFLECTION_BUFFERS UNITY_LIGHTMAP_FULL_HDR UNITY_LIGHT_PROBE_PROXY_VOLUME UNITY_PASS_SHADOWCASTER UNITY_PBS_USE_BRDF1 UNITY_PLATFORM_SUPPORTS_DEPTH_FETCH UNITY_SPECCUBE_BLENDING UNITY_SPECCUBE_BOX_PROJECTION UNITY_USE_DITHER_MASK_FOR_ALPHABLENDED_SHADOWS
Disabled keywords: DOTS_INSTANCING_ON HAIR_VERTEX_STATIC INSTANCING_ON PROCEDURAL_INSTANCING_ON SHADER_API_GLES30 SHADER_API_GLES31 SHADER_API_GLES32 UNITY_ASTC_NORMALMAP_ENCODING UNITY_COLORSPACE_GAMMA UNITY_FRAMEBUFFER_FETCH_AVAILABLE UNITY_HARDWARE_TIER1 UNITY_HARDWARE_TIER2 UNITY_HARDWARE_TIER3 UNITY_LIGHTMAP_DLDR_ENCODING UNITY_LIGHTMAP_RGBM_ENCODING UNITY_METAL_SHADOWS_USE_POINT_FILTERING UNITY_NO_DXT5nm UNITY_NO_SCREENSPACE_SHADOWS UNITY_PBS_USE_BRDF2 UNITY_PBS_USE_BRDF3 UNITY_PRETRANSFORM_TO_DISPLAY_ORIENTATION UNITY_UNIFIED_SHADER_PRECISION_MODEL UNITY_VIRTUAL_TEXTURING
Shader error in 'Krag Kings/Native Groom/NativeFurAuthored': 'floor': no matching 0 parameter intrinsic function; Possible intrinsic functions are: floor(float|half|min10float|min16float) at Assets/NativeGroom/NativeFurAuthored.shadergraph(400) (on d3d11)

Compiling Subshader: 0, Pass: ShadowCaster, Vertex program with HAIR_VERTEX_LIVE _DOUBLESIDED_ON
Platform defines: SHADER_API_DESKTOP UNITY_ENABLE_DETAIL_NORMALMAP UNITY_ENABLE_REFLECTION_BUFFERS UNITY_LIGHTMAP_FULL_HDR UNITY_LIGHT_PROBE_PROXY_VOLUME UNITY_PASS_SHADOWCASTER UNITY_PBS_USE_BRDF1 UNITY_PLATFORM_SUPPORTS_DEPTH_FETCH UNITY_SPECCUBE_BLENDING UNITY_SPECCUBE_BOX_PROJECTION UNITY_USE_DITHER_MASK_FOR_ALPHABLENDED_SHADOWS
Disabled keywords: DOTS_INSTANCING_ON HAIR_VERTEX_STATIC INSTANCING_ON PROCEDURAL_INSTANCING_ON SHADER_API_GLES30 SHADER_API_GLES31 SHADER_API_GLES32 UNITY_ASTC_NORMALMAP_ENCODING UNITY_COLORSPACE_GAMMA UNITY_FRAMEBUFFER_FETCH_AVAILABLE UNITY_HARDWARE_TIER1 UNITY_HARDWARE_TIER2 UNITY_HARDWARE_TIER3 UNITY_LIGHTMAP_DLDR_ENCODING UNITY_LIGHTMAP_RGBM_ENCODING UNITY_METAL_SHADOWS_USE_POINT_FILTERING UNITY_NO_DXT5nm UNITY_NO_SCREENSPACE_SHADOWS UNITY_PBS_USE_BRDF2 UNITY_PBS_USE_BRDF3 UNITY_PRETRANSFORM_TO_DISPLAY_ORIENTATION UNITY_UNIFIED_SHADER_PRECISION_MODEL UNITY_VIRTUAL_TEXTURING
Shader error in 'Krag Kings/Native Groom/NativeFurAuthored': syntax error: unexpected token 'point' at Assets/NativeGroom/NativeFurAuthored.shadergraph(400) (on d3d11)

Compiling Subshader: 0, Pass: ShadowCaster, Vertex program with HAIR_VERTEX_LIVE _DOUBLESIDED_ON
Platform defines: SHADER_API_DESKTOP UNITY_ENABLE_DETAIL_NORMALMAP UNITY_ENABLE_REFLECTION_BUFFERS UNITY_LIGHTMAP_FULL_HDR UNITY_LIGHT_PROBE_PROXY_VOLUME UNITY_PASS_SHADOWCASTER UNITY_PBS_USE_BRDF1 UNITY_PLATFORM_SUPPORTS_DEPTH_FETCH UNITY_SPECCUBE_BLENDING UNITY_SPECCUBE_BOX_PROJECTION UNITY_USE_DITHER_MASK_FOR_ALPHABLENDED_SHADOWS
Disabled keywords: DOTS_INSTANCING_ON HAIR_VERTEX_STATIC INSTANCING_ON PROCEDURAL_INSTANCING_ON SHADER_API_GLES30 SHADER_API_GLES31 SHADER_API_GLES32 UNITY_ASTC_NORMALMAP_ENCODING UNITY_COLORSPACE_GAMMA UNITY_FRAMEBUFFER_FETCH_AVAILABLE UNITY_HARDWARE_TIER1 UNITY_HARDWARE_TIER2 UNITY_HARDWARE_TIER3 UNITY_LIGHTMAP_DLDR_ENCODING UNITY_LIGHTMAP_RGBM_ENCODING UNITY_METAL_SHADOWS_USE_POINT_FILTERING UNITY_NO_DXT5nm UNITY_NO_SCREENSPACE_SHADOWS UNITY_PBS_USE_BRDF2 UNITY_PBS_USE_BRDF3 UNITY_PRETRANSFORM_TO_DISPLAY_ORIENTATION UNITY_UNIFIED_SHADER_PRECISION_MODEL UNITY_VIRTUAL_TEXTURING
Shader error in 'Krag Kings/Native Groom/NativeFurAuthored': syntax error: unexpected token 'point' at Assets/NativeGroom/NativeFurAuthored.shadergraph(1375) (on d3d11)

Compiling Subshader: 0, Pass: META, Vertex program with HAIR_VERTEX_LIVE _DOUBLESIDED_ON _SURFACE_TYPE_TRANSPARENT
Platform defines: SHADER_API_DESKTOP UNITY_ENABLE_DETAIL_NORMALMAP UNITY_ENABLE_REFLECTION_BUFFERS UNITY_LIGHTMAP_FULL_HDR UNITY_LIGHT_PROBE_PROXY_VOLUME UNITY_PASS_META UNITY_PBS_USE_BRDF1 UNITY_PLATFORM_SUPPORTS_DEPTH_FETCH UNITY_SPECCUBE_BLENDING UNITY_SPECCUBE_BOX_PROJECTION UNITY_USE_DITHER_MASK_FOR_ALPHABLENDED_SHADOWS
Disabled keywords: DOTS_INSTANCING_ON EDITOR_VISUALIZATION HAIR_VERTEX_STATIC INSTANCING_ON PROCEDURAL_INSTANCING_ON SHADER_API_GLES30 SHADER_API_GLES31 SHADER_API_GLES32 UNITY_ASTC_NORMALMAP_ENCODING UNITY_COLORSPACE_GAMMA UNITY_FRAMEBUFFER_FETCH_AVAILABLE UNITY_HARDWARE_TIER1 UNITY_HARDWARE_TIER2 UNITY_HARDWARE_TIER3 UNITY_LIGHTMAP_DLDR_ENCODING UNITY_LIGHTMAP_RGBM_ENCODING UNITY_METAL_SHADOWS_USE_POINT_FILTERING UNITY_NO_DXT5nm UNITY_NO_SCREENSPACE_SHADOWS UNITY_PBS_USE_BRDF2 UNITY_PBS_USE_BRDF3 UNITY_PRETRANSFORM_TO_DISPLAY_ORIENTATION UNITY_UNIFIED_SHADER_PRECISION_MODEL UNITY_VIRTUAL_TEXTURING
Shader error in 'Krag Kings/Native Groom/NativeFurAuthored': 'floor': no matching 0 parameter intrinsic function; Possible intrinsic functions are: floor(float|half|min10float|min16float) at Assets/NativeGroom/NativeFurAuthored.shadergraph(1376) (on d3d11)

Compiling Subshader: 0, Pass: META, Vertex program with HAIR_VERTEX_LIVE _DOUBLESIDED_ON _SURFACE_TYPE_TRANSPARENT
Platform defines: SHADER_API_DESKTOP UNITY_ENABLE_DETAIL_NORMALMAP UNITY_ENABLE_REFLECTION_BUFFERS UNITY_LIGHTMAP_FULL_HDR UNITY_LIGHT_PROBE_PROXY_VOLUME UNITY_PASS_META UNITY_PBS_USE_BRDF1 UNITY_PLATFORM_SUPPORTS_DEPTH_FETCH UNITY_SPECCUBE_BLENDING UNITY_SPECCUBE_BOX_PROJECTION UNITY_USE_DITHER_MASK_FOR_ALPHABLENDED_SHADOWS
Disabled keywords: DOTS_INSTANCING_ON EDITOR_VISUALIZATION HAIR_VERTEX_STATIC INSTANCING_ON PROCEDURAL_INSTANCING_ON SHADER_API_GLES30 SHADER_API_GLES31 SHADER_API_GLES32 UNITY_ASTC_NORMALMAP_ENCODING UNITY_COLORSPACE_GAMMA UNITY_FRAMEBUFFER_FETCH_AVAILABLE UNITY_HARDWARE_TIER1 UNITY_HARDWARE_TIER2 UNITY_HARDWARE_TIER3 UNITY_LIGHTMAP_DLDR_ENCODING UNITY_LIGHTMAP_RGBM_ENCODING UNITY_METAL_SHADOWS_USE_POINT_FILTERING UNITY_NO_DXT5nm UNITY_NO_SCREENSPACE_SHADOWS UNITY_PBS_USE_BRDF2 UNITY_PBS_USE_BRDF3 UNITY_PRETRANSFORM_TO_DISPLAY_ORIENTATION UNITY_UNIFIED_SHADER_PRECISION_MODEL UNITY_VIRTUAL_TEXTURING
Shader error in 'Krag Kings/Native Groom/NativeFurAuthored': syntax error: unexpected token 'point' at Assets/NativeGroom/NativeFurAuthored.shadergraph(1376) (on d3d11)

Compiling Subshader: 0, Pass: META, Vertex program with HAIR_VERTEX_LIVE _DOUBLESIDED_ON _SURFACE_TYPE_TRANSPARENT
Platform defines: SHADER_API_DESKTOP UNITY_ENABLE_DETAIL_NORMALMAP UNITY_ENABLE_REFLECTION_BUFFERS UNITY_LIGHTMAP_FULL_HDR UNITY_LIGHT_PROBE_PROXY_VOLUME UNITY_PASS_META UNITY_PBS_USE_BRDF1 UNITY_PLATFORM_SUPPORTS_DEPTH_FETCH UNITY_SPECCUBE_BLENDING UNITY_SPECCUBE_BOX_PROJECTION UNITY_USE_DITHER_MASK_FOR_ALPHABLENDED_SHADOWS
Disabled keywords: DOTS_INSTANCING_ON EDITOR_VISUALIZATION HAIR_VERTEX_STATIC INSTANCING_ON PROCEDURAL_INSTANCING_ON SHADER_API_GLES30 SHADER_API_GLES31 SHADER_API_GLES32 UNITY_ASTC_NORMALMAP_ENCODING UNITY_COLORSPACE_GAMMA UNITY_FRAMEBUFFER_FETCH_AVAILABLE UNITY_HARDWARE_TIER1 UNITY_HARDWARE_TIER2 UNITY_HARDWARE_TIER3 UNITY_LIGHTMAP_DLDR_ENCODING UNITY_LIGHTMAP_RGBM_ENCODING UNITY_METAL_SHADOWS_USE_POINT_FILTERING UNITY_NO_DXT5nm UNITY_NO_SCREENSPACE_SHADOWS UNITY_PBS_USE_BRDF2 UNITY_PBS_USE_BRDF3 UNITY_PRETRANSFORM_TO_DISPLAY_ORIENTATION UNITY_UNIFIED_SHADER_PRECISION_MODEL UNITY_VIRTUAL_TEXTURING
Shader error in 'Krag Kings/Native Groom/NativeFurAuthored': syntax error: unexpected token 'point' at Assets/NativeGroom/NativeFurAuthored.shadergraph(2326) (on d3d11)

Compiling Subshader: 0, Pass: ScenePickingPass, Vertex program with HAIR_VERTEX_LIVE _DOUBLESIDED_ON
Platform defines: SHADER_API_DESKTOP UNITY_ENABLE_DETAIL_NORMALMAP UNITY_ENABLE_REFLECTION_BUFFERS UNITY_LIGHTMAP_FULL_HDR UNITY_LIGHT_PROBE_PROXY_VOLUME UNITY_PBS_USE_BRDF1 UNITY_PLATFORM_SUPPORTS_DEPTH_FETCH UNITY_SPECCUBE_BLENDING UNITY_SPECCUBE_BOX_PROJECTION UNITY_USE_DITHER_MASK_FOR_ALPHABLENDED_SHADOWS
Disabled keywords: DOTS_INSTANCING_ON HAIR_VERTEX_STATIC INSTANCING_ON PROCEDURAL_INSTANCING_ON SHADER_API_GLES30 SHADER_API_GLES31 SHADER_API_GLES32 UNITY_ASTC_NORMALMAP_ENCODING UNITY_COLORSPACE_GAMMA UNITY_FRAMEBUFFER_FETCH_AVAILABLE UNITY_HARDWARE_TIER1 UNITY_HARDWARE_TIER2 UNITY_HARDWARE_TIER3 UNITY_LIGHTMAP_DLDR_ENCODING UNITY_LIGHTMAP_RGBM_ENCODING UNITY_METAL_SHADOWS_USE_POINT_FILTERING UNITY_NO_DXT5nm UNITY_NO_SCREENSPACE_SHADOWS UNITY_PBS_USE_BRDF2 UNITY_PBS_USE_BRDF3 UNITY_PRETRANSFORM_TO_DISPLAY_ORIENTATION UNITY_UNIFIED_SHADER_PRECISION_MODEL UNITY_VIRTUAL_TEXTURING
Shader error in 'Krag Kings/Native Groom/NativeFurAuthored': 'floor': no matching 0 parameter intrinsic function; Possible intrinsic functions are: floor(float|half|min10float|min16float) at Assets/NativeGroom/NativeFurAuthored.shadergraph(2327) (on d3d11)

Compiling Subshader: 0, Pass: ScenePickingPass, Vertex program with HAIR_VERTEX_LIVE _DOUBLESIDED_ON
Platform defines: SHADER_API_DESKTOP UNITY_ENABLE_DETAIL_NORMALMAP UNITY_ENABLE_REFLECTION_BUFFERS UNITY_LIGHTMAP_FULL_HDR UNITY_LIGHT_PROBE_PROXY_VOLUME UNITY_PBS_USE_BRDF1 UNITY_PLATFORM_SUPPORTS_DEPTH_FETCH UNITY_SPECCUBE_BLENDING UNITY_SPECCUBE_BOX_PROJECTION UNITY_USE_DITHER_MASK_FOR_ALPHABLENDED_SHADOWS
Disabled keywords: DOTS_INSTANCING_ON HAIR_VERTEX_STATIC INSTANCING_ON PROCEDURAL_INSTANCING_ON SHADER_API_GLES30 SHADER_API_GLES31 SHADER_API_GLES32 UNITY_ASTC_NORMALMAP_ENCODING UNITY_COLORSPACE_GAMMA UNITY_FRAMEBUFFER_FETCH_AVAILABLE UNITY_HARDWARE_TIER1 UNITY_HARDWARE_TIER2 UNITY_HARDWARE_TIER3 UNITY_LIGHTMAP_DLDR_ENCODING UNITY_LIGHTMAP_RGBM_ENCODING UNITY_METAL_SHADOWS_USE_POINT_FILTERING UNITY_NO_DXT5nm UNITY_NO_SCREENSPACE_SHADOWS UNITY_PBS_USE_BRDF2 UNITY_PBS_USE_BRDF3 UNITY_PRETRANSFORM_TO_DISPLAY_ORIENTATION UNITY_UNIFIED_SHADER_PRECISION_MODEL UNITY_VIRTUAL_TEXTURING
Shader error in 'Krag Kings/Native Groom/NativeFurAuthored': syntax error: unexpected token 'point' at Assets/NativeGroom/NativeFurAuthored.shadergraph(2327) (on d3d11)

Compiling Subshader: 0, Pass: ScenePickingPass, Vertex program with HAIR_VERTEX_LIVE _DOUBLESIDED_ON
Platform defines: SHADER_API_DESKTOP UNITY_ENABLE_DETAIL_NORMALMAP UNITY_ENABLE_REFLECTION_BUFFERS UNITY_LIGHTMAP_FULL_HDR UNITY_LIGHT_PROBE_PROXY_VOLUME UNITY_PBS_USE_BRDF1 UNITY_PLATFORM_SUPPORTS_DEPTH_FETCH UNITY_SPECCUBE_BLENDING UNITY_SPECCUBE_BOX_PROJECTION UNITY_USE_DITHER_MASK_FOR_ALPHABLENDED_SHADOWS
Disabled keywords: DOTS_INSTANCING_ON HAIR_VERTEX_STATIC INSTANCING_ON PROCEDURAL_INSTANCING_ON SHADER_API_GLES30 SHADER_API_GLES31 SHADER_API_GLES32 UNITY_ASTC_NORMALMAP_ENCODING UNITY_COLORSPACE_GAMMA UNITY_FRAMEBUFFER_FETCH_AVAILABLE UNITY_HARDWARE_TIER1 UNITY_HARDWARE_TIER2 UNITY_HARDWARE_TIER3 UNITY_LIGHTMAP_DLDR_ENCODING UNITY_LIGHTMAP_RGBM_ENCODING UNITY_METAL_SHADOWS_USE_POINT_FILTERING UNITY_NO_DXT5nm UNITY_NO_SCREENSPACE_SHADOWS UNITY_PBS_USE_BRDF2 UNITY_PBS_USE_BRDF3 UNITY_PRETRANSFORM_TO_DISPLAY_ORIENTATION UNITY_UNIFIED_SHADER_PRECISION_MODEL UNITY_VIRTUAL_TEXTURING
Shader error in 'Krag Kings/Native Groom/NativeFurAuthored': syntax error: unexpected token 'point' at Assets/NativeGroom/NativeFurAuthored.shadergraph(3310) (on d3d11)

Compiling Subshader: 0, Pass: SceneSelectionPass, Vertex program with HAIR_VERTEX_LIVE _DOUBLESIDED_ON
Platform defines: SHADER_API_DESKTOP UNITY_ENABLE_DETAIL_NORMALMAP UNITY_ENABLE_REFLECTION_BUFFERS UNITY_LIGHTMAP_FULL_HDR UNITY_LIGHT_PROBE_PROXY_VOLUME UNITY_PBS_USE_BRDF1 UNITY_PLATFORM_SUPPORTS_DEPTH_FETCH UNITY_SPECCUBE_BLENDING UNITY_SPECCUBE_BOX_PROJECTION UNITY_USE_DITHER_MASK_FOR_ALPHABLENDED_SHADOWS
Disabled keywords: DOTS_INSTANCING_ON HAIR_VERTEX_STATIC INSTANCING_ON PROCEDURAL_INSTANCING_ON SHADER_API_GLES30 SHADER_API_GLES31 SHADER_API_GLES32 UNITY_ASTC_NORMALMAP_ENCODING UNITY_COLORSPACE_GAMMA UNITY_FRAMEBUFFER_FETCH_AVAILABLE UNITY_HARDWARE_TIER1 UNITY_HARDWARE_TIER2 UNITY_HARDWARE_TIER3 UNITY_LIGHTMAP_DLDR_ENCODING UNITY_LIGHTMAP_RGBM_ENCODING UNITY_METAL_SHADOWS_USE_POINT_FILTERING UNITY_NO_DXT5nm UNITY_NO_SCREENSPACE_SHADOWS UNITY_PBS_USE_BRDF2 UNITY_PBS_USE_BRDF3 UNITY_PRETRANSFORM_TO_DISPLAY_ORIENTATION UNITY_UNIFIED_SHADER_PRECISION_MODEL UNITY_VIRTUAL_TEXTURING
Shader error in 'Krag Kings/Native Groom/NativeFurAuthored': 'floor': no matching 0 parameter intrinsic function; Possible intrinsic functions are: floor(float|half|min10float|min16float) at Assets/NativeGroom/NativeFurAuthored.shadergraph(3311) (on d3d11)

Compiling Subshader: 0, Pass: SceneSelectionPass, Vertex program with HAIR_VERTEX_LIVE _DOUBLESIDED_ON
Platform defines: SHADER_API_DESKTOP UNITY_ENABLE_DETAIL_NORMALMAP UNITY_ENABLE_REFLECTION_BUFFERS UNITY_LIGHTMAP_FULL_HDR UNITY_LIGHT_PROBE_PROXY_VOLUME UNITY_PBS_USE_BRDF1 UNITY_PLATFORM_SUPPORTS_DEPTH_FETCH UNITY_SPECCUBE_BLENDING UNITY_SPECCUBE_BOX_PROJECTION UNITY_USE_DITHER_MASK_FOR_ALPHABLENDED_SHADOWS
Disabled keywords: DOTS_INSTANCING_ON HAIR_VERTEX_STATIC INSTANCING_ON PROCEDURAL_INSTANCING_ON SHADER_API_GLES30 SHADER_API_GLES31 SHADER_API_GLES32 UNITY_ASTC_NORMALMAP_ENCODING UNITY_COLORSPACE_GAMMA UNITY_FRAMEBUFFER_FETCH_AVAILABLE UNITY_HARDWARE_TIER1 UNITY_HARDWARE_TIER2 UNITY_HARDWARE_TIER3 UNITY_LIGHTMAP_DLDR_ENCODING UNITY_LIGHTMAP_RGBM_ENCODING UNITY_METAL_SHADOWS_USE_POINT_FILTERING UNITY_NO_DXT5nm UNITY_NO_SCREENSPACE_SHADOWS UNITY_PBS_USE_BRDF2 UNITY_PBS_USE_BRDF3 UNITY_PRETRANSFORM_TO_DISPLAY_ORIENTATION UNITY_UNIFIED_SHADER_PRECISION_MODEL UNITY_VIRTUAL_TEXTURING
Shader error in 'Krag Kings/Native Groom/NativeFurAuthored': syntax error: unexpected token 'point' at Assets/NativeGroom/NativeFurAuthored.shadergraph(3311) (on d3d11)

Compiling Subshader: 0, Pass: SceneSelectionPass, Vertex program with HAIR_VERTEX_LIVE _DOUBLESIDED_ON
Platform defines: SHADER_API_DESKTOP UNITY_ENABLE_DETAIL_NORMALMAP UNITY_ENABLE_REFLECTION_BUFFERS UNITY_LIGHTMAP_FULL_HDR UNITY_LIGHT_PROBE_PROXY_VOLUME UNITY_PBS_USE_BRDF1 UNITY_PLATFORM_SUPPORTS_DEPTH_FETCH UNITY_SPECCUBE_BLENDING UNITY_SPECCUBE_BOX_PROJECTION UNITY_USE_DITHER_MASK_FOR_ALPHABLENDED_SHADOWS
Disabled keywords: DOTS_INSTANCING_ON HAIR_VERTEX_STATIC INSTANCING_ON PROCEDURAL_INSTANCING_ON SHADER_API_GLES30 SHADER_API_GLES31 SHADER_API_GLES32 UNITY_ASTC_NORMALMAP_ENCODING UNITY_COLORSPACE_GAMMA UNITY_FRAMEBUFFER_FETCH_AVAILABLE UNITY_HARDWARE_TIER1 UNITY_HARDWARE_TIER2 UNITY_HARDWARE_TIER3 UNITY_LIGHTMAP_DLDR_ENCODING UNITY_LIGHTMAP_RGBM_ENCODING UNITY_METAL_SHADOWS_USE_POINT_FILTERING UNITY_NO_DXT5nm UNITY_NO_SCREENSPACE_SHADOWS UNITY_PBS_USE_BRDF2 UNITY_PBS_USE_BRDF3 UNITY_PRETRANSFORM_TO_DISPLAY_ORIENTATION UNITY_UNIFIED_SHADER_PRECISION_MODEL UNITY_VIRTUAL_TEXTURING
Shader error in 'Krag Kings/Native Groom/NativeFurAuthored': syntax error: unexpected token 'point' at Assets/NativeGroom/NativeFurAuthored.shadergraph(4306) (on d3d11)

Compiling Subshader: 0, Pass: MotionVectors, Vertex program with HAIR_VERTEX_LIVE _DOUBLESIDED_ON _SURFACE_TYPE_TRANSPARENT
Platform defines: SHADER_API_DESKTOP UNITY_ENABLE_DETAIL_NORMALMAP UNITY_ENABLE_REFLECTION_BUFFERS UNITY_LIGHTMAP_FULL_HDR UNITY_LIGHT_PROBE_PROXY_VOLUME UNITY_PASS_MOTIONVECTORS UNITY_PBS_USE_BRDF1 UNITY_PLATFORM_SUPPORTS_DEPTH_FETCH UNITY_SPECCUBE_BLENDING UNITY_SPECCUBE_BOX_PROJECTION UNITY_USE_DITHER_MASK_FOR_ALPHABLENDED_SHADOWS
Disabled keywords: DOTS_INSTANCING_ON HAIR_VERTEX_STATIC INSTANCING_ON PROCEDURAL_INSTANCING_ON SHADER_API_GLES30 SHADER_API_GLES31 SHADER_API_GLES32 UNITY_ASTC_NORMALMAP_ENCODING UNITY_COLORSPACE_GAMMA UNITY_FRAMEBUFFER_FETCH_AVAILABLE UNITY_HARDWARE_TIER1 UNITY_HARDWARE_TIER2 UNITY_HARDWARE_TIER3 UNITY_LIGHTMAP_DLDR_ENCODING UNITY_LIGHTMAP_RGBM_ENCODING UNITY_METAL_SHADOWS_USE_POINT_FILTERING UNITY_NO_DXT5nm UNITY_NO_SCREENSPACE_SHADOWS UNITY_PBS_USE_BRDF2 UNITY_PBS_USE_BRDF3 UNITY_PRETRANSFORM_TO_DISPLAY_ORIENTATION UNITY_UNIFIED_SHADER_PRECISION_MODEL UNITY_VIRTUAL_TEXTURING _ADD_PRECOMPUTED_VELOCITY _TRANSPARENT_REFRACTIVE_SORT _TRANSPARENT_WRITES_MOTION_VEC
Shader error in 'Krag Kings/Native Groom/NativeFurAuthored': 'floor': no matching 0 parameter intrinsic function; Possible intrinsic functions are: floor(float|half|min10float|min16float) at Assets/NativeGroom/NativeFurAuthored.shadergraph(4307) (on d3d11)

Compiling Subshader: 0, Pass: MotionVectors, Vertex program with HAIR_VERTEX_LIVE _DOUBLESIDED_ON _SURFACE_TYPE_TRANSPARENT
Platform defines: SHADER_API_DESKTOP UNITY_ENABLE_DETAIL_NORMALMAP UNITY_ENABLE_REFLECTION_BUFFERS UNITY_LIGHTMAP_FULL_HDR UNITY_LIGHT_PROBE_PROXY_VOLUME UNITY_PASS_MOTIONVECTORS UNITY_PBS_USE_BRDF1 UNITY_PLATFORM_SUPPORTS_DEPTH_FETCH UNITY_SPECCUBE_BLENDING UNITY_SPECCUBE_BOX_PROJECTION UNITY_USE_DITHER_MASK_FOR_ALPHABLENDED_SHADOWS
Disabled keywords: DOTS_INSTANCING_ON HAIR_VERTEX_STATIC INSTANCING_ON PROCEDURAL_INSTANCING_ON SHADER_API_GLES30 SHADER_API_GLES31 SHADER_API_GLES32 UNITY_ASTC_NORMALMAP_ENCODING UNITY_COLORSPACE_GAMMA UNITY_FRAMEBUFFER_FETCH_AVAILABLE UNITY_HARDWARE_TIER1 UNITY_HARDWARE_TIER2 UNITY_HARDWARE_TIER3 UNITY_LIGHTMAP_DLDR_ENCODING UNITY_LIGHTMAP_RGBM_ENCODING UNITY_METAL_SHADOWS_USE_POINT_FILTERING UNITY_NO_DXT5nm UNITY_NO_SCREENSPACE_SHADOWS UNITY_PBS_USE_BRDF2 UNITY_PBS_USE_BRDF3 UNITY_PRETRANSFORM_TO_DISPLAY_ORIENTATION UNITY_UNIFIED_SHADER_PRECISION_MODEL UNITY_VIRTUAL_TEXTURING _ADD_PRECOMPUTED_VELOCITY _TRANSPARENT_REFRACTIVE_SORT _TRANSPARENT_WRITES_MOTION_VEC
Shader error in 'Krag Kings/Native Groom/NativeFurAuthored': syntax error: unexpected token 'point' at Assets/NativeGroom/NativeFurAuthored.shadergraph(4307) (on d3d11)

Compiling Subshader: 0, Pass: MotionVectors, Vertex program with HAIR_VERTEX_LIVE _DOUBLESIDED_ON _SURFACE_TYPE_TRANSPARENT
Platform defines: SHADER_API_DESKTOP UNITY_ENABLE_DETAIL_NORMALMAP UNITY_ENABLE_REFLECTION_BUFFERS UNITY_LIGHTMAP_FULL_HDR UNITY_LIGHT_PROBE_PROXY_VOLUME UNITY_PASS_MOTIONVECTORS UNITY_PBS_USE_BRDF1 UNITY_PLATFORM_SUPPORTS_DEPTH_FETCH UNITY_SPECCUBE_BLENDING UNITY_SPECCUBE_BOX_PROJECTION UNITY_USE_DITHER_MASK_FOR_ALPHABLENDED_SHADOWS
Disabled keywords: DOTS_INSTANCING_ON HAIR_VERTEX_STATIC INSTANCING_ON PROCEDURAL_INSTANCING_ON SHADER_API_GLES30 SHADER_API_GLES31 SHADER_API_GLES32 UNITY_ASTC_NORMALMAP_ENCODING UNITY_COLORSPACE_GAMMA UNITY_FRAMEBUFFER_FETCH_AVAILABLE UNITY_HARDWARE_TIER1 UNITY_HARDWARE_TIER2 UNITY_HARDWARE_TIER3 UNITY_LIGHTMAP_DLDR_ENCODING UNITY_LIGHTMAP_RGBM_ENCODING UNITY_METAL_SHADOWS_USE_POINT_FILTERING UNITY_NO_DXT5nm UNITY_NO_SCREENSPACE_SHADOWS UNITY_PBS_USE_BRDF2 UNITY_PBS_USE_BRDF3 UNITY_PRETRANSFORM_TO_DISPLAY_ORIENTATION UNITY_UNIFIED_SHADER_PRECISION_MODEL UNITY_VIRTUAL_TEXTURING _ADD_PRECOMPUTED_VELOCITY _TRANSPARENT_REFRACTIVE_SORT _TRANSPARENT_WRITES_MOTION_VEC
Shader error in 'Krag Kings/Native Groom/NativeFurAuthored': syntax error: unexpected token 'point' at Assets/NativeGroom/NativeFurAuthored.shadergraph(5300) (on d3d11)

Compiling Subshader: 0, Pass: TransparentDepthPrepass, Vertex program with HAIR_VERTEX_LIVE _DOUBLESIDED_ON _SURFACE_TYPE_TRANSPARENT
Platform defines: SHADER_API_DESKTOP UNITY_ENABLE_DETAIL_NORMALMAP UNITY_ENABLE_REFLECTION_BUFFERS UNITY_LIGHTMAP_FULL_HDR UNITY_LIGHT_PROBE_PROXY_VOLUME UNITY_PBS_USE_BRDF1 UNITY_PLATFORM_SUPPORTS_DEPTH_FETCH UNITY_SPECCUBE_BLENDING UNITY_SPECCUBE_BOX_PROJECTION UNITY_USE_DITHER_MASK_FOR_ALPHABLENDED_SHADOWS
Disabled keywords: DOTS_INSTANCING_ON HAIR_VERTEX_STATIC INSTANCING_ON PROCEDURAL_INSTANCING_ON SHADER_API_GLES30 SHADER_API_GLES31 SHADER_API_GLES32 UNITY_ASTC_NORMALMAP_ENCODING UNITY_COLORSPACE_GAMMA UNITY_FRAMEBUFFER_FETCH_AVAILABLE UNITY_HARDWARE_TIER1 UNITY_HARDWARE_TIER2 UNITY_HARDWARE_TIER3 UNITY_LIGHTMAP_DLDR_ENCODING UNITY_LIGHTMAP_RGBM_ENCODING UNITY_METAL_SHADOWS_USE_POINT_FILTERING UNITY_NO_DXT5nm UNITY_NO_SCREENSPACE_SHADOWS UNITY_PBS_USE_BRDF2 UNITY_PBS_USE_BRDF3 UNITY_PRETRANSFORM_TO_DISPLAY_ORIENTATION UNITY_UNIFIED_SHADER_PRECISION_MODEL UNITY_VIRTUAL_TEXTURING _TRANSPARENT_REFRACTIVE_SORT _TRANSPARENT_WRITES_MOTION_VEC
Shader error in 'Krag Kings/Native Groom/NativeFurAuthored': 'floor': no matching 0 parameter intrinsic function; Possible intrinsic functions are: floor(float|half|min10float|min16float) at Assets/NativeGroom/NativeFurAuthored.shadergraph(5301) (on d3d11)

Compiling Subshader: 0, Pass: TransparentDepthPrepass, Vertex program with HAIR_VERTEX_LIVE _DOUBLESIDED_ON _SURFACE_TYPE_TRANSPARENT
Platform defines: SHADER_API_DESKTOP UNITY_ENABLE_DETAIL_NORMALMAP UNITY_ENABLE_REFLECTION_BUFFERS UNITY_LIGHTMAP_FULL_HDR UNITY_LIGHT_PROBE_PROXY_VOLUME UNITY_PBS_USE_BRDF1 UNITY_PLATFORM_SUPPORTS_DEPTH_FETCH UNITY_SPECCUBE_BLENDING UNITY_SPECCUBE_BOX_PROJECTION UNITY_USE_DITHER_MASK_FOR_ALPHABLENDED_SHADOWS
Disabled keywords: DOTS_INSTANCING_ON HAIR_VERTEX_STATIC INSTANCING_ON PROCEDURAL_INSTANCING_ON SHADER_API_GLES30 SHADER_API_GLES31 SHADER_API_GLES32 UNITY_ASTC_NORMALMAP_ENCODING UNITY_COLORSPACE_GAMMA UNITY_FRAMEBUFFER_FETCH_AVAILABLE UNITY_HARDWARE_TIER1 UNITY_HARDWARE_TIER2 UNITY_HARDWARE_TIER3 UNITY_LIGHTMAP_DLDR_ENCODING UNITY_LIGHTMAP_RGBM_ENCODING UNITY_METAL_SHADOWS_USE_POINT_FILTERING UNITY_NO_DXT5nm UNITY_NO_SCREENSPACE_SHADOWS UNITY_PBS_USE_BRDF2 UNITY_PBS_USE_BRDF3 UNITY_PRETRANSFORM_TO_DISPLAY_ORIENTATION UNITY_UNIFIED_SHADER_PRECISION_MODEL UNITY_VIRTUAL_TEXTURING _TRANSPARENT_REFRACTIVE_SORT _TRANSPARENT_WRITES_MOTION_VEC
Shader error in 'Krag Kings/Native Groom/NativeFurAuthored': syntax error: unexpected token 'point' at Assets/NativeGroom/NativeFurAuthored.shadergraph(5301) (on d3d11)

Compiling Subshader: 0, Pass: TransparentDepthPrepass, Vertex program with HAIR_VERTEX_LIVE _DOUBLESIDED_ON _SURFACE_TYPE_TRANSPARENT
Platform defines: SHADER_API_DESKTOP UNITY_ENABLE_DETAIL_NORMALMAP UNITY_ENABLE_REFLECTION_BUFFERS UNITY_LIGHTMAP_FULL_HDR UNITY_LIGHT_PROBE_PROXY_VOLUME UNITY_PBS_USE_BRDF1 UNITY_PLATFORM_SUPPORTS_DEPTH_FETCH UNITY_SPECCUBE_BLENDING UNITY_SPECCUBE_BOX_PROJECTION UNITY_USE_DITHER_MASK_FOR_ALPHABLENDED_SHADOWS
Disabled keywords: DOTS_INSTANCING_ON HAIR_VERTEX_STATIC INSTANCING_ON PROCEDURAL_INSTANCING_ON SHADER_API_GLES30 SHADER_API_GLES31 SHADER_API_GLES32 UNITY_ASTC_NORMALMAP_ENCODING UNITY_COLORSPACE_GAMMA UNITY_FRAMEBUFFER_FETCH_AVAILABLE UNITY_HARDWARE_TIER1 UNITY_HARDWARE_TIER2 UNITY_HARDWARE_TIER3 UNITY_LIGHTMAP_DLDR_ENCODING UNITY_LIGHTMAP_RGBM_ENCODING UNITY_METAL_SHADOWS_USE_POINT_FILTERING UNITY_NO_DXT5nm UNITY_NO_SCREENSPACE_SHADOWS UNITY_PBS_USE_BRDF2 UNITY_PBS_USE_BRDF3 UNITY_PRETRANSFORM_TO_DISPLAY_ORIENTATION UNITY_UNIFIED_SHADER_PRECISION_MODEL UNITY_VIRTUAL_TEXTURING _TRANSPARENT_REFRACTIVE_SORT _TRANSPARENT_WRITES_MOTION_VEC
Shader error in 'Krag Kings/Native Groom/NativeFurAuthored': syntax error: unexpected token 'point' at Assets/NativeGroom/NativeFurAuthored.shadergraph(399) (on d3d11)

Compiling Subshader: 0, Pass: ShadowCaster, Vertex program with HAIR_VERTEX_LIVE _DOUBLESIDED_ON
Platform defines: SHADER_API_DESKTOP UNITY_ENABLE_DETAIL_NORMALMAP UNITY_ENABLE_REFLECTION_BUFFERS UNITY_LIGHTMAP_FULL_HDR UNITY_LIGHT_PROBE_PROXY_VOLUME UNITY_PASS_SHADOWCASTER UNITY_PBS_USE_BRDF1 UNITY_PLATFORM_SUPPORTS_DEPTH_FETCH UNITY_SPECCUBE_BLENDING UNITY_SPECCUBE_BOX_PROJECTION UNITY_USE_DITHER_MASK_FOR_ALPHABLENDED_SHADOWS
Disabled keywords: DOTS_INSTANCING_ON HAIR_VERTEX_STATIC INSTANCING_ON PROCEDURAL_INSTANCING_ON SHADER_API_GLES30 SHADER_API_GLES31 SHADER_API_GLES32 UNITY_ASTC_NORMALMAP_ENCODING UNITY_COLORSPACE_GAMMA UNITY_FRAMEBUFFER_FETCH_AVAILABLE UNITY_HARDWARE_TIER1 UNITY_HARDWARE_TIER2 UNITY_HARDWARE_TIER3 UNITY_LIGHTMAP_DLDR_ENCODING UNITY_LIGHTMAP_RGBM_ENCODING UNITY_METAL_SHADOWS_USE_POINT_FILTERING UNITY_NO_DXT5nm UNITY_NO_SCREENSPACE_SHADOWS UNITY_PBS_USE_BRDF2 UNITY_PBS_USE_BRDF3 UNITY_PRETRANSFORM_TO_DISPLAY_ORIENTATION UNITY_UNIFIED_SHADER_PRECISION_MODEL UNITY_VIRTUAL_TEXTURING
Shader error in 'Krag Kings/Native Groom/NativeFurAuthored': 'floor': no matching 0 parameter intrinsic function; Possible intrinsic functions are: floor(float|half|min10float|min16float) at Assets/NativeGroom/NativeFurAuthored.shadergraph(400) (on d3d11)

Compiling Subshader: 0, Pass: ShadowCaster, Vertex program with HAIR_VERTEX_LIVE _DOUBLESIDED_ON
Platform defines: SHADER_API_DESKTOP UNITY_ENABLE_DETAIL_NORMALMAP UNITY_ENABLE_REFLECTION_BUFFERS UNITY_LIGHTMAP_FULL_HDR UNITY_LIGHT_PROBE_PROXY_VOLUME UNITY_PASS_SHADOWCASTER UNITY_PBS_USE_BRDF1 UNITY_PLATFORM_SUPPORTS_DEPTH_FETCH UNITY_SPECCUBE_BLENDING UNITY_SPECCUBE_BOX_PROJECTION UNITY_USE_DITHER_MASK_FOR_ALPHABLENDED_SHADOWS
Disabled keywords: DOTS_INSTANCING_ON HAIR_VERTEX_STATIC INSTANCING_ON PROCEDURAL_INSTANCING_ON SHADER_API_GLES30 SHADER_API_GLES31 SHADER_API_GLES32 UNITY_ASTC_NORMALMAP_ENCODING UNITY_COLORSPACE_GAMMA UNITY_FRAMEBUFFER_FETCH_AVAILABLE UNITY_HARDWARE_TIER1 UNITY_HARDWARE_TIER2 UNITY_HARDWARE_TIER3 UNITY_LIGHTMAP_DLDR_ENCODING UNITY_LIGHTMAP_RGBM_ENCODING UNITY_METAL_SHADOWS_USE_POINT_FILTERING UNITY_NO_DXT5nm UNITY_NO_SCREENSPACE_SHADOWS UNITY_PBS_USE_BRDF2 UNITY_PBS_USE_BRDF3 UNITY_PRETRANSFORM_TO_DISPLAY_ORIENTATION UNITY_UNIFIED_SHADER_PRECISION_MODEL UNITY_VIRTUAL_TEXTURING
Shader error in 'Krag Kings/Native Groom/NativeFurAuthored': syntax error: unexpected token 'point' at Assets/NativeGroom/NativeFurAuthored.shadergraph(400) (on d3d11)

Compiling Subshader: 0, Pass: ShadowCaster, Vertex program with HAIR_VERTEX_LIVE _DOUBLESIDED_ON
Platform defines: SHADER_API_DESKTOP UNITY_ENABLE_DETAIL_NORMALMAP UNITY_ENABLE_REFLECTION_BUFFERS UNITY_LIGHTMAP_FULL_HDR UNITY_LIGHT_PROBE_PROXY_VOLUME UNITY_PASS_SHADOWCASTER UNITY_PBS_USE_BRDF1 UNITY_PLATFORM_SUPPORTS_DEPTH_FETCH UNITY_SPECCUBE_BLENDING UNITY_SPECCUBE_BOX_PROJECTION UNITY_USE_DITHER_MASK_FOR_ALPHABLENDED_SHADOWS
Disabled keywords: DOTS_INSTANCING_ON HAIR_VERTEX_STATIC INSTANCING_ON PROCEDURAL_INSTANCING_ON SHADER_API_GLES30 SHADER_API_GLES31 SHADER_API_GLES32 UNITY_ASTC_NORMALMAP_ENCODING UNITY_COLORSPACE_GAMMA UNITY_FRAMEBUFFER_FETCH_AVAILABLE UNITY_HARDWARE_TIER1 UNITY_HARDWARE_TIER2 UNITY_HARDWARE_TIER3 UNITY_LIGHTMAP_DLDR_ENCODING UNITY_LIGHTMAP_RGBM_ENCODING UNITY_METAL_SHADOWS_USE_POINT_FILTERING UNITY_NO_DXT5nm UNITY_NO_SCREENSPACE_SHADOWS UNITY_PBS_USE_BRDF2 UNITY_PBS_USE_BRDF3 UNITY_PRETRANSFORM_TO_DISPLAY_ORIENTATION UNITY_UNIFIED_SHADER_PRECISION_MODEL UNITY_VIRTUAL_TEXTURING
Shader error in 'Krag Kings/Native Groom/NativeFurAuthored': syntax error: unexpected token 'point' at Assets/NativeGroom/NativeFurAuthored.shadergraph(1375) (on d3d11)

Compiling Subshader: 0, Pass: META, Vertex program with HAIR_VERTEX_LIVE _DOUBLESIDED_ON _SURFACE_TYPE_TRANSPARENT
Platform defines: SHADER_API_DESKTOP UNITY_ENABLE_DETAIL_NORMALMAP UNITY_ENABLE_REFLECTION_BUFFERS UNITY_LIGHTMAP_FULL_HDR UNITY_LIGHT_PROBE_PROXY_VOLUME UNITY_PASS_META UNITY_PBS_USE_BRDF1 UNITY_PLATFORM_SUPPORTS_DEPTH_FETCH UNITY_SPECCUBE_BLENDING UNITY_SPECCUBE_BOX_PROJECTION UNITY_USE_DITHER_MASK_FOR_ALPHABLENDED_SHADOWS
Disabled keywords: DOTS_INSTANCING_ON EDITOR_VISUALIZATION HAIR_VERTEX_STATIC INSTANCING_ON PROCEDURAL_INSTANCING_ON SHADER_API_GLES30 SHADER_API_GLES31 SHADER_API_GLES32 UNITY_ASTC_NORMALMAP_ENCODING UNITY_COLORSPACE_GAMMA UNITY_FRAMEBUFFER_FETCH_AVAILABLE UNITY_HARDWARE_TIER1 UNITY_HARDWARE_TIER2 UNITY_HARDWARE_TIER3 UNITY_LIGHTMAP_DLDR_ENCODING UNITY_LIGHTMAP_RGBM_ENCODING UNITY_METAL_SHADOWS_USE_POINT_FILTERING UNITY_NO_DXT5nm UNITY_NO_SCREENSPACE_SHADOWS UNITY_PBS_USE_BRDF2 UNITY_PBS_USE_BRDF3 UNITY_PRETRANSFORM_TO_DISPLAY_ORIENTATION UNITY_UNIFIED_SHADER_PRECISION_MODEL UNITY_VIRTUAL_TEXTURING
Shader error in 'Krag Kings/Native Groom/NativeFurAuthored': 'floor': no matching 0 parameter intrinsic function; Possible intrinsic functions are: floor(float|half|min10float|min16float) at Assets/NativeGroom/NativeFurAuthored.shadergraph(1376) (on d3d11)

Compiling Subshader: 0, Pass: META, Vertex program with HAIR_VERTEX_LIVE _DOUBLESIDED_ON _SURFACE_TYPE_TRANSPARENT
Platform defines: SHADER_API_DESKTOP UNITY_ENABLE_DETAIL_NORMALMAP UNITY_ENABLE_REFLECTION_BUFFERS UNITY_LIGHTMAP_FULL_HDR UNITY_LIGHT_PROBE_PROXY_VOLUME UNITY_PASS_META UNITY_PBS_USE_BRDF1 UNITY_PLATFORM_SUPPORTS_DEPTH_FETCH UNITY_SPECCUBE_BLENDING UNITY_SPECCUBE_BOX_PROJECTION UNITY_USE_DITHER_MASK_FOR_ALPHABLENDED_SHADOWS
Disabled keywords: DOTS_INSTANCING_ON EDITOR_VISUALIZATION HAIR_VERTEX_STATIC INSTANCING_ON PROCEDURAL_INSTANCING_ON SHADER_API_GLES30 SHADER_API_GLES31 SHADER_API_GLES32 UNITY_ASTC_NORMALMAP_ENCODING UNITY_COLORSPACE_GAMMA UNITY_FRAMEBUFFER_FETCH_AVAILABLE UNITY_HARDWARE_TIER1 UNITY_HARDWARE_TIER2 UNITY_HARDWARE_TIER3 UNITY_LIGHTMAP_DLDR_ENCODING UNITY_LIGHTMAP_RGBM_ENCODING UNITY_METAL_SHADOWS_USE_POINT_FILTERING UNITY_NO_DXT5nm UNITY_NO_SCREENSPACE_SHADOWS UNITY_PBS_USE_BRDF2 UNITY_PBS_USE_BRDF3 UNITY_PRETRANSFORM_TO_DISPLAY_ORIENTATION UNITY_UNIFIED_SHADER_PRECISION_MODEL UNITY_VIRTUAL_TEXTURING
Shader error in 'Krag Kings/Native Groom/NativeFurAuthored': syntax error: unexpected token 'point' at Assets/NativeGroom/NativeFurAuthored.shadergraph(1376) (on d3d11)

Compiling Subshader: 0, Pass: META, Vertex program with HAIR_VERTEX_LIVE _DOUBLESIDED_ON _SURFACE_TYPE_TRANSPARENT
Platform defines: SHADER_API_DESKTOP UNITY_ENABLE_DETAIL_NORMALMAP UNITY_ENABLE_REFLECTION_BUFFERS UNITY_LIGHTMAP_FULL_HDR UNITY_LIGHT_PROBE_PROXY_VOLUME UNITY_PASS_META UNITY_PBS_USE_BRDF1 UNITY_PLATFORM_SUPPORTS_DEPTH_FETCH UNITY_SPECCUBE_BLENDING UNITY_SPECCUBE_BOX_PROJECTION UNITY_USE_DITHER_MASK_FOR_ALPHABLENDED_SHADOWS
Disabled keywords: DOTS_INSTANCING_ON EDITOR_VISUALIZATION HAIR_VERTEX_STATIC INSTANCING_ON PROCEDURAL_INSTANCING_ON SHADER_API_GLES30 SHADER_API_GLES31 SHADER_API_GLES32 UNITY_ASTC_NORMALMAP_ENCODING UNITY_COLORSPACE_GAMMA UNITY_FRAMEBUFFER_FETCH_AVAILABLE UNITY_HARDWARE_TIER1 UNITY_HARDWARE_TIER2 UNITY_HARDWARE_TIER3 UNITY_LIGHTMAP_DLDR_ENCODING UNITY_LIGHTMAP_RGBM_ENCODING UNITY_METAL_SHADOWS_USE_POINT_FILTERING UNITY_NO_DXT5nm UNITY_NO_SCREENSPACE_SHADOWS UNITY_PBS_USE_BRDF2 UNITY_PBS_USE_BRDF3 UNITY_PRETRANSFORM_TO_DISPLAY_ORIENTATION UNITY_UNIFIED_SHADER_PRECISION_MODEL UNITY_VIRTUAL_TEXTURING
Shader error in 'Krag Kings/Native Groom/NativeFurAuthored': syntax error: unexpected token 'point' at Assets/NativeGroom/NativeFurAuthored.shadergraph(2326) (on d3d11)

Compiling Subshader: 0, Pass: ScenePickingPass, Vertex program with HAIR_VERTEX_LIVE _DOUBLESIDED_ON
Platform defines: SHADER_API_DESKTOP UNITY_ENABLE_DETAIL_NORMALMAP UNITY_ENABLE_REFLECTION_BUFFERS UNITY_LIGHTMAP_FULL_HDR UNITY_LIGHT_PROBE_PROXY_VOLUME UNITY_PBS_USE_BRDF1 UNITY_PLATFORM_SUPPORTS_DEPTH_FETCH UNITY_SPECCUBE_BLENDING UNITY_SPECCUBE_BOX_PROJECTION UNITY_USE_DITHER_MASK_FOR_ALPHABLENDED_SHADOWS
Disabled keywords: DOTS_INSTANCING_ON HAIR_VERTEX_STATIC INSTANCING_ON PROCEDURAL_INSTANCING_ON SHADER_API_GLES30 SHADER_API_GLES31 SHADER_API_GLES32 UNITY_ASTC_NORMALMAP_ENCODING UNITY_COLORSPACE_GAMMA UNITY_FRAMEBUFFER_FETCH_AVAILABLE UNITY_HARDWARE_TIER1 UNITY_HARDWARE_TIER2 UNITY_HARDWARE_TIER3 UNITY_LIGHTMAP_DLDR_ENCODING UNITY_LIGHTMAP_RGBM_ENCODING UNITY_METAL_SHADOWS_USE_POINT_FILTERING UNITY_NO_DXT5nm UNITY_NO_SCREENSPACE_SHADOWS UNITY_PBS_USE_BRDF2 UNITY_PBS_USE_BRDF3 UNITY_PRETRANSFORM_TO_DISPLAY_ORIENTATION UNITY_UNIFIED_SHADER_PRECISION_MODEL UNITY_VIRTUAL_TEXTURING
Shader error in 'Krag Kings/Native Groom/NativeFurAuthored': 'floor': no matching 0 parameter intrinsic function; Possible intrinsic functions are: floor(float|half|min10float|min16float) at Assets/NativeGroom/NativeFurAuthored.shadergraph(2327) (on d3d11)

Compiling Subshader: 0, Pass: ScenePickingPass, Vertex program with HAIR_VERTEX_LIVE _DOUBLESIDED_ON
Platform defines: SHADER_API_DESKTOP UNITY_ENABLE_DETAIL_NORMALMAP UNITY_ENABLE_REFLECTION_BUFFERS UNITY_LIGHTMAP_FULL_HDR UNITY_LIGHT_PROBE_PROXY_VOLUME UNITY_PBS_USE_BRDF1 UNITY_PLATFORM_SUPPORTS_DEPTH_FETCH UNITY_SPECCUBE_BLENDING UNITY_SPECCUBE_BOX_PROJECTION UNITY_USE_DITHER_MASK_FOR_ALPHABLENDED_SHADOWS
Disabled keywords: DOTS_INSTANCING_ON HAIR_VERTEX_STATIC INSTANCING_ON PROCEDURAL_INSTANCING_ON SHADER_API_GLES30 SHADER_API_GLES31 SHADER_API_GLES32 UNITY_ASTC_NORMALMAP_ENCODING UNITY_COLORSPACE_GAMMA UNITY_FRAMEBUFFER_FETCH_AVAILABLE UNITY_HARDWARE_TIER1 UNITY_HARDWARE_TIER2 UNITY_HARDWARE_TIER3 UNITY_LIGHTMAP_DLDR_ENCODING UNITY_LIGHTMAP_RGBM_ENCODING UNITY_METAL_SHADOWS_USE_POINT_FILTERING UNITY_NO_DXT5nm UNITY_NO_SCREENSPACE_SHADOWS UNITY_PBS_USE_BRDF2 UNITY_PBS_USE_BRDF3 UNITY_PRETRANSFORM_TO_DISPLAY_ORIENTATION UNITY_UNIFIED_SHADER_PRECISION_MODEL UNITY_VIRTUAL_TEXTURING
Shader error in 'Krag Kings/Native Groom/NativeFurAuthored': syntax error: unexpected token 'point' at Assets/NativeGroom/NativeFurAuthored.shadergraph(2327) (on d3d11)

Compiling Subshader: 0, Pass: ScenePickingPass, Vertex program with HAIR_VERTEX_LIVE _DOUBLESIDED_ON
Platform defines: SHADER_API_DESKTOP UNITY_ENABLE_DETAIL_NORMALMAP UNITY_ENABLE_REFLECTION_BUFFERS UNITY_LIGHTMAP_FULL_HDR UNITY_LIGHT_PROBE_PROXY_VOLUME UNITY_PBS_USE_BRDF1 UNITY_PLATFORM_SUPPORTS_DEPTH_FETCH UNITY_SPECCUBE_BLENDING UNITY_SPECCUBE_BOX_PROJECTION UNITY_USE_DITHER_MASK_FOR_ALPHABLENDED_SHADOWS
Disabled keywords: DOTS_INSTANCING_ON HAIR_VERTEX_STATIC INSTANCING_ON PROCEDURAL_INSTANCING_ON SHADER_API_GLES30 SHADER_API_GLES31 SHADER_API_GLES32 UNITY_ASTC_NORMALMAP_ENCODING UNITY_COLORSPACE_GAMMA UNITY_FRAMEBUFFER_FETCH_AVAILABLE UNITY_HARDWARE_TIER1 UNITY_HARDWARE_TIER2 UNITY_HARDWARE_TIER3 UNITY_LIGHTMAP_DLDR_ENCODING UNITY_LIGHTMAP_RGBM_ENCODING UNITY_METAL_SHADOWS_USE_POINT_FILTERING UNITY_NO_DXT5nm UNITY_NO_SCREENSPACE_SHADOWS UNITY_PBS_USE_BRDF2 UNITY_PBS_USE_BRDF3 UNITY_PRETRANSFORM_TO_DISPLAY_ORIENTATION UNITY_UNIFIED_SHADER_PRECISION_MODEL UNITY_VIRTUAL_TEXTURING
Shader error in 'Krag Kings/Native Groom/NativeFurAuthored': syntax error: unexpected token 'point' at Assets/NativeGroom/NativeFurAuthored.shadergraph(3310) (on d3d11)

Compiling Subshader: 0, Pass: SceneSelectionPass, Vertex program with HAIR_VERTEX_LIVE _DOUBLESIDED_ON
Platform defines: SHADER_API_DESKTOP UNITY_ENABLE_DETAIL_NORMALMAP UNITY_ENABLE_REFLECTION_BUFFERS UNITY_LIGHTMAP_FULL_HDR UNITY_LIGHT_PROBE_PROXY_VOLUME UNITY_PBS_USE_BRDF1 UNITY_PLATFORM_SUPPORTS_DEPTH_FETCH UNITY_SPECCUBE_BLENDING UNITY_SPECCUBE_BOX_PROJECTION UNITY_USE_DITHER_MASK_FOR_ALPHABLENDED_SHADOWS
Disabled keywords: DOTS_INSTANCING_ON HAIR_VERTEX_STATIC INSTANCING_ON PROCEDURAL_INSTANCING_ON SHADER_API_GLES30 SHADER_API_GLES31 SHADER_API_GLES32 UNITY_ASTC_NORMALMAP_ENCODING UNITY_COLORSPACE_GAMMA UNITY_FRAMEBUFFER_FETCH_AVAILABLE UNITY_HARDWARE_TIER1 UNITY_HARDWARE_TIER2 UNITY_HARDWARE_TIER3 UNITY_LIGHTMAP_DLDR_ENCODING UNITY_LIGHTMAP_RGBM_ENCODING UNITY_METAL_SHADOWS_USE_POINT_FILTERING UNITY_NO_DXT5nm UNITY_NO_SCREENSPACE_SHADOWS UNITY_PBS_USE_BRDF2 UNITY_PBS_USE_BRDF3 UNITY_PRETRANSFORM_TO_DISPLAY_ORIENTATION UNITY_UNIFIED_SHADER_PRECISION_MODEL UNITY_VIRTUAL_TEXTURING
Shader error in 'Krag Kings/Native Groom/NativeFurAuthored': 'floor': no matching 0 parameter intrinsic function; Possible intrinsic functions are: floor(float|half|min10float|min16float) at Assets/NativeGroom/NativeFurAuthored.shadergraph(3311) (on d3d11)

Compiling Subshader: 0, Pass: SceneSelectionPass, Vertex program with HAIR_VERTEX_LIVE _DOUBLESIDED_ON
Platform defines: SHADER_API_DESKTOP UNITY_ENABLE_DETAIL_NORMALMAP UNITY_ENABLE_REFLECTION_BUFFERS UNITY_LIGHTMAP_FULL_HDR UNITY_LIGHT_PROBE_PROXY_VOLUME UNITY_PBS_USE_BRDF1 UNITY_PLATFORM_SUPPORTS_DEPTH_FETCH UNITY_SPECCUBE_BLENDING UNITY_SPECCUBE_BOX_PROJECTION UNITY_USE_DITHER_MASK_FOR_ALPHABLENDED_SHADOWS
Disabled keywords: DOTS_INSTANCING_ON HAIR_VERTEX_STATIC INSTANCING_ON PROCEDURAL_INSTANCING_ON SHADER_API_GLES30 SHADER_API_GLES31 SHADER_API_GLES32 UNITY_ASTC_NORMALMAP_ENCODING UNITY_COLORSPACE_GAMMA UNITY_FRAMEBUFFER_FETCH_AVAILABLE UNITY_HARDWARE_TIER1 UNITY_HARDWARE_TIER2 UNITY_HARDWARE_TIER3 UNITY_LIGHTMAP_DLDR_ENCODING UNITY_LIGHTMAP_RGBM_ENCODING UNITY_METAL_SHADOWS_USE_POINT_FILTERING UNITY_NO_DXT5nm UNITY_NO_SCREENSPACE_SHADOWS UNITY_PBS_USE_BRDF2 UNITY_PBS_USE_BRDF3 UNITY_PRETRANSFORM_TO_DISPLAY_ORIENTATION UNITY_UNIFIED_SHADER_PRECISION_MODEL UNITY_VIRTUAL_TEXTURING
Shader error in 'Krag Kings/Native Groom/NativeFurAuthored': syntax error: unexpected token 'point' at Assets/NativeGroom/NativeFurAuthored.shadergraph(3311) (on d3d11)

Compiling Subshader: 0, Pass: SceneSelectionPass, Vertex program with HAIR_VERTEX_LIVE _DOUBLESIDED_ON
Platform defines: SHADER_API_DESKTOP UNITY_ENABLE_DETAIL_NORMALMAP UNITY_ENABLE_REFLECTION_BUFFERS UNITY_LIGHTMAP_FULL_HDR UNITY_LIGHT_PROBE_PROXY_VOLUME UNITY_PBS_USE_BRDF1 UNITY_PLATFORM_SUPPORTS_DEPTH_FETCH UNITY_SPECCUBE_BLENDING UNITY_SPECCUBE_BOX_PROJECTION UNITY_USE_DITHER_MASK_FOR_ALPHABLENDED_SHADOWS
Disabled keywords: DOTS_INSTANCING_ON HAIR_VERTEX_STATIC INSTANCING_ON PROCEDURAL_INSTANCING_ON SHADER_API_GLES30 SHADER_API_GLES31 SHADER_API_GLES32 UNITY_ASTC_NORMALMAP_ENCODING UNITY_COLORSPACE_GAMMA UNITY_FRAMEBUFFER_FETCH_AVAILABLE UNITY_HARDWARE_TIER1 UNITY_HARDWARE_TIER2 UNITY_HARDWARE_TIER3 UNITY_LIGHTMAP_DLDR_ENCODING UNITY_LIGHTMAP_RGBM_ENCODING UNITY_METAL_SHADOWS_USE_POINT_FILTERING UNITY_NO_DXT5nm UNITY_NO_SCREENSPACE_SHADOWS UNITY_PBS_USE_BRDF2 UNITY_PBS_USE_BRDF3 UNITY_PRETRANSFORM_TO_DISPLAY_ORIENTATION UNITY_UNIFIED_SHADER_PRECISION_MODEL UNITY_VIRTUAL_TEXTURING
Shader error in 'Krag Kings/Native Groom/NativeFurAuthored': syntax error: unexpected token 'point' at Assets/NativeGroom/NativeFurAuthored.shadergraph(4306) (on d3d11)

Compiling Subshader: 0, Pass: MotionVectors, Vertex program with HAIR_VERTEX_LIVE _DOUBLESIDED_ON _SURFACE_TYPE_TRANSPARENT
Platform defines: SHADER_API_DESKTOP UNITY_ENABLE_DETAIL_NORMALMAP UNITY_ENABLE_REFLECTION_BUFFERS UNITY_LIGHTMAP_FULL_HDR UNITY_LIGHT_PROBE_PROXY_VOLUME UNITY_PASS_MOTIONVECTORS UNITY_PBS_USE_BRDF1 UNITY_PLATFORM_SUPPORTS_DEPTH_FETCH UNITY_SPECCUBE_BLENDING UNITY_SPECCUBE_BOX_PROJECTION UNITY_USE_DITHER_MASK_FOR_ALPHABLENDED_SHADOWS
Disabled keywords: DOTS_INSTANCING_ON HAIR_VERTEX_STATIC INSTANCING_ON PROCEDURAL_INSTANCING_ON SHADER_API_GLES30 SHADER_API_GLES31 SHADER_API_GLES32 UNITY_ASTC_NORMALMAP_ENCODING UNITY_COLORSPACE_GAMMA UNITY_FRAMEBUFFER_FETCH_AVAILABLE UNITY_HARDWARE_TIER1 UNITY_HARDWARE_TIER2 UNITY_HARDWARE_TIER3 UNITY_LIGHTMAP_DLDR_ENCODING UNITY_LIGHTMAP_RGBM_ENCODING UNITY_METAL_SHADOWS_USE_POINT_FILTERING UNITY_NO_DXT5nm UNITY_NO_SCREENSPACE_SHADOWS UNITY_PBS_USE_BRDF2 UNITY_PBS_USE_BRDF3 UNITY_PRETRANSFORM_TO_DISPLAY_ORIENTATION UNITY_UNIFIED_SHADER_PRECISION_MODEL UNITY_VIRTUAL_TEXTURING _ADD_PRECOMPUTED_VELOCITY _TRANSPARENT_REFRACTIVE_SORT _TRANSPARENT_WRITES_MOTION_VEC
Shader error in 'Krag Kings/Native Groom/NativeFurAuthored': 'floor': no matching 0 parameter intrinsic function; Possible intrinsic functions are: floor(float|half|min10float|min16float) at Assets/NativeGroom/NativeFurAuthored.shadergraph(4307) (on d3d11)

Compiling Subshader: 0, Pass: MotionVectors, Vertex program with HAIR_VERTEX_LIVE _DOUBLESIDED_ON _SURFACE_TYPE_TRANSPARENT
Platform defines: SHADER_API_DESKTOP UNITY_ENABLE_DETAIL_NORMALMAP UNITY_ENABLE_REFLECTION_BUFFERS UNITY_LIGHTMAP_FULL_HDR UNITY_LIGHT_PROBE_PROXY_VOLUME UNITY_PASS_MOTIONVECTORS UNITY_PBS_USE_BRDF1 UNITY_PLATFORM_SUPPORTS_DEPTH_FETCH UNITY_SPECCUBE_BLENDING UNITY_SPECCUBE_BOX_PROJECTION UNITY_USE_DITHER_MASK_FOR_ALPHABLENDED_SHADOWS
Disabled keywords: DOTS_INSTANCING_ON HAIR_VERTEX_STATIC INSTANCING_ON PROCEDURAL_INSTANCING_ON SHADER_API_GLES30 SHADER_API_GLES31 SHADER_API_GLES32 UNITY_ASTC_NORMALMAP_ENCODING UNITY_COLORSPACE_GAMMA UNITY_FRAMEBUFFER_FETCH_AVAILABLE UNITY_HARDWARE_TIER1 UNITY_HARDWARE_TIER2 UNITY_HARDWARE_TIER3 UNITY_LIGHTMAP_DLDR_ENCODING UNITY_LIGHTMAP_RGBM_ENCODING UNITY_METAL_SHADOWS_USE_POINT_FILTERING UNITY_NO_DXT5nm UNITY_NO_SCREENSPACE_SHADOWS UNITY_PBS_USE_BRDF2 UNITY_PBS_USE_BRDF3 UNITY_PRETRANSFORM_TO_DISPLAY_ORIENTATION UNITY_UNIFIED_SHADER_PRECISION_MODEL UNITY_VIRTUAL_TEXTURING _ADD_PRECOMPUTED_VELOCITY _TRANSPARENT_REFRACTIVE_SORT _TRANSPARENT_WRITES_MOTION_VEC
Shader error in 'Krag Kings/Native Groom/NativeFurAuthored': syntax error: unexpected token 'point' at Assets/NativeGroom/NativeFurAuthored.shadergraph(4307) (on d3d11)

Compiling Subshader: 0, Pass: MotionVectors, Vertex program with HAIR_VERTEX_LIVE _DOUBLESIDED_ON _SURFACE_TYPE_TRANSPARENT
Platform defines: SHADER_API_DESKTOP UNITY_ENABLE_DETAIL_NORMALMAP UNITY_ENABLE_REFLECTION_BUFFERS UNITY_LIGHTMAP_FULL_HDR UNITY_LIGHT_PROBE_PROXY_VOLUME UNITY_PASS_MOTIONVECTORS UNITY_PBS_USE_BRDF1 UNITY_PLATFORM_SUPPORTS_DEPTH_FETCH UNITY_SPECCUBE_BLENDING UNITY_SPECCUBE_BOX_PROJECTION UNITY_USE_DITHER_MASK_FOR_ALPHABLENDED_SHADOWS
Disabled keywords: DOTS_INSTANCING_ON HAIR_VERTEX_STATIC INSTANCING_ON PROCEDURAL_INSTANCING_ON SHADER_API_GLES30 SHADER_API_GLES31 SHADER_API_GLES32 UNITY_ASTC_NORMALMAP_ENCODING UNITY_COLORSPACE_GAMMA UNITY_FRAMEBUFFER_FETCH_AVAILABLE UNITY_HARDWARE_TIER1 UNITY_HARDWARE_TIER2 UNITY_HARDWARE_TIER3 UNITY_LIGHTMAP_DLDR_ENCODING UNITY_LIGHTMAP_RGBM_ENCODING UNITY_METAL_SHADOWS_USE_POINT_FILTERING UNITY_NO_DXT5nm UNITY_NO_SCREENSPACE_SHADOWS UNITY_PBS_USE_BRDF2 UNITY_PBS_USE_BRDF3 UNITY_PRETRANSFORM_TO_DISPLAY_ORIENTATION UNITY_UNIFIED_SHADER_PRECISION_MODEL UNITY_VIRTUAL_TEXTURING _ADD_PRECOMPUTED_VELOCITY _TRANSPARENT_REFRACTIVE_SORT _TRANSPARENT_WRITES_MOTION_VEC
Shader error in 'Krag Kings/Native Groom/NativeFurAuthored': syntax error: unexpected token 'point' at Assets/NativeGroom/NativeFurAuthored.shadergraph(5300) (on d3d11)

Compiling Subshader: 0, Pass: TransparentDepthPrepass, Vertex program with HAIR_VERTEX_LIVE _DOUBLESIDED_ON _SURFACE_TYPE_TRANSPARENT
Platform defines: SHADER_API_DESKTOP UNITY_ENABLE_DETAIL_NORMALMAP UNITY_ENABLE_REFLECTION_BUFFERS UNITY_LIGHTMAP_FULL_HDR UNITY_LIGHT_PROBE_PROXY_VOLUME UNITY_PBS_USE_BRDF1 UNITY_PLATFORM_SUPPORTS_DEPTH_FETCH UNITY_SPECCUBE_BLENDING UNITY_SPECCUBE_BOX_PROJECTION UNITY_USE_DITHER_MASK_FOR_ALPHABLENDED_SHADOWS
Disabled keywords: DOTS_INSTANCING_ON HAIR_VERTEX_STATIC INSTANCING_ON PROCEDURAL_INSTANCING_ON SHADER_API_GLES30 SHADER_API_GLES31 SHADER_API_GLES32 UNITY_ASTC_NORMALMAP_ENCODING UNITY_COLORSPACE_GAMMA UNITY_FRAMEBUFFER_FETCH_AVAILABLE UNITY_HARDWARE_TIER1 UNITY_HARDWARE_TIER2 UNITY_HARDWARE_TIER3 UNITY_LIGHTMAP_DLDR_ENCODING UNITY_LIGHTMAP_RGBM_ENCODING UNITY_METAL_SHADOWS_USE_POINT_FILTERING UNITY_NO_DXT5nm UNITY_NO_SCREENSPACE_SHADOWS UNITY_PBS_USE_BRDF2 UNITY_PBS_USE_BRDF3 UNITY_PRETRANSFORM_TO_DISPLAY_ORIENTATION UNITY_UNIFIED_SHADER_PRECISION_MODEL UNITY_VIRTUAL_TEXTURING _TRANSPARENT_REFRACTIVE_SORT _TRANSPARENT_WRITES_MOTION_VEC
Shader error in 'Krag Kings/Native Groom/NativeFurAuthored': 'floor': no matching 0 parameter intrinsic function; Possible intrinsic functions are: floor(float|half|min10float|min16float) at Assets/NativeGroom/NativeFurAuthored.shadergraph(5301) (on d3d11)

Compiling Subshader: 0, Pass: TransparentDepthPrepass, Vertex program with HAIR_VERTEX_LIVE _DOUBLESIDED_ON _SURFACE_TYPE_TRANSPARENT
Platform defines: SHADER_API_DESKTOP UNITY_ENABLE_DETAIL_NORMALMAP UNITY_ENABLE_REFLECTION_BUFFERS UNITY_LIGHTMAP_FULL_HDR UNITY_LIGHT_PROBE_PROXY_VOLUME UNITY_PBS_USE_BRDF1 UNITY_PLATFORM_SUPPORTS_DEPTH_FETCH UNITY_SPECCUBE_BLENDING UNITY_SPECCUBE_BOX_PROJECTION UNITY_USE_DITHER_MASK_FOR_ALPHABLENDED_SHADOWS
Disabled keywords: DOTS_INSTANCING_ON HAIR_VERTEX_STATIC INSTANCING_ON PROCEDURAL_INSTANCING_ON SHADER_API_GLES30 SHADER_API_GLES31 SHADER_API_GLES32 UNITY_ASTC_NORMALMAP_ENCODING UNITY_COLORSPACE_GAMMA UNITY_FRAMEBUFFER_FETCH_AVAILABLE UNITY_HARDWARE_TIER1 UNITY_HARDWARE_TIER2 UNITY_HARDWARE_TIER3 UNITY_LIGHTMAP_DLDR_ENCODING UNITY_LIGHTMAP_RGBM_ENCODING UNITY_METAL_SHADOWS_USE_POINT_FILTERING UNITY_NO_DXT5nm UNITY_NO_SCREENSPACE_SHADOWS UNITY_PBS_USE_BRDF2 UNITY_PBS_USE_BRDF3 UNITY_PRETRANSFORM_TO_DISPLAY_ORIENTATION UNITY_UNIFIED_SHADER_PRECISION_MODEL UNITY_VIRTUAL_TEXTURING _TRANSPARENT_REFRACTIVE_SORT _TRANSPARENT_WRITES_MOTION_VEC
Shader error in 'Krag Kings/Native Groom/NativeFurAuthored': syntax error: unexpected token 'point' at Assets/NativeGroom/NativeFurAuthored.shadergraph(5301) (on d3d11)

Compiling Subshader: 0, Pass: TransparentDepthPrepass, Vertex program with HAIR_VERTEX_LIVE _DOUBLESIDED_ON _SURFACE_TYPE_TRANSPARENT
Platform defines: SHADER_API_DESKTOP UNITY_ENABLE_DETAIL_NORMALMAP UNITY_ENABLE_REFLECTION_BUFFERS UNITY_LIGHTMAP_FULL_HDR UNITY_LIGHT_PROBE_PROXY_VOLUME UNITY_PBS_USE_BRDF1 UNITY_PLATFORM_SUPPORTS_DEPTH_FETCH UNITY_SPECCUBE_BLENDING UNITY_SPECCUBE_BOX_PROJECTION UNITY_USE_DITHER_MASK_FOR_ALPHABLENDED_SHADOWS
Disabled keywords: DOTS_INSTANCING_ON HAIR_VERTEX_STATIC INSTANCING_ON PROCEDURAL_INSTANCING_ON SHADER_API_GLES30 SHADER_API_GLES31 SHADER_API_GLES32 UNITY_ASTC_NORMALMAP_ENCODING UNITY_COLORSPACE_GAMMA UNITY_FRAMEBUFFER_FETCH_AVAILABLE UNITY_HARDWARE_TIER1 UNITY_HARDWARE_TIER2 UNITY_HARDWARE_TIER3 UNITY_LIGHTMAP_DLDR_ENCODING UNITY_LIGHTMAP_RGBM_ENCODING UNITY_METAL_SHADOWS_USE_POINT_FILTERING UNITY_NO_DXT5nm UNITY_NO_SCREENSPACE_SHADOWS UNITY_PBS_USE_BRDF2 UNITY_PBS_USE_BRDF3 UNITY_PRETRANSFORM_TO_DISPLAY_ORIENTATION UNITY_UNIFIED_SHADER_PRECISION_MODEL UNITY_VIRTUAL_TEXTURING _TRANSPARENT_REFRACTIVE_SORT _TRANSPARENT_WRITES_MOTION_VEC
Shader error in 'Krag Kings/Native Groom/NativeFurAuthored': syntax error: unexpected token 'point' at Assets/NativeGroom/NativeFurAuthored.shadergraph(6271) (on d3d11)

Compiling Subshader: 0, Pass: DepthForwardOnly, Vertex program with HAIR_VERTEX_LIVE _DOUBLESIDED_ON
Platform defines: SHADER_API_DESKTOP UNITY_ENABLE_DETAIL_NORMALMAP UNITY_ENABLE_REFLECTION_BUFFERS UNITY_LIGHTMAP_FULL_HDR UNITY_LIGHT_PROBE_PROXY_VOLUME UNITY_PBS_USE_BRDF1 UNITY_PLATFORM_SUPPORTS_DEPTH_FETCH UNITY_SPECCUBE_BLENDING UNITY_SPECCUBE_BOX_PROJECTION UNITY_USE_DITHER_MASK_FOR_ALPHABLENDED_SHADOWS
Disabled keywords: DOTS_INSTANCING_ON HAIR_VERTEX_STATIC INSTANCING_ON PROCEDURAL_INSTANCING_ON SHADER_API_GLES30 SHADER_API_GLES31 SHADER_API_GLES32 UNITY_ASTC_NORMALMAP_ENCODING UNITY_COLORSPACE_GAMMA UNITY_FRAMEBUFFER_FETCH_AVAILABLE UNITY_HARDWARE_TIER1 UNITY_HARDWARE_TIER2 UNITY_HARDWARE_TIER3 UNITY_LIGHTMAP_DLDR_ENCODING UNITY_LIGHTMAP_RGBM_ENCODING UNITY_METAL_SHADOWS_USE_POINT_FILTERING UNITY_NO_DXT5nm UNITY_NO_SCREENSPACE_SHADOWS UNITY_PBS_USE_BRDF2 UNITY_PBS_USE_BRDF3 UNITY_PRETRANSFORM_TO_DISPLAY_ORIENTATION UNITY_UNIFIED_SHADER_PRECISION_MODEL UNITY_VIRTUAL_TEXTURING
Shader error in 'Krag Kings/Native Groom/NativeFurAuthored': 'floor': no matching 0 parameter intrinsic function; Possible intrinsic functions are: floor(float|half|min10float|min16float) at Assets/NativeGroom/NativeFurAuthored.shadergraph(6272) (on d3d11)

Compiling Subshader: 0, Pass: DepthForwardOnly, Vertex program with HAIR_VERTEX_LIVE _DOUBLESIDED_ON
Platform defines: SHADER_API_DESKTOP UNITY_ENABLE_DETAIL_NORMALMAP UNITY_ENABLE_REFLECTION_BUFFERS UNITY_LIGHTMAP_FULL_HDR UNITY_LIGHT_PROBE_PROXY_VOLUME UNITY_PBS_USE_BRDF1 UNITY_PLATFORM_SUPPORTS_DEPTH_FETCH UNITY_SPECCUBE_BLENDING UNITY_SPECCUBE_BOX_PROJECTION UNITY_USE_DITHER_MASK_FOR_ALPHABLENDED_SHADOWS
Disabled keywords: DOTS_INSTANCING_ON HAIR_VERTEX_STATIC INSTANCING_ON PROCEDURAL_INSTANCING_ON SHADER_API_GLES30 SHADER_API_GLES31 SHADER_API_GLES32 UNITY_ASTC_NORMALMAP_ENCODING UNITY_COLORSPACE_GAMMA UNITY_FRAMEBUFFER_FETCH_AVAILABLE UNITY_HARDWARE_TIER1 UNITY_HARDWARE_TIER2 UNITY_HARDWARE_TIER3 UNITY_LIGHTMAP_DLDR_ENCODING UNITY_LIGHTMAP_RGBM_ENCODING UNITY_METAL_SHADOWS_USE_POINT_FILTERING UNITY_NO_DXT5nm UNITY_NO_SCREENSPACE_SHADOWS UNITY_PBS_USE_BRDF2 UNITY_PBS_USE_BRDF3 UNITY_PRETRANSFORM_TO_DISPLAY_ORIENTATION UNITY_UNIFIED_SHADER_PRECISION_MODEL UNITY_VIRTUAL_TEXTURING
Shader error in 'Krag Kings/Native Groom/NativeFurAuthored': syntax error: unexpected token 'point' at Assets/NativeGroom/NativeFurAuthored.shadergraph(6272) (on d3d11)

Compiling Subshader: 0, Pass: DepthForwardOnly, Vertex program with HAIR_VERTEX_LIVE _DOUBLESIDED_ON
Platform defines: SHADER_API_DESKTOP UNITY_ENABLE_DETAIL_NORMALMAP UNITY_ENABLE_REFLECTION_BUFFERS UNITY_LIGHTMAP_FULL_HDR UNITY_LIGHT_PROBE_PROXY_VOLUME UNITY_PBS_USE_BRDF1 UNITY_PLATFORM_SUPPORTS_DEPTH_FETCH UNITY_SPECCUBE_BLENDING UNITY_SPECCUBE_BOX_PROJECTION UNITY_USE_DITHER_MASK_FOR_ALPHABLENDED_SHADOWS
Disabled keywords: DOTS_INSTANCING_ON HAIR_VERTEX_STATIC INSTANCING_ON PROCEDURAL_INSTANCING_ON SHADER_API_GLES30 SHADER_API_GLES31 SHADER_API_GLES32 UNITY_ASTC_NORMALMAP_ENCODING UNITY_COLORSPACE_GAMMA UNITY_FRAMEBUFFER_FETCH_AVAILABLE UNITY_HARDWARE_TIER1 UNITY_HARDWARE_TIER2 UNITY_HARDWARE_TIER3 UNITY_LIGHTMAP_DLDR_ENCODING UNITY_LIGHTMAP_RGBM_ENCODING UNITY_METAL_SHADOWS_USE_POINT_FILTERING UNITY_NO_DXT5nm UNITY_NO_SCREENSPACE_SHADOWS UNITY_PBS_USE_BRDF2 UNITY_PBS_USE_BRDF3 UNITY_PRETRANSFORM_TO_DISPLAY_ORIENTATION UNITY_UNIFIED_SHADER_PRECISION_MODEL UNITY_VIRTUAL_TEXTURING
Shader error in 'Krag Kings/Native Groom/NativeFurAuthored': syntax error: unexpected token 'point' at Assets/NativeGroom/NativeFurAuthored.shadergraph(399) (on d3d11)

Compiling Subshader: 0, Pass: ShadowCaster, Vertex program with HAIR_VERTEX_LIVE _DOUBLESIDED_ON
Platform defines: SHADER_API_DESKTOP UNITY_ENABLE_DETAIL_NORMALMAP UNITY_ENABLE_REFLECTION_BUFFERS UNITY_LIGHTMAP_FULL_HDR UNITY_LIGHT_PROBE_PROXY_VOLUME UNITY_PASS_SHADOWCASTER UNITY_PBS_USE_BRDF1 UNITY_PLATFORM_SUPPORTS_DEPTH_FETCH UNITY_SPECCUBE_BLENDING UNITY_SPECCUBE_BOX_PROJECTION UNITY_USE_DITHER_MASK_FOR_ALPHABLENDED_SHADOWS
Disabled keywords: DOTS_INSTANCING_ON HAIR_VERTEX_STATIC INSTANCING_ON PROCEDURAL_INSTANCING_ON SHADER_API_GLES30 SHADER_API_GLES31 SHADER_API_GLES32 UNITY_ASTC_NORMALMAP_ENCODING UNITY_COLORSPACE_GAMMA UNITY_FRAMEBUFFER_FETCH_AVAILABLE UNITY_HARDWARE_TIER1 UNITY_HARDWARE_TIER2 UNITY_HARDWARE_TIER3 UNITY_LIGHTMAP_DLDR_ENCODING UNITY_LIGHTMAP_RGBM_ENCODING UNITY_METAL_SHADOWS_USE_POINT_FILTERING UNITY_NO_DXT5nm UNITY_NO_SCREENSPACE_SHADOWS UNITY_PBS_USE_BRDF2 UNITY_PBS_USE_BRDF3 UNITY_PRETRANSFORM_TO_DISPLAY_ORIENTATION UNITY_UNIFIED_SHADER_PRECISION_MODEL UNITY_VIRTUAL_TEXTURING
Shader error in 'Krag Kings/Native Groom/NativeFurAuthored': 'floor': no matching 0 parameter intrinsic function; Possible intrinsic functions are: floor(float|half|min10float|min16float) at Assets/NativeGroom/NativeFurAuthored.shadergraph(400) (on d3d11)

Compiling Subshader: 0, Pass: ShadowCaster, Vertex program with HAIR_VERTEX_LIVE _DOUBLESIDED_ON
Platform defines: SHADER_API_DESKTOP UNITY_ENABLE_DETAIL_NORMALMAP UNITY_ENABLE_REFLECTION_BUFFERS UNITY_LIGHTMAP_FULL_HDR UNITY_LIGHT_PROBE_PROXY_VOLUME UNITY_PASS_SHADOWCASTER UNITY_PBS_USE_BRDF1 UNITY_PLATFORM_SUPPORTS_DEPTH_FETCH UNITY_SPECCUBE_BLENDING UNITY_SPECCUBE_BOX_PROJECTION UNITY_USE_DITHER_MASK_FOR_ALPHABLENDED_SHADOWS
Disabled keywords: DOTS_INSTANCING_ON HAIR_VERTEX_STATIC INSTANCING_ON PROCEDURAL_INSTANCING_ON SHADER_API_GLES30 SHADER_API_GLES31 SHADER_API_GLES32 UNITY_ASTC_NORMALMAP_ENCODING UNITY_COLORSPACE_GAMMA UNITY_FRAMEBUFFER_FETCH_AVAILABLE UNITY_HARDWARE_TIER1 UNITY_HARDWARE_TIER2 UNITY_HARDWARE_TIER3 UNITY_LIGHTMAP_DLDR_ENCODING UNITY_LIGHTMAP_RGBM_ENCODING UNITY_METAL_SHADOWS_USE_POINT_FILTERING UNITY_NO_DXT5nm UNITY_NO_SCREENSPACE_SHADOWS UNITY_PBS_USE_BRDF2 UNITY_PBS_USE_BRDF3 UNITY_PRETRANSFORM_TO_DISPLAY_ORIENTATION UNITY_UNIFIED_SHADER_PRECISION_MODEL UNITY_VIRTUAL_TEXTURING
Shader error in 'Krag Kings/Native Groom/NativeFurAuthored': syntax error: unexpected token 'point' at Assets/NativeGroom/NativeFurAuthored.shadergraph(400) (on d3d11)

Compiling Subshader: 0, Pass: ShadowCaster, Vertex program with HAIR_VERTEX_LIVE _DOUBLESIDED_ON
Platform defines: SHADER_API_DESKTOP UNITY_ENABLE_DETAIL_NORMALMAP UNITY_ENABLE_REFLECTION_BUFFERS UNITY_LIGHTMAP_FULL_HDR UNITY_LIGHT_PROBE_PROXY_VOLUME UNITY_PASS_SHADOWCASTER UNITY_PBS_USE_BRDF1 UNITY_PLATFORM_SUPPORTS_DEPTH_FETCH UNITY_SPECCUBE_BLENDING UNITY_SPECCUBE_BOX_PROJECTION UNITY_USE_DITHER_MASK_FOR_ALPHABLENDED_SHADOWS
Disabled keywords: DOTS_INSTANCING_ON HAIR_VERTEX_STATIC INSTANCING_ON PROCEDURAL_INSTANCING_ON SHADER_API_GLES30 SHADER_API_GLES31 SHADER_API_GLES32 UNITY_ASTC_NORMALMAP_ENCODING UNITY_COLORSPACE_GAMMA UNITY_FRAMEBUFFER_FETCH_AVAILABLE UNITY_HARDWARE_TIER1 UNITY_HARDWARE_TIER2 UNITY_HARDWARE_TIER3 UNITY_LIGHTMAP_DLDR_ENCODING UNITY_LIGHTMAP_RGBM_ENCODING UNITY_METAL_SHADOWS_USE_POINT_FILTERING UNITY_NO_DXT5nm UNITY_NO_SCREENSPACE_SHADOWS UNITY_PBS_USE_BRDF2 UNITY_PBS_USE_BRDF3 UNITY_PRETRANSFORM_TO_DISPLAY_ORIENTATION UNITY_UNIFIED_SHADER_PRECISION_MODEL UNITY_VIRTUAL_TEXTURING
Shader error in 'Krag Kings/Native Groom/NativeFurAuthored': syntax error: unexpected token 'point' at Assets/NativeGroom/NativeFurAuthored.shadergraph(1375) (on d3d11)

Compiling Subshader: 0, Pass: META, Vertex program with HAIR_VERTEX_LIVE _DOUBLESIDED_ON _SURFACE_TYPE_TRANSPARENT
Platform defines: SHADER_API_DESKTOP UNITY_ENABLE_DETAIL_NORMALMAP UNITY_ENABLE_REFLECTION_BUFFERS UNITY_LIGHTMAP_FULL_HDR UNITY_LIGHT_PROBE_PROXY_VOLUME UNITY_PASS_META UNITY_PBS_USE_BRDF1 UNITY_PLATFORM_SUPPORTS_DEPTH_FETCH UNITY_SPECCUBE_BLENDING UNITY_SPECCUBE_BOX_PROJECTION UNITY_USE_DITHER_MASK_FOR_ALPHABLENDED_SHADOWS
Disabled keywords: DOTS_INSTANCING_ON EDITOR_VISUALIZATION HAIR_VERTEX_STATIC INSTANCING_ON PROCEDURAL_INSTANCING_ON SHADER_API_GLES30 SHADER_API_GLES31 SHADER_API_GLES32 UNITY_ASTC_NORMALMAP_ENCODING UNITY_COLORSPACE_GAMMA UNITY_FRAMEBUFFER_FETCH_AVAILABLE UNITY_HARDWARE_TIER1 UNITY_HARDWARE_TIER2 UNITY_HARDWARE_TIER3 UNITY_LIGHTMAP_DLDR_ENCODING UNITY_LIGHTMAP_RGBM_ENCODING UNITY_METAL_SHADOWS_USE_POINT_FILTERING UNITY_NO_DXT5nm UNITY_NO_SCREENSPACE_SHADOWS UNITY_PBS_USE_BRDF2 UNITY_PBS_USE_BRDF3 UNITY_PRETRANSFORM_TO_DISPLAY_ORIENTATION UNITY_UNIFIED_SHADER_PRECISION_MODEL UNITY_VIRTUAL_TEXTURING
Shader error in 'Krag Kings/Native Groom/NativeFurAuthored': 'floor': no matching 0 parameter intrinsic function; Possible intrinsic functions are: floor(float|half|min10float|min16float) at Assets/NativeGroom/NativeFurAuthored.shadergraph(1376) (on d3d11)

Compiling Subshader: 0, Pass: META, Vertex program with HAIR_VERTEX_LIVE _DOUBLESIDED_ON _SURFACE_TYPE_TRANSPARENT
Platform defines: SHADER_API_DESKTOP UNITY_ENABLE_DETAIL_NORMALMAP UNITY_ENABLE_REFLECTION_BUFFERS UNITY_LIGHTMAP_FULL_HDR UNITY_LIGHT_PROBE_PROXY_VOLUME UNITY_PASS_META UNITY_PBS_USE_BRDF1 UNITY_PLATFORM_SUPPORTS_DEPTH_FETCH UNITY_SPECCUBE_BLENDING UNITY_SPECCUBE_BOX_PROJECTION UNITY_USE_DITHER_MASK_FOR_ALPHABLENDED_SHADOWS
Disabled keywords: DOTS_INSTANCING_ON EDITOR_VISUALIZATION HAIR_VERTEX_STATIC INSTANCING_ON PROCEDURAL_INSTANCING_ON SHADER_API_GLES30 SHADER_API_GLES31 SHADER_API_GLES32 UNITY_ASTC_NORMALMAP_ENCODING UNITY_COLORSPACE_GAMMA UNITY_FRAMEBUFFER_FETCH_AVAILABLE UNITY_HARDWARE_TIER1 UNITY_HARDWARE_TIER2 UNITY_HARDWARE_TIER3 UNITY_LIGHTMAP_DLDR_ENCODING UNITY_LIGHTMAP_RGBM_ENCODING UNITY_METAL_SHADOWS_USE_POINT_FILTERING UNITY_NO_DXT5nm UNITY_NO_SCREENSPACE_SHADOWS UNITY_PBS_USE_BRDF2 UNITY_PBS_USE_BRDF3 UNITY_PRETRANSFORM_TO_DISPLAY_ORIENTATION UNITY_UNIFIED_SHADER_PRECISION_MODEL UNITY_VIRTUAL_TEXTURING
Shader error in 'Krag Kings/Native Groom/NativeFurAuthored': syntax error: unexpected token 'point' at Assets/NativeGroom/NativeFurAuthored.shadergraph(1376) (on d3d11)

Compiling Subshader: 0, Pass: META, Vertex program with HAIR_VERTEX_LIVE _DOUBLESIDED_ON _SURFACE_TYPE_TRANSPARENT
Platform defines: SHADER_API_DESKTOP UNITY_ENABLE_DETAIL_NORMALMAP UNITY_ENABLE_REFLECTION_BUFFERS UNITY_LIGHTMAP_FULL_HDR UNITY_LIGHT_PROBE_PROXY_VOLUME UNITY_PASS_META UNITY_PBS_USE_BRDF1 UNITY_PLATFORM_SUPPORTS_DEPTH_FETCH UNITY_SPECCUBE_BLENDING UNITY_SPECCUBE_BOX_PROJECTION UNITY_USE_DITHER_MASK_FOR_ALPHABLENDED_SHADOWS
Disabled keywords: DOTS_INSTANCING_ON EDITOR_VISUALIZATION HAIR_VERTEX_STATIC INSTANCING_ON PROCEDURAL_INSTANCING_ON SHADER_API_GLES30 SHADER_API_GLES31 SHADER_API_GLES32 UNITY_ASTC_NORMALMAP_ENCODING UNITY_COLORSPACE_GAMMA UNITY_FRAMEBUFFER_FETCH_AVAILABLE UNITY_HARDWARE_TIER1 UNITY_HARDWARE_TIER2 UNITY_HARDWARE_TIER3 UNITY_LIGHTMAP_DLDR_ENCODING UNITY_LIGHTMAP_RGBM_ENCODING UNITY_METAL_SHADOWS_USE_POINT_FILTERING UNITY_NO_DXT5nm UNITY_NO_SCREENSPACE_SHADOWS UNITY_PBS_USE_BRDF2 UNITY_PBS_USE_BRDF3 UNITY_PRETRANSFORM_TO_DISPLAY_ORIENTATION UNITY_UNIFIED_SHADER_PRECISION_MODEL UNITY_VIRTUAL_TEXTURING
Shader error in 'Krag Kings/Native Groom/NativeFurAuthored': syntax error: unexpected token 'point' at Assets/NativeGroom/NativeFurAuthored.shadergraph(2326) (on d3d11)

Compiling Subshader: 0, Pass: ScenePickingPass, Vertex program with HAIR_VERTEX_LIVE _DOUBLESIDED_ON
Platform defines: SHADER_API_DESKTOP UNITY_ENABLE_DETAIL_NORMALMAP UNITY_ENABLE_REFLECTION_BUFFERS UNITY_LIGHTMAP_FULL_HDR UNITY_LIGHT_PROBE_PROXY_VOLUME UNITY_PBS_USE_BRDF1 UNITY_PLATFORM_SUPPORTS_DEPTH_FETCH UNITY_SPECCUBE_BLENDING UNITY_SPECCUBE_BOX_PROJECTION UNITY_USE_DITHER_MASK_FOR_ALPHABLENDED_SHADOWS
Disabled keywords: DOTS_INSTANCING_ON HAIR_VERTEX_STATIC INSTANCING_ON PROCEDURAL_INSTANCING_ON SHADER_API_GLES30 SHADER_API_GLES31 SHADER_API_GLES32 UNITY_ASTC_NORMALMAP_ENCODING UNITY_COLORSPACE_GAMMA UNITY_FRAMEBUFFER_FETCH_AVAILABLE UNITY_HARDWARE_TIER1 UNITY_HARDWARE_TIER2 UNITY_HARDWARE_TIER3 UNITY_LIGHTMAP_DLDR_ENCODING UNITY_LIGHTMAP_RGBM_ENCODING UNITY_METAL_SHADOWS_USE_POINT_FILTERING UNITY_NO_DXT5nm UNITY_NO_SCREENSPACE_SHADOWS UNITY_PBS_USE_BRDF2 UNITY_PBS_USE_BRDF3 UNITY_PRETRANSFORM_TO_DISPLAY_ORIENTATION UNITY_UNIFIED_SHADER_PRECISION_MODEL UNITY_VIRTUAL_TEXTURING
Shader error in 'Krag Kings/Native Groom/NativeFurAuthored': 'floor': no matching 0 parameter intrinsic function; Possible intrinsic functions are: floor(float|half|min10float|min16float) at Assets/NativeGroom/NativeFurAuthored.shadergraph(2327) (on d3d11)

Compiling Subshader: 0, Pass: ScenePickingPass, Vertex program with HAIR_VERTEX_LIVE _DOUBLESIDED_ON
Platform defines: SHADER_API_DESKTOP UNITY_ENABLE_DETAIL_NORMALMAP UNITY_ENABLE_REFLECTION_BUFFERS UNITY_LIGHTMAP_FULL_HDR UNITY_LIGHT_PROBE_PROXY_VOLUME UNITY_PBS_USE_BRDF1 UNITY_PLATFORM_SUPPORTS_DEPTH_FETCH UNITY_SPECCUBE_BLENDING UNITY_SPECCUBE_BOX_PROJECTION UNITY_USE_DITHER_MASK_FOR_ALPHABLENDED_SHADOWS
Disabled keywords: DOTS_INSTANCING_ON HAIR_VERTEX_STATIC INSTANCING_ON PROCEDURAL_INSTANCING_ON SHADER_API_GLES30 SHADER_API_GLES31 SHADER_API_GLES32 UNITY_ASTC_NORMALMAP_ENCODING UNITY_COLORSPACE_GAMMA UNITY_FRAMEBUFFER_FETCH_AVAILABLE UNITY_HARDWARE_TIER1 UNITY_HARDWARE_TIER2 UNITY_HARDWARE_TIER3 UNITY_LIGHTMAP_DLDR_ENCODING UNITY_LIGHTMAP_RGBM_ENCODING UNITY_METAL_SHADOWS_USE_POINT_FILTERING UNITY_NO_DXT5nm UNITY_NO_SCREENSPACE_SHADOWS UNITY_PBS_USE_BRDF2 UNITY_PBS_USE_BRDF3 UNITY_PRETRANSFORM_TO_DISPLAY_ORIENTATION UNITY_UNIFIED_SHADER_PRECISION_MODEL UNITY_VIRTUAL_TEXTURING
Shader error in 'Krag Kings/Native Groom/NativeFurAuthored': syntax error: unexpected token 'point' at Assets/NativeGroom/NativeFurAuthored.shadergraph(2327) (on d3d11)

Compiling Subshader: 0, Pass: ScenePickingPass, Vertex program with HAIR_VERTEX_LIVE _DOUBLESIDED_ON
Platform defines: SHADER_API_DESKTOP UNITY_ENABLE_DETAIL_NORMALMAP UNITY_ENABLE_REFLECTION_BUFFERS UNITY_LIGHTMAP_FULL_HDR UNITY_LIGHT_PROBE_PROXY_VOLUME UNITY_PBS_USE_BRDF1 UNITY_PLATFORM_SUPPORTS_DEPTH_FETCH UNITY_SPECCUBE_BLENDING UNITY_SPECCUBE_BOX_PROJECTION UNITY_USE_DITHER_MASK_FOR_ALPHABLENDED_SHADOWS
Disabled keywords: DOTS_INSTANCING_ON HAIR_VERTEX_STATIC INSTANCING_ON PROCEDURAL_INSTANCING_ON SHADER_API_GLES30 SHADER_API_GLES31 SHADER_API_GLES32 UNITY_ASTC_NORMALMAP_ENCODING UNITY_COLORSPACE_GAMMA UNITY_FRAMEBUFFER_FETCH_AVAILABLE UNITY_HARDWARE_TIER1 UNITY_HARDWARE_TIER2 UNITY_HARDWARE_TIER3 UNITY_LIGHTMAP_DLDR_ENCODING UNITY_LIGHTMAP_RGBM_ENCODING UNITY_METAL_SHADOWS_USE_POINT_FILTERING UNITY_NO_DXT5nm UNITY_NO_SCREENSPACE_SHADOWS UNITY_PBS_USE_BRDF2 UNITY_PBS_USE_BRDF3 UNITY_PRETRANSFORM_TO_DISPLAY_ORIENTATION UNITY_UNIFIED_SHADER_PRECISION_MODEL UNITY_VIRTUAL_TEXTURING
Shader error in 'Krag Kings/Native Groom/NativeFurAuthored': syntax error: unexpected token 'point' at Assets/NativeGroom/NativeFurAuthored.shadergraph(3310) (on d3d11)

Compiling Subshader: 0, Pass: SceneSelectionPass, Vertex program with HAIR_VERTEX_LIVE _DOUBLESIDED_ON
Platform defines: SHADER_API_DESKTOP UNITY_ENABLE_DETAIL_NORMALMAP UNITY_ENABLE_REFLECTION_BUFFERS UNITY_LIGHTMAP_FULL_HDR UNITY_LIGHT_PROBE_PROXY_VOLUME UNITY_PBS_USE_BRDF1 UNITY_PLATFORM_SUPPORTS_DEPTH_FETCH UNITY_SPECCUBE_BLENDING UNITY_SPECCUBE_BOX_PROJECTION UNITY_USE_DITHER_MASK_FOR_ALPHABLENDED_SHADOWS
Disabled keywords: DOTS_INSTANCING_ON HAIR_VERTEX_STATIC INSTANCING_ON PROCEDURAL_INSTANCING_ON SHADER_API_GLES30 SHADER_API_GLES31 SHADER_API_GLES32 UNITY_ASTC_NORMALMAP_ENCODING UNITY_COLORSPACE_GAMMA UNITY_FRAMEBUFFER_FETCH_AVAILABLE UNITY_HARDWARE_TIER1 UNITY_HARDWARE_TIER2 UNITY_HARDWARE_TIER3 UNITY_LIGHTMAP_DLDR_ENCODING UNITY_LIGHTMAP_RGBM_ENCODING UNITY_METAL_SHADOWS_USE_POINT_FILTERING UNITY_NO_DXT5nm UNITY_NO_SCREENSPACE_SHADOWS UNITY_PBS_USE_BRDF2 UNITY_PBS_USE_BRDF3 UNITY_PRETRANSFORM_TO_DISPLAY_ORIENTATION UNITY_UNIFIED_SHADER_PRECISION_MODEL UNITY_VIRTUAL_TEXTURING
Shader error in 'Krag Kings/Native Groom/NativeFurAuthored': 'floor': no matching 0 parameter intrinsic function; Possible intrinsic functions are: floor(float|half|min10float|min16float) at Assets/NativeGroom/NativeFurAuthored.shadergraph(3311) (on d3d11)

Compiling Subshader: 0, Pass: SceneSelectionPass, Vertex program with HAIR_VERTEX_LIVE _DOUBLESIDED_ON
Platform defines: SHADER_API_DESKTOP UNITY_ENABLE_DETAIL_NORMALMAP UNITY_ENABLE_REFLECTION_BUFFERS UNITY_LIGHTMAP_FULL_HDR UNITY_LIGHT_PROBE_PROXY_VOLUME UNITY_PBS_USE_BRDF1 UNITY_PLATFORM_SUPPORTS_DEPTH_FETCH UNITY_SPECCUBE_BLENDING UNITY_SPECCUBE_BOX_PROJECTION UNITY_USE_DITHER_MASK_FOR_ALPHABLENDED_SHADOWS
Disabled keywords: DOTS_INSTANCING_ON HAIR_VERTEX_STATIC INSTANCING_ON PROCEDURAL_INSTANCING_ON SHADER_API_GLES30 SHADER_API_GLES31 SHADER_API_GLES32 UNITY_ASTC_NORMALMAP_ENCODING UNITY_COLORSPACE_GAMMA UNITY_FRAMEBUFFER_FETCH_AVAILABLE UNITY_HARDWARE_TIER1 UNITY_HARDWARE_TIER2 UNITY_HARDWARE_TIER3 UNITY_LIGHTMAP_DLDR_ENCODING UNITY_LIGHTMAP_RGBM_ENCODING UNITY_METAL_SHADOWS_USE_POINT_FILTERING UNITY_NO_DXT5nm UNITY_NO_SCREENSPACE_SHADOWS UNITY_PBS_USE_BRDF2 UNITY_PBS_USE_BRDF3 UNITY_PRETRANSFORM_TO_DISPLAY_ORIENTATION UNITY_UNIFIED_SHADER_PRECISION_MODEL UNITY_VIRTUAL_TEXTURING
Shader error in 'Krag Kings/Native Groom/NativeFurAuthored': syntax error: unexpected token 'point' at Assets/NativeGroom/NativeFurAuthored.shadergraph(3311) (on d3d11)

Compiling Subshader: 0, Pass: SceneSelectionPass, Vertex program with HAIR_VERTEX_LIVE _DOUBLESIDED_ON
Platform defines: SHADER_API_DESKTOP UNITY_ENABLE_DETAIL_NORMALMAP UNITY_ENABLE_REFLECTION_BUFFERS UNITY_LIGHTMAP_FULL_HDR UNITY_LIGHT_PROBE_PROXY_VOLUME UNITY_PBS_USE_BRDF1 UNITY_PLATFORM_SUPPORTS_DEPTH_FETCH UNITY_SPECCUBE_BLENDING UNITY_SPECCUBE_BOX_PROJECTION UNITY_USE_DITHER_MASK_FOR_ALPHABLENDED_SHADOWS
Disabled keywords: DOTS_INSTANCING_ON HAIR_VERTEX_STATIC INSTANCING_ON PROCEDURAL_INSTANCING_ON SHADER_API_GLES30 SHADER_API_GLES31 SHADER_API_GLES32 UNITY_ASTC_NORMALMAP_ENCODING UNITY_COLORSPACE_GAMMA UNITY_FRAMEBUFFER_FETCH_AVAILABLE UNITY_HARDWARE_TIER1 UNITY_HARDWARE_TIER2 UNITY_HARDWARE_TIER3 UNITY_LIGHTMAP_DLDR_ENCODING UNITY_LIGHTMAP_RGBM_ENCODING UNITY_METAL_SHADOWS_USE_POINT_FILTERING UNITY_NO_DXT5nm UNITY_NO_SCREENSPACE_SHADOWS UNITY_PBS_USE_BRDF2 UNITY_PBS_USE_BRDF3 UNITY_PRETRANSFORM_TO_DISPLAY_ORIENTATION UNITY_UNIFIED_SHADER_PRECISION_MODEL UNITY_VIRTUAL_TEXTURING
Shader error in 'Krag Kings/Native Groom/NativeFurAuthored': syntax error: unexpected token 'point' at Assets/NativeGroom/NativeFurAuthored.shadergraph(4306) (on d3d11)

Compiling Subshader: 0, Pass: MotionVectors, Vertex program with HAIR_VERTEX_LIVE _DOUBLESIDED_ON _SURFACE_TYPE_TRANSPARENT
Platform defines: SHADER_API_DESKTOP UNITY_ENABLE_DETAIL_NORMALMAP UNITY_ENABLE_REFLECTION_BUFFERS UNITY_LIGHTMAP_FULL_HDR UNITY_LIGHT_PROBE_PROXY_VOLUME UNITY_PASS_MOTIONVECTORS UNITY_PBS_USE_BRDF1 UNITY_PLATFORM_SUPPORTS_DEPTH_FETCH UNITY_SPECCUBE_BLENDING UNITY_SPECCUBE_BOX_PROJECTION UNITY_USE_DITHER_MASK_FOR_ALPHABLENDED_SHADOWS
Disabled keywords: DOTS_INSTANCING_ON HAIR_VERTEX_STATIC INSTANCING_ON PROCEDURAL_INSTANCING_ON SHADER_API_GLES30 SHADER_API_GLES31 SHADER_API_GLES32 UNITY_ASTC_NORMALMAP_ENCODING UNITY_COLORSPACE_GAMMA UNITY_FRAMEBUFFER_FETCH_AVAILABLE UNITY_HARDWARE_TIER1 UNITY_HARDWARE_TIER2 UNITY_HARDWARE_TIER3 UNITY_LIGHTMAP_DLDR_ENCODING UNITY_LIGHTMAP_RGBM_ENCODING UNITY_METAL_SHADOWS_USE_POINT_FILTERING UNITY_NO_DXT5nm UNITY_NO_SCREENSPACE_SHADOWS UNITY_PBS_USE_BRDF2 UNITY_PBS_USE_BRDF3 UNITY_PRETRANSFORM_TO_DISPLAY_ORIENTATION UNITY_UNIFIED_SHADER_PRECISION_MODEL UNITY_VIRTUAL_TEXTURING _ADD_PRECOMPUTED_VELOCITY _TRANSPARENT_REFRACTIVE_SORT _TRANSPARENT_WRITES_MOTION_VEC
Shader error in 'Krag Kings/Native Groom/NativeFurAuthored': 'floor': no matching 0 parameter intrinsic function; Possible intrinsic functions are: floor(float|half|min10float|min16float) at Assets/NativeGroom/NativeFurAuthored.shadergraph(4307) (on d3d11)

Compiling Subshader: 0, Pass: MotionVectors, Vertex program with HAIR_VERTEX_LIVE _DOUBLESIDED_ON _SURFACE_TYPE_TRANSPARENT
Platform defines: SHADER_API_DESKTOP UNITY_ENABLE_DETAIL_NORMALMAP UNITY_ENABLE_REFLECTION_BUFFERS UNITY_LIGHTMAP_FULL_HDR UNITY_LIGHT_PROBE_PROXY_VOLUME UNITY_PASS_MOTIONVECTORS UNITY_PBS_USE_BRDF1 UNITY_PLATFORM_SUPPORTS_DEPTH_FETCH UNITY_SPECCUBE_BLENDING UNITY_SPECCUBE_BOX_PROJECTION UNITY_USE_DITHER_MASK_FOR_ALPHABLENDED_SHADOWS
Disabled keywords: DOTS_INSTANCING_ON HAIR_VERTEX_STATIC INSTANCING_ON PROCEDURAL_INSTANCING_ON SHADER_API_GLES30 SHADER_API_GLES31 SHADER_API_GLES32 UNITY_ASTC_NORMALMAP_ENCODING UNITY_COLORSPACE_GAMMA UNITY_FRAMEBUFFER_FETCH_AVAILABLE UNITY_HARDWARE_TIER1 UNITY_HARDWARE_TIER2 UNITY_HARDWARE_TIER3 UNITY_LIGHTMAP_DLDR_ENCODING UNITY_LIGHTMAP_RGBM_ENCODING UNITY_METAL_SHADOWS_USE_POINT_FILTERING UNITY_NO_DXT5nm UNITY_NO_SCREENSPACE_SHADOWS UNITY_PBS_USE_BRDF2 UNITY_PBS_USE_BRDF3 UNITY_PRETRANSFORM_TO_DISPLAY_ORIENTATION UNITY_UNIFIED_SHADER_PRECISION_MODEL UNITY_VIRTUAL_TEXTURING _ADD_PRECOMPUTED_VELOCITY _TRANSPARENT_REFRACTIVE_SORT _TRANSPARENT_WRITES_MOTION_VEC
Shader error in 'Krag Kings/Native Groom/NativeFurAuthored': syntax error: unexpected token 'point' at Assets/NativeGroom/NativeFurAuthored.shadergraph(4307) (on d3d11)

Compiling Subshader: 0, Pass: MotionVectors, Vertex program with HAIR_VERTEX_LIVE _DOUBLESIDED_ON _SURFACE_TYPE_TRANSPARENT
Platform defines: SHADER_API_DESKTOP UNITY_ENABLE_DETAIL_NORMALMAP UNITY_ENABLE_REFLECTION_BUFFERS UNITY_LIGHTMAP_FULL_HDR UNITY_LIGHT_PROBE_PROXY_VOLUME UNITY_PASS_MOTIONVECTORS UNITY_PBS_USE_BRDF1 UNITY_PLATFORM_SUPPORTS_DEPTH_FETCH UNITY_SPECCUBE_BLENDING UNITY_SPECCUBE_BOX_PROJECTION UNITY_USE_DITHER_MASK_FOR_ALPHABLENDED_SHADOWS
Disabled keywords: DOTS_INSTANCING_ON HAIR_VERTEX_STATIC INSTANCING_ON PROCEDURAL_INSTANCING_ON SHADER_API_GLES30 SHADER_API_GLES31 SHADER_API_GLES32 UNITY_ASTC_NORMALMAP_ENCODING UNITY_COLORSPACE_GAMMA UNITY_FRAMEBUFFER_FETCH_AVAILABLE UNITY_HARDWARE_TIER1 UNITY_HARDWARE_TIER2 UNITY_HARDWARE_TIER3 UNITY_LIGHTMAP_DLDR_ENCODING UNITY_LIGHTMAP_RGBM_ENCODING UNITY_METAL_SHADOWS_USE_POINT_FILTERING UNITY_NO_DXT5nm UNITY_NO_SCREENSPACE_SHADOWS UNITY_PBS_USE_BRDF2 UNITY_PBS_USE_BRDF3 UNITY_PRETRANSFORM_TO_DISPLAY_ORIENTATION UNITY_UNIFIED_SHADER_PRECISION_MODEL UNITY_VIRTUAL_TEXTURING _ADD_PRECOMPUTED_VELOCITY _TRANSPARENT_REFRACTIVE_SORT _TRANSPARENT_WRITES_MOTION_VEC
Shader error in 'Krag Kings/Native Groom/NativeFurAuthored': syntax error: unexpected token 'point' at Assets/NativeGroom/NativeFurAuthored.shadergraph(5300) (on d3d11)

Compiling Subshader: 0, Pass: TransparentDepthPrepass, Vertex program with HAIR_VERTEX_LIVE _DOUBLESIDED_ON _SURFACE_TYPE_TRANSPARENT
Platform defines: SHADER_API_DESKTOP UNITY_ENABLE_DETAIL_NORMALMAP UNITY_ENABLE_REFLECTION_BUFFERS UNITY_LIGHTMAP_FULL_HDR UNITY_LIGHT_PROBE_PROXY_VOLUME UNITY_PBS_USE_BRDF1 UNITY_PLATFORM_SUPPORTS_DEPTH_FETCH UNITY_SPECCUBE_BLENDING UNITY_SPECCUBE_BOX_PROJECTION UNITY_USE_DITHER_MASK_FOR_ALPHABLENDED_SHADOWS
Disabled keywords: DOTS_INSTANCING_ON HAIR_VERTEX_STATIC INSTANCING_ON PROCEDURAL_INSTANCING_ON SHADER_API_GLES30 SHADER_API_GLES31 SHADER_API_GLES32 UNITY_ASTC_NORMALMAP_ENCODING UNITY_COLORSPACE_GAMMA UNITY_FRAMEBUFFER_FETCH_AVAILABLE UNITY_HARDWARE_TIER1 UNITY_HARDWARE_TIER2 UNITY_HARDWARE_TIER3 UNITY_LIGHTMAP_DLDR_ENCODING UNITY_LIGHTMAP_RGBM_ENCODING UNITY_METAL_SHADOWS_USE_POINT_FILTERING UNITY_NO_DXT5nm UNITY_NO_SCREENSPACE_SHADOWS UNITY_PBS_USE_BRDF2 UNITY_PBS_USE_BRDF3 UNITY_PRETRANSFORM_TO_DISPLAY_ORIENTATION UNITY_UNIFIED_SHADER_PRECISION_MODEL UNITY_VIRTUAL_TEXTURING _TRANSPARENT_REFRACTIVE_SORT _TRANSPARENT_WRITES_MOTION_VEC
Shader error in 'Krag Kings/Native Groom/NativeFurAuthored': 'floor': no matching 0 parameter intrinsic function; Possible intrinsic functions are: floor(float|half|min10float|min16float) at Assets/NativeGroom/NativeFurAuthored.shadergraph(5301) (on d3d11)

Compiling Subshader: 0, Pass: TransparentDepthPrepass, Vertex program with HAIR_VERTEX_LIVE _DOUBLESIDED_ON _SURFACE_TYPE_TRANSPARENT
Platform defines: SHADER_API_DESKTOP UNITY_ENABLE_DETAIL_NORMALMAP UNITY_ENABLE_REFLECTION_BUFFERS UNITY_LIGHTMAP_FULL_HDR UNITY_LIGHT_PROBE_PROXY_VOLUME UNITY_PBS_USE_BRDF1 UNITY_PLATFORM_SUPPORTS_DEPTH_FETCH UNITY_SPECCUBE_BLENDING UNITY_SPECCUBE_BOX_PROJECTION UNITY_USE_DITHER_MASK_FOR_ALPHABLENDED_SHADOWS
Disabled keywords: DOTS_INSTANCING_ON HAIR_VERTEX_STATIC INSTANCING_ON PROCEDURAL_INSTANCING_ON SHADER_API_GLES30 SHADER_API_GLES31 SHADER_API_GLES32 UNITY_ASTC_NORMALMAP_ENCODING UNITY_COLORSPACE_GAMMA UNITY_FRAMEBUFFER_FETCH_AVAILABLE UNITY_HARDWARE_TIER1 UNITY_HARDWARE_TIER2 UNITY_HARDWARE_TIER3 UNITY_LIGHTMAP_DLDR_ENCODING UNITY_LIGHTMAP_RGBM_ENCODING UNITY_METAL_SHADOWS_USE_POINT_FILTERING UNITY_NO_DXT5nm UNITY_NO_SCREENSPACE_SHADOWS UNITY_PBS_USE_BRDF2 UNITY_PBS_USE_BRDF3 UNITY_PRETRANSFORM_TO_DISPLAY_ORIENTATION UNITY_UNIFIED_SHADER_PRECISION_MODEL UNITY_VIRTUAL_TEXTURING _TRANSPARENT_REFRACTIVE_SORT _TRANSPARENT_WRITES_MOTION_VEC
Shader error in 'Krag Kings/Native Groom/NativeFurAuthored': syntax error: unexpected token 'point' at Assets/NativeGroom/NativeFurAuthored.shadergraph(5301) (on d3d11)

Compiling Subshader: 0, Pass: TransparentDepthPrepass, Vertex program with HAIR_VERTEX_LIVE _DOUBLESIDED_ON _SURFACE_TYPE_TRANSPARENT
Platform defines: SHADER_API_DESKTOP UNITY_ENABLE_DETAIL_NORMALMAP UNITY_ENABLE_REFLECTION_BUFFERS UNITY_LIGHTMAP_FULL_HDR UNITY_LIGHT_PROBE_PROXY_VOLUME UNITY_PBS_USE_BRDF1 UNITY_PLATFORM_SUPPORTS_DEPTH_FETCH UNITY_SPECCUBE_BLENDING UNITY_SPECCUBE_BOX_PROJECTION UNITY_USE_DITHER_MASK_FOR_ALPHABLENDED_SHADOWS
Disabled keywords: DOTS_INSTANCING_ON HAIR_VERTEX_STATIC INSTANCING_ON PROCEDURAL_INSTANCING_ON SHADER_API_GLES30 SHADER_API_GLES31 SHADER_API_GLES32 UNITY_ASTC_NORMALMAP_ENCODING UNITY_COLORSPACE_GAMMA UNITY_FRAMEBUFFER_FETCH_AVAILABLE UNITY_HARDWARE_TIER1 UNITY_HARDWARE_TIER2 UNITY_HARDWARE_TIER3 UNITY_LIGHTMAP_DLDR_ENCODING UNITY_LIGHTMAP_RGBM_ENCODING UNITY_METAL_SHADOWS_USE_POINT_FILTERING UNITY_NO_DXT5nm UNITY_NO_SCREENSPACE_SHADOWS UNITY_PBS_USE_BRDF2 UNITY_PBS_USE_BRDF3 UNITY_PRETRANSFORM_TO_DISPLAY_ORIENTATION UNITY_UNIFIED_SHADER_PRECISION_MODEL UNITY_VIRTUAL_TEXTURING _TRANSPARENT_REFRACTIVE_SORT _TRANSPARENT_WRITES_MOTION_VEC
Shader error in 'Krag Kings/Native Groom/NativeFurAuthored': syntax error: unexpected token 'point' at Assets/NativeGroom/NativeFurAuthored.shadergraph(6271) (on d3d11)

Compiling Subshader: 0, Pass: DepthForwardOnly, Vertex program with HAIR_VERTEX_LIVE _DOUBLESIDED_ON
Platform defines: SHADER_API_DESKTOP UNITY_ENABLE_DETAIL_NORMALMAP UNITY_ENABLE_REFLECTION_BUFFERS UNITY_LIGHTMAP_FULL_HDR UNITY_LIGHT_PROBE_PROXY_VOLUME UNITY_PBS_USE_BRDF1 UNITY_PLATFORM_SUPPORTS_DEPTH_FETCH UNITY_SPECCUBE_BLENDING UNITY_SPECCUBE_BOX_PROJECTION UNITY_USE_DITHER_MASK_FOR_ALPHABLENDED_SHADOWS
Disabled keywords: DOTS_INSTANCING_ON HAIR_VERTEX_STATIC INSTANCING_ON PROCEDURAL_INSTANCING_ON SHADER_API_GLES30 SHADER_API_GLES31 SHADER_API_GLES32 UNITY_ASTC_NORMALMAP_ENCODING UNITY_COLORSPACE_GAMMA UNITY_FRAMEBUFFER_FETCH_AVAILABLE UNITY_HARDWARE_TIER1 UNITY_HARDWARE_TIER2 UNITY_HARDWARE_TIER3 UNITY_LIGHTMAP_DLDR_ENCODING UNITY_LIGHTMAP_RGBM_ENCODING UNITY_METAL_SHADOWS_USE_POINT_FILTERING UNITY_NO_DXT5nm UNITY_NO_SCREENSPACE_SHADOWS UNITY_PBS_USE_BRDF2 UNITY_PBS_USE_BRDF3 UNITY_PRETRANSFORM_TO_DISPLAY_ORIENTATION UNITY_UNIFIED_SHADER_PRECISION_MODEL UNITY_VIRTUAL_TEXTURING
Shader error in 'Krag Kings/Native Groom/NativeFurAuthored': 'floor': no matching 0 parameter intrinsic function; Possible intrinsic functions are: floor(float|half|min10float|min16float) at Assets/NativeGroom/NativeFurAuthored.shadergraph(6272) (on d3d11)

Compiling Subshader: 0, Pass: DepthForwardOnly, Vertex program with HAIR_VERTEX_LIVE _DOUBLESIDED_ON
Platform defines: SHADER_API_DESKTOP UNITY_ENABLE_DETAIL_NORMALMAP UNITY_ENABLE_REFLECTION_BUFFERS UNITY_LIGHTMAP_FULL_HDR UNITY_LIGHT_PROBE_PROXY_VOLUME UNITY_PBS_USE_BRDF1 UNITY_PLATFORM_SUPPORTS_DEPTH_FETCH UNITY_SPECCUBE_BLENDING UNITY_SPECCUBE_BOX_PROJECTION UNITY_USE_DITHER_MASK_FOR_ALPHABLENDED_SHADOWS
Disabled keywords: DOTS_INSTANCING_ON HAIR_VERTEX_STATIC INSTANCING_ON PROCEDURAL_INSTANCING_ON SHADER_API_GLES30 SHADER_API_GLES31 SHADER_API_GLES32 UNITY_ASTC_NORMALMAP_ENCODING UNITY_COLORSPACE_GAMMA UNITY_FRAMEBUFFER_FETCH_AVAILABLE UNITY_HARDWARE_TIER1 UNITY_HARDWARE_TIER2 UNITY_HARDWARE_TIER3 UNITY_LIGHTMAP_DLDR_ENCODING UNITY_LIGHTMAP_RGBM_ENCODING UNITY_METAL_SHADOWS_USE_POINT_FILTERING UNITY_NO_DXT5nm UNITY_NO_SCREENSPACE_SHADOWS UNITY_PBS_USE_BRDF2 UNITY_PBS_USE_BRDF3 UNITY_PRETRANSFORM_TO_DISPLAY_ORIENTATION UNITY_UNIFIED_SHADER_PRECISION_MODEL UNITY_VIRTUAL_TEXTURING
Shader error in 'Krag Kings/Native Groom/NativeFurAuthored': syntax error: unexpected token 'point' at Assets/NativeGroom/NativeFurAuthored.shadergraph(6272) (on d3d11)

Compiling Subshader: 0, Pass: DepthForwardOnly, Vertex program with HAIR_VERTEX_LIVE _DOUBLESIDED_ON
Platform defines: SHADER_API_DESKTOP UNITY_ENABLE_DETAIL_NORMALMAP UNITY_ENABLE_REFLECTION_BUFFERS UNITY_LIGHTMAP_FULL_HDR UNITY_LIGHT_PROBE_PROXY_VOLUME UNITY_PBS_USE_BRDF1 UNITY_PLATFORM_SUPPORTS_DEPTH_FETCH UNITY_SPECCUBE_BLENDING UNITY_SPECCUBE_BOX_PROJECTION UNITY_USE_DITHER_MASK_FOR_ALPHABLENDED_SHADOWS
Disabled keywords: DOTS_INSTANCING_ON HAIR_VERTEX_STATIC INSTANCING_ON PROCEDURAL_INSTANCING_ON SHADER_API_GLES30 SHADER_API_GLES31 SHADER_API_GLES32 UNITY_ASTC_NORMALMAP_ENCODING UNITY_COLORSPACE_GAMMA UNITY_FRAMEBUFFER_FETCH_AVAILABLE UNITY_HARDWARE_TIER1 UNITY_HARDWARE_TIER2 UNITY_HARDWARE_TIER3 UNITY_LIGHTMAP_DLDR_ENCODING UNITY_LIGHTMAP_RGBM_ENCODING UNITY_METAL_SHADOWS_USE_POINT_FILTERING UNITY_NO_DXT5nm UNITY_NO_SCREENSPACE_SHADOWS UNITY_PBS_USE_BRDF2 UNITY_PBS_USE_BRDF3 UNITY_PRETRANSFORM_TO_DISPLAY_ORIENTATION UNITY_UNIFIED_SHADER_PRECISION_MODEL UNITY_VIRTUAL_TEXTURING
Shader error in 'Krag Kings/Native Groom/NativeFurAuthored': syntax error: unexpected token 'point' at Assets/NativeGroom/NativeFurAuthored.shadergraph(399) (on d3d11)

Compiling Subshader: 0, Pass: ShadowCaster, Vertex program with HAIR_VERTEX_LIVE _DOUBLESIDED_ON
Platform defines: SHADER_API_DESKTOP UNITY_ENABLE_DETAIL_NORMALMAP UNITY_ENABLE_REFLECTION_BUFFERS UNITY_LIGHTMAP_FULL_HDR UNITY_LIGHT_PROBE_PROXY_VOLUME UNITY_PASS_SHADOWCASTER UNITY_PBS_USE_BRDF1 UNITY_PLATFORM_SUPPORTS_DEPTH_FETCH UNITY_SPECCUBE_BLENDING UNITY_SPECCUBE_BOX_PROJECTION UNITY_USE_DITHER_MASK_FOR_ALPHABLENDED_SHADOWS
Disabled keywords: DOTS_INSTANCING_ON HAIR_VERTEX_STATIC INSTANCING_ON PROCEDURAL_INSTANCING_ON SHADER_API_GLES30 SHADER_API_GLES31 SHADER_API_GLES32 UNITY_ASTC_NORMALMAP_ENCODING UNITY_COLORSPACE_GAMMA UNITY_FRAMEBUFFER_FETCH_AVAILABLE UNITY_HARDWARE_TIER1 UNITY_HARDWARE_TIER2 UNITY_HARDWARE_TIER3 UNITY_LIGHTMAP_DLDR_ENCODING UNITY_LIGHTMAP_RGBM_ENCODING UNITY_METAL_SHADOWS_USE_POINT_FILTERING UNITY_NO_DXT5nm UNITY_NO_SCREENSPACE_SHADOWS UNITY_PBS_USE_BRDF2 UNITY_PBS_USE_BRDF3 UNITY_PRETRANSFORM_TO_DISPLAY_ORIENTATION UNITY_UNIFIED_SHADER_PRECISION_MODEL UNITY_VIRTUAL_TEXTURING
Shader error in 'Krag Kings/Native Groom/NativeFurAuthored': 'floor': no matching 0 parameter intrinsic function; Possible intrinsic functions are: floor(float|half|min10float|min16float) at Assets/NativeGroom/NativeFurAuthored.shadergraph(400) (on d3d11)

Compiling Subshader: 0, Pass: ShadowCaster, Vertex program with HAIR_VERTEX_LIVE _DOUBLESIDED_ON
Platform defines: SHADER_API_DESKTOP UNITY_ENABLE_DETAIL_NORMALMAP UNITY_ENABLE_REFLECTION_BUFFERS UNITY_LIGHTMAP_FULL_HDR UNITY_LIGHT_PROBE_PROXY_VOLUME UNITY_PASS_SHADOWCASTER UNITY_PBS_USE_BRDF1 UNITY_PLATFORM_SUPPORTS_DEPTH_FETCH UNITY_SPECCUBE_BLENDING UNITY_SPECCUBE_BOX_PROJECTION UNITY_USE_DITHER_MASK_FOR_ALPHABLENDED_SHADOWS
Disabled keywords: DOTS_INSTANCING_ON HAIR_VERTEX_STATIC INSTANCING_ON PROCEDURAL_INSTANCING_ON SHADER_API_GLES30 SHADER_API_GLES31 SHADER_API_GLES32 UNITY_ASTC_NORMALMAP_ENCODING UNITY_COLORSPACE_GAMMA UNITY_FRAMEBUFFER_FETCH_AVAILABLE UNITY_HARDWARE_TIER1 UNITY_HARDWARE_TIER2 UNITY_HARDWARE_TIER3 UNITY_LIGHTMAP_DLDR_ENCODING UNITY_LIGHTMAP_RGBM_ENCODING UNITY_METAL_SHADOWS_USE_POINT_FILTERING UNITY_NO_DXT5nm UNITY_NO_SCREENSPACE_SHADOWS UNITY_PBS_USE_BRDF2 UNITY_PBS_USE_BRDF3 UNITY_PRETRANSFORM_TO_DISPLAY_ORIENTATION UNITY_UNIFIED_SHADER_PRECISION_MODEL UNITY_VIRTUAL_TEXTURING
Shader error in 'Krag Kings/Native Groom/NativeFurAuthored': syntax error: unexpected token 'point' at Assets/NativeGroom/NativeFurAuthored.shadergraph(400) (on d3d11)

Compiling Subshader: 0, Pass: ShadowCaster, Vertex program with HAIR_VERTEX_LIVE _DOUBLESIDED_ON
Platform defines: SHADER_API_DESKTOP UNITY_ENABLE_DETAIL_NORMALMAP UNITY_ENABLE_REFLECTION_BUFFERS UNITY_LIGHTMAP_FULL_HDR UNITY_LIGHT_PROBE_PROXY_VOLUME UNITY_PASS_SHADOWCASTER UNITY_PBS_USE_BRDF1 UNITY_PLATFORM_SUPPORTS_DEPTH_FETCH UNITY_SPECCUBE_BLENDING UNITY_SPECCUBE_BOX_PROJECTION UNITY_USE_DITHER_MASK_FOR_ALPHABLENDED_SHADOWS
Disabled keywords: DOTS_INSTANCING_ON HAIR_VERTEX_STATIC INSTANCING_ON PROCEDURAL_INSTANCING_ON SHADER_API_GLES30 SHADER_API_GLES31 SHADER_API_GLES32 UNITY_ASTC_NORMALMAP_ENCODING UNITY_COLORSPACE_GAMMA UNITY_FRAMEBUFFER_FETCH_AVAILABLE UNITY_HARDWARE_TIER1 UNITY_HARDWARE_TIER2 UNITY_HARDWARE_TIER3 UNITY_LIGHTMAP_DLDR_ENCODING UNITY_LIGHTMAP_RGBM_ENCODING UNITY_METAL_SHADOWS_USE_POINT_FILTERING UNITY_NO_DXT5nm UNITY_NO_SCREENSPACE_SHADOWS UNITY_PBS_USE_BRDF2 UNITY_PBS_USE_BRDF3 UNITY_PRETRANSFORM_TO_DISPLAY_ORIENTATION UNITY_UNIFIED_SHADER_PRECISION_MODEL UNITY_VIRTUAL_TEXTURING
Shader error in 'Krag Kings/Native Groom/NativeFurAuthored': syntax error: unexpected token 'point' at Assets/NativeGroom/NativeFurAuthored.shadergraph(1375) (on d3d11)

Compiling Subshader: 0, Pass: META, Vertex program with HAIR_VERTEX_LIVE _DOUBLESIDED_ON _SURFACE_TYPE_TRANSPARENT
Platform defines: SHADER_API_DESKTOP UNITY_ENABLE_DETAIL_NORMALMAP UNITY_ENABLE_REFLECTION_BUFFERS UNITY_LIGHTMAP_FULL_HDR UNITY_LIGHT_PROBE_PROXY_VOLUME UNITY_PASS_META UNITY_PBS_USE_BRDF1 UNITY_PLATFORM_SUPPORTS_DEPTH_FETCH UNITY_SPECCUBE_BLENDING UNITY_SPECCUBE_BOX_PROJECTION UNITY_USE_DITHER_MASK_FOR_ALPHABLENDED_SHADOWS
Disabled keywords: DOTS_INSTANCING_ON EDITOR_VISUALIZATION HAIR_VERTEX_STATIC INSTANCING_ON PROCEDURAL_INSTANCING_ON SHADER_API_GLES30 SHADER_API_GLES31 SHADER_API_GLES32 UNITY_ASTC_NORMALMAP_ENCODING UNITY_COLORSPACE_GAMMA UNITY_FRAMEBUFFER_FETCH_AVAILABLE UNITY_HARDWARE_TIER1 UNITY_HARDWARE_TIER2 UNITY_HARDWARE_TIER3 UNITY_LIGHTMAP_DLDR_ENCODING UNITY_LIGHTMAP_RGBM_ENCODING UNITY_METAL_SHADOWS_USE_POINT_FILTERING UNITY_NO_DXT5nm UNITY_NO_SCREENSPACE_SHADOWS UNITY_PBS_USE_BRDF2 UNITY_PBS_USE_BRDF3 UNITY_PRETRANSFORM_TO_DISPLAY_ORIENTATION UNITY_UNIFIED_SHADER_PRECISION_MODEL UNITY_VIRTUAL_TEXTURING
Shader error in 'Krag Kings/Native Groom/NativeFurAuthored': 'floor': no matching 0 parameter intrinsic function; Possible intrinsic functions are: floor(float|half|min10float|min16float) at Assets/NativeGroom/NativeFurAuthored.shadergraph(1376) (on d3d11)

Compiling Subshader: 0, Pass: META, Vertex program with HAIR_VERTEX_LIVE _DOUBLESIDED_ON _SURFACE_TYPE_TRANSPARENT
Platform defines: SHADER_API_DESKTOP UNITY_ENABLE_DETAIL_NORMALMAP UNITY_ENABLE_REFLECTION_BUFFERS UNITY_LIGHTMAP_FULL_HDR UNITY_LIGHT_PROBE_PROXY_VOLUME UNITY_PASS_META UNITY_PBS_USE_BRDF1 UNITY_PLATFORM_SUPPORTS_DEPTH_FETCH UNITY_SPECCUBE_BLENDING UNITY_SPECCUBE_BOX_PROJECTION UNITY_USE_DITHER_MASK_FOR_ALPHABLENDED_SHADOWS
Disabled keywords: DOTS_INSTANCING_ON EDITOR_VISUALIZATION HAIR_VERTEX_STATIC INSTANCING_ON PROCEDURAL_INSTANCING_ON SHADER_API_GLES30 SHADER_API_GLES31 SHADER_API_GLES32 UNITY_ASTC_NORMALMAP_ENCODING UNITY_COLORSPACE_GAMMA UNITY_FRAMEBUFFER_FETCH_AVAILABLE UNITY_HARDWARE_TIER1 UNITY_HARDWARE_TIER2 UNITY_HARDWARE_TIER3 UNITY_LIGHTMAP_DLDR_ENCODING UNITY_LIGHTMAP_RGBM_ENCODING UNITY_METAL_SHADOWS_USE_POINT_FILTERING UNITY_NO_DXT5nm UNITY_NO_SCREENSPACE_SHADOWS UNITY_PBS_USE_BRDF2 UNITY_PBS_USE_BRDF3 UNITY_PRETRANSFORM_TO_DISPLAY_ORIENTATION UNITY_UNIFIED_SHADER_PRECISION_MODEL UNITY_VIRTUAL_TEXTURING
Shader error in 'Krag Kings/Native Groom/NativeFurAuthored': syntax error: unexpected token 'point' at Assets/NativeGroom/NativeFurAuthored.shadergraph(1376) (on d3d11)

Compiling Subshader: 0, Pass: META, Vertex program with HAIR_VERTEX_LIVE _DOUBLESIDED_ON _SURFACE_TYPE_TRANSPARENT
Platform defines: SHADER_API_DESKTOP UNITY_ENABLE_DETAIL_NORMALMAP UNITY_ENABLE_REFLECTION_BUFFERS UNITY_LIGHTMAP_FULL_HDR UNITY_LIGHT_PROBE_PROXY_VOLUME UNITY_PASS_META UNITY_PBS_USE_BRDF1 UNITY_PLATFORM_SUPPORTS_DEPTH_FETCH UNITY_SPECCUBE_BLENDING UNITY_SPECCUBE_BOX_PROJECTION UNITY_USE_DITHER_MASK_FOR_ALPHABLENDED_SHADOWS
Disabled keywords: DOTS_INSTANCING_ON EDITOR_VISUALIZATION HAIR_VERTEX_STATIC INSTANCING_ON PROCEDURAL_INSTANCING_ON SHADER_API_GLES30 SHADER_API_GLES31 SHADER_API_GLES32 UNITY_ASTC_NORMALMAP_ENCODING UNITY_COLORSPACE_GAMMA UNITY_FRAMEBUFFER_FETCH_AVAILABLE UNITY_HARDWARE_TIER1 UNITY_HARDWARE_TIER2 UNITY_HARDWARE_TIER3 UNITY_LIGHTMAP_DLDR_ENCODING UNITY_LIGHTMAP_RGBM_ENCODING UNITY_METAL_SHADOWS_USE_POINT_FILTERING UNITY_NO_DXT5nm UNITY_NO_SCREENSPACE_SHADOWS UNITY_PBS_USE_BRDF2 UNITY_PBS_USE_BRDF3 UNITY_PRETRANSFORM_TO_DISPLAY_ORIENTATION UNITY_UNIFIED_SHADER_PRECISION_MODEL UNITY_VIRTUAL_TEXTURING
Shader error in 'Krag Kings/Native Groom/NativeFurAuthored': syntax error: unexpected token 'point' at Assets/NativeGroom/NativeFurAuthored.shadergraph(2326) (on d3d11)

Compiling Subshader: 0, Pass: ScenePickingPass, Vertex program with HAIR_VERTEX_LIVE _DOUBLESIDED_ON
Platform defines: SHADER_API_DESKTOP UNITY_ENABLE_DETAIL_NORMALMAP UNITY_ENABLE_REFLECTION_BUFFERS UNITY_LIGHTMAP_FULL_HDR UNITY_LIGHT_PROBE_PROXY_VOLUME UNITY_PBS_USE_BRDF1 UNITY_PLATFORM_SUPPORTS_DEPTH_FETCH UNITY_SPECCUBE_BLENDING UNITY_SPECCUBE_BOX_PROJECTION UNITY_USE_DITHER_MASK_FOR_ALPHABLENDED_SHADOWS
Disabled keywords: DOTS_INSTANCING_ON HAIR_VERTEX_STATIC INSTANCING_ON PROCEDURAL_INSTANCING_ON SHADER_API_GLES30 SHADER_API_GLES31 SHADER_API_GLES32 UNITY_ASTC_NORMALMAP_ENCODING UNITY_COLORSPACE_GAMMA UNITY_FRAMEBUFFER_FETCH_AVAILABLE UNITY_HARDWARE_TIER1 UNITY_HARDWARE_TIER2 UNITY_HARDWARE_TIER3 UNITY_LIGHTMAP_DLDR_ENCODING UNITY_LIGHTMAP_RGBM_ENCODING UNITY_METAL_SHADOWS_USE_POINT_FILTERING UNITY_NO_DXT5nm UNITY_NO_SCREENSPACE_SHADOWS UNITY_PBS_USE_BRDF2 UNITY_PBS_USE_BRDF3 UNITY_PRETRANSFORM_TO_DISPLAY_ORIENTATION UNITY_UNIFIED_SHADER_PRECISION_MODEL UNITY_VIRTUAL_TEXTURING
Shader error in 'Krag Kings/Native Groom/NativeFurAuthored': 'floor': no matching 0 parameter intrinsic function; Possible intrinsic functions are: floor(float|half|min10float|min16float) at Assets/NativeGroom/NativeFurAuthored.shadergraph(2327) (on d3d11)

Compiling Subshader: 0, Pass: ScenePickingPass, Vertex program with HAIR_VERTEX_LIVE _DOUBLESIDED_ON
Platform defines: SHADER_API_DESKTOP UNITY_ENABLE_DETAIL_NORMALMAP UNITY_ENABLE_REFLECTION_BUFFERS UNITY_LIGHTMAP_FULL_HDR UNITY_LIGHT_PROBE_PROXY_VOLUME UNITY_PBS_USE_BRDF1 UNITY_PLATFORM_SUPPORTS_DEPTH_FETCH UNITY_SPECCUBE_BLENDING UNITY_SPECCUBE_BOX_PROJECTION UNITY_USE_DITHER_MASK_FOR_ALPHABLENDED_SHADOWS
Disabled keywords: DOTS_INSTANCING_ON HAIR_VERTEX_STATIC INSTANCING_ON PROCEDURAL_INSTANCING_ON SHADER_API_GLES30 SHADER_API_GLES31 SHADER_API_GLES32 UNITY_ASTC_NORMALMAP_ENCODING UNITY_COLORSPACE_GAMMA UNITY_FRAMEBUFFER_FETCH_AVAILABLE UNITY_HARDWARE_TIER1 UNITY_HARDWARE_TIER2 UNITY_HARDWARE_TIER3 UNITY_LIGHTMAP_DLDR_ENCODING UNITY_LIGHTMAP_RGBM_ENCODING UNITY_METAL_SHADOWS_USE_POINT_FILTERING UNITY_NO_DXT5nm UNITY_NO_SCREENSPACE_SHADOWS UNITY_PBS_USE_BRDF2 UNITY_PBS_USE_BRDF3 UNITY_PRETRANSFORM_TO_DISPLAY_ORIENTATION UNITY_UNIFIED_SHADER_PRECISION_MODEL UNITY_VIRTUAL_TEXTURING
Shader error in 'Krag Kings/Native Groom/NativeFurAuthored': syntax error: unexpected token 'point' at Assets/NativeGroom/NativeFurAuthored.shadergraph(2327) (on d3d11)

Compiling Subshader: 0, Pass: ScenePickingPass, Vertex program with HAIR_VERTEX_LIVE _DOUBLESIDED_ON
Platform defines: SHADER_API_DESKTOP UNITY_ENABLE_DETAIL_NORMALMAP UNITY_ENABLE_REFLECTION_BUFFERS UNITY_LIGHTMAP_FULL_HDR UNITY_LIGHT_PROBE_PROXY_VOLUME UNITY_PBS_USE_BRDF1 UNITY_PLATFORM_SUPPORTS_DEPTH_FETCH UNITY_SPECCUBE_BLENDING UNITY_SPECCUBE_BOX_PROJECTION UNITY_USE_DITHER_MASK_FOR_ALPHABLENDED_SHADOWS
Disabled keywords: DOTS_INSTANCING_ON HAIR_VERTEX_STATIC INSTANCING_ON PROCEDURAL_INSTANCING_ON SHADER_API_GLES30 SHADER_API_GLES31 SHADER_API_GLES32 UNITY_ASTC_NORMALMAP_ENCODING UNITY_COLORSPACE_GAMMA UNITY_FRAMEBUFFER_FETCH_AVAILABLE UNITY_HARDWARE_TIER1 UNITY_HARDWARE_TIER2 UNITY_HARDWARE_TIER3 UNITY_LIGHTMAP_DLDR_ENCODING UNITY_LIGHTMAP_RGBM_ENCODING UNITY_METAL_SHADOWS_USE_POINT_FILTERING UNITY_NO_DXT5nm UNITY_NO_SCREENSPACE_SHADOWS UNITY_PBS_USE_BRDF2 UNITY_PBS_USE_BRDF3 UNITY_PRETRANSFORM_TO_DISPLAY_ORIENTATION UNITY_UNIFIED_SHADER_PRECISION_MODEL UNITY_VIRTUAL_TEXTURING
Shader error in 'Krag Kings/Native Groom/NativeFurAuthored': syntax error: unexpected token 'point' at Assets/NativeGroom/NativeFurAuthored.shadergraph(3310) (on d3d11)

Compiling Subshader: 0, Pass: SceneSelectionPass, Vertex program with HAIR_VERTEX_LIVE _DOUBLESIDED_ON
Platform defines: SHADER_API_DESKTOP UNITY_ENABLE_DETAIL_NORMALMAP UNITY_ENABLE_REFLECTION_BUFFERS UNITY_LIGHTMAP_FULL_HDR UNITY_LIGHT_PROBE_PROXY_VOLUME UNITY_PBS_USE_BRDF1 UNITY_PLATFORM_SUPPORTS_DEPTH_FETCH UNITY_SPECCUBE_BLENDING UNITY_SPECCUBE_BOX_PROJECTION UNITY_USE_DITHER_MASK_FOR_ALPHABLENDED_SHADOWS
Disabled keywords: DOTS_INSTANCING_ON HAIR_VERTEX_STATIC INSTANCING_ON PROCEDURAL_INSTANCING_ON SHADER_API_GLES30 SHADER_API_GLES31 SHADER_API_GLES32 UNITY_ASTC_NORMALMAP_ENCODING UNITY_COLORSPACE_GAMMA UNITY_FRAMEBUFFER_FETCH_AVAILABLE UNITY_HARDWARE_TIER1 UNITY_HARDWARE_TIER2 UNITY_HARDWARE_TIER3 UNITY_LIGHTMAP_DLDR_ENCODING UNITY_LIGHTMAP_RGBM_ENCODING UNITY_METAL_SHADOWS_USE_POINT_FILTERING UNITY_NO_DXT5nm UNITY_NO_SCREENSPACE_SHADOWS UNITY_PBS_USE_BRDF2 UNITY_PBS_USE_BRDF3 UNITY_PRETRANSFORM_TO_DISPLAY_ORIENTATION UNITY_UNIFIED_SHADER_PRECISION_MODEL UNITY_VIRTUAL_TEXTURING
Shader error in 'Krag Kings/Native Groom/NativeFurAuthored': 'floor': no matching 0 parameter intrinsic function; Possible intrinsic functions are: floor(float|half|min10float|min16float) at Assets/NativeGroom/NativeFurAuthored.shadergraph(3311) (on d3d11)

Compiling Subshader: 0, Pass: SceneSelectionPass, Vertex program with HAIR_VERTEX_LIVE _DOUBLESIDED_ON
Platform defines: SHADER_API_DESKTOP UNITY_ENABLE_DETAIL_NORMALMAP UNITY_ENABLE_REFLECTION_BUFFERS UNITY_LIGHTMAP_FULL_HDR UNITY_LIGHT_PROBE_PROXY_VOLUME UNITY_PBS_USE_BRDF1 UNITY_PLATFORM_SUPPORTS_DEPTH_FETCH UNITY_SPECCUBE_BLENDING UNITY_SPECCUBE_BOX_PROJECTION UNITY_USE_DITHER_MASK_FOR_ALPHABLENDED_SHADOWS
Disabled keywords: DOTS_INSTANCING_ON HAIR_VERTEX_STATIC INSTANCING_ON PROCEDURAL_INSTANCING_ON SHADER_API_GLES30 SHADER_API_GLES31 SHADER_API_GLES32 UNITY_ASTC_NORMALMAP_ENCODING UNITY_COLORSPACE_GAMMA UNITY_FRAMEBUFFER_FETCH_AVAILABLE UNITY_HARDWARE_TIER1 UNITY_HARDWARE_TIER2 UNITY_HARDWARE_TIER3 UNITY_LIGHTMAP_DLDR_ENCODING UNITY_LIGHTMAP_RGBM_ENCODING UNITY_METAL_SHADOWS_USE_POINT_FILTERING UNITY_NO_DXT5nm UNITY_NO_SCREENSPACE_SHADOWS UNITY_PBS_USE_BRDF2 UNITY_PBS_USE_BRDF3 UNITY_PRETRANSFORM_TO_DISPLAY_ORIENTATION UNITY_UNIFIED_SHADER_PRECISION_MODEL UNITY_VIRTUAL_TEXTURING
Shader error in 'Krag Kings/Native Groom/NativeFurAuthored': syntax error: unexpected token 'point' at Assets/NativeGroom/NativeFurAuthored.shadergraph(3311) (on d3d11)

Compiling Subshader: 0, Pass: SceneSelectionPass, Vertex program with HAIR_VERTEX_LIVE _DOUBLESIDED_ON
Platform defines: SHADER_API_DESKTOP UNITY_ENABLE_DETAIL_NORMALMAP UNITY_ENABLE_REFLECTION_BUFFERS UNITY_LIGHTMAP_FULL_HDR UNITY_LIGHT_PROBE_PROXY_VOLUME UNITY_PBS_USE_BRDF1 UNITY_PLATFORM_SUPPORTS_DEPTH_FETCH UNITY_SPECCUBE_BLENDING UNITY_SPECCUBE_BOX_PROJECTION UNITY_USE_DITHER_MASK_FOR_ALPHABLENDED_SHADOWS
Disabled keywords: DOTS_INSTANCING_ON HAIR_VERTEX_STATIC INSTANCING_ON PROCEDURAL_INSTANCING_ON SHADER_API_GLES30 SHADER_API_GLES31 SHADER_API_GLES32 UNITY_ASTC_NORMALMAP_ENCODING UNITY_COLORSPACE_GAMMA UNITY_FRAMEBUFFER_FETCH_AVAILABLE UNITY_HARDWARE_TIER1 UNITY_HARDWARE_TIER2 UNITY_HARDWARE_TIER3 UNITY_LIGHTMAP_DLDR_ENCODING UNITY_LIGHTMAP_RGBM_ENCODING UNITY_METAL_SHADOWS_USE_POINT_FILTERING UNITY_NO_DXT5nm UNITY_NO_SCREENSPACE_SHADOWS UNITY_PBS_USE_BRDF2 UNITY_PBS_USE_BRDF3 UNITY_PRETRANSFORM_TO_DISPLAY_ORIENTATION UNITY_UNIFIED_SHADER_PRECISION_MODEL UNITY_VIRTUAL_TEXTURING
Shader error in 'Krag Kings/Native Groom/NativeFurAuthored': syntax error: unexpected token 'point' at Assets/NativeGroom/NativeFurAuthored.shadergraph(4306) (on d3d11)

Compiling Subshader: 0, Pass: MotionVectors, Vertex program with HAIR_VERTEX_LIVE _DOUBLESIDED_ON _SURFACE_TYPE_TRANSPARENT
Platform defines: SHADER_API_DESKTOP UNITY_ENABLE_DETAIL_NORMALMAP UNITY_ENABLE_REFLECTION_BUFFERS UNITY_LIGHTMAP_FULL_HDR UNITY_LIGHT_PROBE_PROXY_VOLUME UNITY_PASS_MOTIONVECTORS UNITY_PBS_USE_BRDF1 UNITY_PLATFORM_SUPPORTS_DEPTH_FETCH UNITY_SPECCUBE_BLENDING UNITY_SPECCUBE_BOX_PROJECTION UNITY_USE_DITHER_MASK_FOR_ALPHABLENDED_SHADOWS
Disabled keywords: DOTS_INSTANCING_ON HAIR_VERTEX_STATIC INSTANCING_ON PROCEDURAL_INSTANCING_ON SHADER_API_GLES30 SHADER_API_GLES31 SHADER_API_GLES32 UNITY_ASTC_NORMALMAP_ENCODING UNITY_COLORSPACE_GAMMA UNITY_FRAMEBUFFER_FETCH_AVAILABLE UNITY_HARDWARE_TIER1 UNITY_HARDWARE_TIER2 UNITY_HARDWARE_TIER3 UNITY_LIGHTMAP_DLDR_ENCODING UNITY_LIGHTMAP_RGBM_ENCODING UNITY_METAL_SHADOWS_USE_POINT_FILTERING UNITY_NO_DXT5nm UNITY_NO_SCREENSPACE_SHADOWS UNITY_PBS_USE_BRDF2 UNITY_PBS_USE_BRDF3 UNITY_PRETRANSFORM_TO_DISPLAY_ORIENTATION UNITY_UNIFIED_SHADER_PRECISION_MODEL UNITY_VIRTUAL_TEXTURING _ADD_PRECOMPUTED_VELOCITY _TRANSPARENT_REFRACTIVE_SORT _TRANSPARENT_WRITES_MOTION_VEC
Shader error in 'Krag Kings/Native Groom/NativeFurAuthored': 'floor': no matching 0 parameter intrinsic function; Possible intrinsic functions are: floor(float|half|min10float|min16float) at Assets/NativeGroom/NativeFurAuthored.shadergraph(4307) (on d3d11)

Compiling Subshader: 0, Pass: MotionVectors, Vertex program with HAIR_VERTEX_LIVE _DOUBLESIDED_ON _SURFACE_TYPE_TRANSPARENT
Platform defines: SHADER_API_DESKTOP UNITY_ENABLE_DETAIL_NORMALMAP UNITY_ENABLE_REFLECTION_BUFFERS UNITY_LIGHTMAP_FULL_HDR UNITY_LIGHT_PROBE_PROXY_VOLUME UNITY_PASS_MOTIONVECTORS UNITY_PBS_USE_BRDF1 UNITY_PLATFORM_SUPPORTS_DEPTH_FETCH UNITY_SPECCUBE_BLENDING UNITY_SPECCUBE_BOX_PROJECTION UNITY_USE_DITHER_MASK_FOR_ALPHABLENDED_SHADOWS
Disabled keywords: DOTS_INSTANCING_ON HAIR_VERTEX_STATIC INSTANCING_ON PROCEDURAL_INSTANCING_ON SHADER_API_GLES30 SHADER_API_GLES31 SHADER_API_GLES32 UNITY_ASTC_NORMALMAP_ENCODING UNITY_COLORSPACE_GAMMA UNITY_FRAMEBUFFER_FETCH_AVAILABLE UNITY_HARDWARE_TIER1 UNITY_HARDWARE_TIER2 UNITY_HARDWARE_TIER3 UNITY_LIGHTMAP_DLDR_ENCODING UNITY_LIGHTMAP_RGBM_ENCODING UNITY_METAL_SHADOWS_USE_POINT_FILTERING UNITY_NO_DXT5nm UNITY_NO_SCREENSPACE_SHADOWS UNITY_PBS_USE_BRDF2 UNITY_PBS_USE_BRDF3 UNITY_PRETRANSFORM_TO_DISPLAY_ORIENTATION UNITY_UNIFIED_SHADER_PRECISION_MODEL UNITY_VIRTUAL_TEXTURING _ADD_PRECOMPUTED_VELOCITY _TRANSPARENT_REFRACTIVE_SORT _TRANSPARENT_WRITES_MOTION_VEC
Shader error in 'Krag Kings/Native Groom/NativeFurAuthored': syntax error: unexpected token 'point' at Assets/NativeGroom/NativeFurAuthored.shadergraph(4307) (on d3d11)

Compiling Subshader: 0, Pass: MotionVectors, Vertex program with HAIR_VERTEX_LIVE _DOUBLESIDED_ON _SURFACE_TYPE_TRANSPARENT
Platform defines: SHADER_API_DESKTOP UNITY_ENABLE_DETAIL_NORMALMAP UNITY_ENABLE_REFLECTION_BUFFERS UNITY_LIGHTMAP_FULL_HDR UNITY_LIGHT_PROBE_PROXY_VOLUME UNITY_PASS_MOTIONVECTORS UNITY_PBS_USE_BRDF1 UNITY_PLATFORM_SUPPORTS_DEPTH_FETCH UNITY_SPECCUBE_BLENDING UNITY_SPECCUBE_BOX_PROJECTION UNITY_USE_DITHER_MASK_FOR_ALPHABLENDED_SHADOWS
Disabled keywords: DOTS_INSTANCING_ON HAIR_VERTEX_STATIC INSTANCING_ON PROCEDURAL_INSTANCING_ON SHADER_API_GLES30 SHADER_API_GLES31 SHADER_API_GLES32 UNITY_ASTC_NORMALMAP_ENCODING UNITY_COLORSPACE_GAMMA UNITY_FRAMEBUFFER_FETCH_AVAILABLE UNITY_HARDWARE_TIER1 UNITY_HARDWARE_TIER2 UNITY_HARDWARE_TIER3 UNITY_LIGHTMAP_DLDR_ENCODING UNITY_LIGHTMAP_RGBM_ENCODING UNITY_METAL_SHADOWS_USE_POINT_FILTERING UNITY_NO_DXT5nm UNITY_NO_SCREENSPACE_SHADOWS UNITY_PBS_USE_BRDF2 UNITY_PBS_USE_BRDF3 UNITY_PRETRANSFORM_TO_DISPLAY_ORIENTATION UNITY_UNIFIED_SHADER_PRECISION_MODEL UNITY_VIRTUAL_TEXTURING _ADD_PRECOMPUTED_VELOCITY _TRANSPARENT_REFRACTIVE_SORT _TRANSPARENT_WRITES_MOTION_VEC
Shader error in 'Krag Kings/Native Groom/NativeFurAuthored': syntax error: unexpected token 'point' at Assets/NativeGroom/NativeFurAuthored.shadergraph(5300) (on d3d11)

Compiling Subshader: 0, Pass: TransparentDepthPrepass, Vertex program with HAIR_VERTEX_LIVE _DOUBLESIDED_ON _SURFACE_TYPE_TRANSPARENT
Platform defines: SHADER_API_DESKTOP UNITY_ENABLE_DETAIL_NORMALMAP UNITY_ENABLE_REFLECTION_BUFFERS UNITY_LIGHTMAP_FULL_HDR UNITY_LIGHT_PROBE_PROXY_VOLUME UNITY_PBS_USE_BRDF1 UNITY_PLATFORM_SUPPORTS_DEPTH_FETCH UNITY_SPECCUBE_BLENDING UNITY_SPECCUBE_BOX_PROJECTION UNITY_USE_DITHER_MASK_FOR_ALPHABLENDED_SHADOWS
Disabled keywords: DOTS_INSTANCING_ON HAIR_VERTEX_STATIC INSTANCING_ON PROCEDURAL_INSTANCING_ON SHADER_API_GLES30 SHADER_API_GLES31 SHADER_API_GLES32 UNITY_ASTC_NORMALMAP_ENCODING UNITY_COLORSPACE_GAMMA UNITY_FRAMEBUFFER_FETCH_AVAILABLE UNITY_HARDWARE_TIER1 UNITY_HARDWARE_TIER2 UNITY_HARDWARE_TIER3 UNITY_LIGHTMAP_DLDR_ENCODING UNITY_LIGHTMAP_RGBM_ENCODING UNITY_METAL_SHADOWS_USE_POINT_FILTERING UNITY_NO_DXT5nm UNITY_NO_SCREENSPACE_SHADOWS UNITY_PBS_USE_BRDF2 UNITY_PBS_USE_BRDF3 UNITY_PRETRANSFORM_TO_DISPLAY_ORIENTATION UNITY_UNIFIED_SHADER_PRECISION_MODEL UNITY_VIRTUAL_TEXTURING _TRANSPARENT_REFRACTIVE_SORT _TRANSPARENT_WRITES_MOTION_VEC
Shader error in 'Krag Kings/Native Groom/NativeFurAuthored': 'floor': no matching 0 parameter intrinsic function; Possible intrinsic functions are: floor(float|half|min10float|min16float) at Assets/NativeGroom/NativeFurAuthored.shadergraph(5301) (on d3d11)

Compiling Subshader: 0, Pass: TransparentDepthPrepass, Vertex program with HAIR_VERTEX_LIVE _DOUBLESIDED_ON _SURFACE_TYPE_TRANSPARENT
Platform defines: SHADER_API_DESKTOP UNITY_ENABLE_DETAIL_NORMALMAP UNITY_ENABLE_REFLECTION_BUFFERS UNITY_LIGHTMAP_FULL_HDR UNITY_LIGHT_PROBE_PROXY_VOLUME UNITY_PBS_USE_BRDF1 UNITY_PLATFORM_SUPPORTS_DEPTH_FETCH UNITY_SPECCUBE_BLENDING UNITY_SPECCUBE_BOX_PROJECTION UNITY_USE_DITHER_MASK_FOR_ALPHABLENDED_SHADOWS
Disabled keywords: DOTS_INSTANCING_ON HAIR_VERTEX_STATIC INSTANCING_ON PROCEDURAL_INSTANCING_ON SHADER_API_GLES30 SHADER_API_GLES31 SHADER_API_GLES32 UNITY_ASTC_NORMALMAP_ENCODING UNITY_COLORSPACE_GAMMA UNITY_FRAMEBUFFER_FETCH_AVAILABLE UNITY_HARDWARE_TIER1 UNITY_HARDWARE_TIER2 UNITY_HARDWARE_TIER3 UNITY_LIGHTMAP_DLDR_ENCODING UNITY_LIGHTMAP_RGBM_ENCODING UNITY_METAL_SHADOWS_USE_POINT_FILTERING UNITY_NO_DXT5nm UNITY_NO_SCREENSPACE_SHADOWS UNITY_PBS_USE_BRDF2 UNITY_PBS_USE_BRDF3 UNITY_PRETRANSFORM_TO_DISPLAY_ORIENTATION UNITY_UNIFIED_SHADER_PRECISION_MODEL UNITY_VIRTUAL_TEXTURING _TRANSPARENT_REFRACTIVE_SORT _TRANSPARENT_WRITES_MOTION_VEC
Shader error in 'Krag Kings/Native Groom/NativeFurAuthored': syntax error: unexpected token 'point' at Assets/NativeGroom/NativeFurAuthored.shadergraph(5301) (on d3d11)

Compiling Subshader: 0, Pass: TransparentDepthPrepass, Vertex program with HAIR_VERTEX_LIVE _DOUBLESIDED_ON _SURFACE_TYPE_TRANSPARENT
Platform defines: SHADER_API_DESKTOP UNITY_ENABLE_DETAIL_NORMALMAP UNITY_ENABLE_REFLECTION_BUFFERS UNITY_LIGHTMAP_FULL_HDR UNITY_LIGHT_PROBE_PROXY_VOLUME UNITY_PBS_USE_BRDF1 UNITY_PLATFORM_SUPPORTS_DEPTH_FETCH UNITY_SPECCUBE_BLENDING UNITY_SPECCUBE_BOX_PROJECTION UNITY_USE_DITHER_MASK_FOR_ALPHABLENDED_SHADOWS
Disabled keywords: DOTS_INSTANCING_ON HAIR_VERTEX_STATIC INSTANCING_ON PROCEDURAL_INSTANCING_ON SHADER_API_GLES30 SHADER_API_GLES31 SHADER_API_GLES32 UNITY_ASTC_NORMALMAP_ENCODING UNITY_COLORSPACE_GAMMA UNITY_FRAMEBUFFER_FETCH_AVAILABLE UNITY_HARDWARE_TIER1 UNITY_HARDWARE_TIER2 UNITY_HARDWARE_TIER3 UNITY_LIGHTMAP_DLDR_ENCODING UNITY_LIGHTMAP_RGBM_ENCODING UNITY_METAL_SHADOWS_USE_POINT_FILTERING UNITY_NO_DXT5nm UNITY_NO_SCREENSPACE_SHADOWS UNITY_PBS_USE_BRDF2 UNITY_PBS_USE_BRDF3 UNITY_PRETRANSFORM_TO_DISPLAY_ORIENTATION UNITY_UNIFIED_SHADER_PRECISION_MODEL UNITY_VIRTUAL_TEXTURING _TRANSPARENT_REFRACTIVE_SORT _TRANSPARENT_WRITES_MOTION_VEC
Shader error in 'Krag Kings/Native Groom/NativeFurAuthored': syntax error: unexpected token 'point' at Assets/NativeGroom/NativeFurAuthored.shadergraph(6271) (on d3d11)

Compiling Subshader: 0, Pass: DepthForwardOnly, Vertex program with HAIR_VERTEX_LIVE _DOUBLESIDED_ON
Platform defines: SHADER_API_DESKTOP UNITY_ENABLE_DETAIL_NORMALMAP UNITY_ENABLE_REFLECTION_BUFFERS UNITY_LIGHTMAP_FULL_HDR UNITY_LIGHT_PROBE_PROXY_VOLUME UNITY_PBS_USE_BRDF1 UNITY_PLATFORM_SUPPORTS_DEPTH_FETCH UNITY_SPECCUBE_BLENDING UNITY_SPECCUBE_BOX_PROJECTION UNITY_USE_DITHER_MASK_FOR_ALPHABLENDED_SHADOWS
Disabled keywords: DOTS_INSTANCING_ON HAIR_VERTEX_STATIC INSTANCING_ON PROCEDURAL_INSTANCING_ON SHADER_API_GLES30 SHADER_API_GLES31 SHADER_API_GLES32 UNITY_ASTC_NORMALMAP_ENCODING UNITY_COLORSPACE_GAMMA UNITY_FRAMEBUFFER_FETCH_AVAILABLE UNITY_HARDWARE_TIER1 UNITY_HARDWARE_TIER2 UNITY_HARDWARE_TIER3 UNITY_LIGHTMAP_DLDR_ENCODING UNITY_LIGHTMAP_RGBM_ENCODING UNITY_METAL_SHADOWS_USE_POINT_FILTERING UNITY_NO_DXT5nm UNITY_NO_SCREENSPACE_SHADOWS UNITY_PBS_USE_BRDF2 UNITY_PBS_USE_BRDF3 UNITY_PRETRANSFORM_TO_DISPLAY_ORIENTATION UNITY_UNIFIED_SHADER_PRECISION_MODEL UNITY_VIRTUAL_TEXTURING
Shader error in 'Krag Kings/Native Groom/NativeFurAuthored': 'floor': no matching 0 parameter intrinsic function; Possible intrinsic functions are: floor(float|half|min10float|min16float) at Assets/NativeGroom/NativeFurAuthored.shadergraph(6272) (on d3d11)

Compiling Subshader: 0, Pass: DepthForwardOnly, Vertex program with HAIR_VERTEX_LIVE _DOUBLESIDED_ON
Platform defines: SHADER_API_DESKTOP UNITY_ENABLE_DETAIL_NORMALMAP UNITY_ENABLE_REFLECTION_BUFFERS UNITY_LIGHTMAP_FULL_HDR UNITY_LIGHT_PROBE_PROXY_VOLUME UNITY_PBS_USE_BRDF1 UNITY_PLATFORM_SUPPORTS_DEPTH_FETCH UNITY_SPECCUBE_BLENDING UNITY_SPECCUBE_BOX_PROJECTION UNITY_USE_DITHER_MASK_FOR_ALPHABLENDED_SHADOWS
Disabled keywords: DOTS_INSTANCING_ON HAIR_VERTEX_STATIC INSTANCING_ON PROCEDURAL_INSTANCING_ON SHADER_API_GLES30 SHADER_API_GLES31 SHADER_API_GLES32 UNITY_ASTC_NORMALMAP_ENCODING UNITY_COLORSPACE_GAMMA UNITY_FRAMEBUFFER_FETCH_AVAILABLE UNITY_HARDWARE_TIER1 UNITY_HARDWARE_TIER2 UNITY_HARDWARE_TIER3 UNITY_LIGHTMAP_DLDR_ENCODING UNITY_LIGHTMAP_RGBM_ENCODING UNITY_METAL_SHADOWS_USE_POINT_FILTERING UNITY_NO_DXT5nm UNITY_NO_SCREENSPACE_SHADOWS UNITY_PBS_USE_BRDF2 UNITY_PBS_USE_BRDF3 UNITY_PRETRANSFORM_TO_DISPLAY_ORIENTATION UNITY_UNIFIED_SHADER_PRECISION_MODEL UNITY_VIRTUAL_TEXTURING
Shader error in 'Krag Kings/Native Groom/NativeFurAuthored': syntax error: unexpected token 'point' at Assets/NativeGroom/NativeFurAuthored.shadergraph(6272) (on d3d11)

Compiling Subshader: 0, Pass: DepthForwardOnly, Vertex program with HAIR_VERTEX_LIVE _DOUBLESIDED_ON
Platform defines: SHADER_API_DESKTOP UNITY_ENABLE_DETAIL_NORMALMAP UNITY_ENABLE_REFLECTION_BUFFERS UNITY_LIGHTMAP_FULL_HDR UNITY_LIGHT_PROBE_PROXY_VOLUME UNITY_PBS_USE_BRDF1 UNITY_PLATFORM_SUPPORTS_DEPTH_FETCH UNITY_SPECCUBE_BLENDING UNITY_SPECCUBE_BOX_PROJECTION UNITY_USE_DITHER_MASK_FOR_ALPHABLENDED_SHADOWS
Disabled keywords: DOTS_INSTANCING_ON HAIR_VERTEX_STATIC INSTANCING_ON PROCEDURAL_INSTANCING_ON SHADER_API_GLES30 SHADER_API_GLES31 SHADER_API_GLES32 UNITY_ASTC_NORMALMAP_ENCODING UNITY_COLORSPACE_GAMMA UNITY_FRAMEBUFFER_FETCH_AVAILABLE UNITY_HARDWARE_TIER1 UNITY_HARDWARE_TIER2 UNITY_HARDWARE_TIER3 UNITY_LIGHTMAP_DLDR_ENCODING UNITY_LIGHTMAP_RGBM_ENCODING UNITY_METAL_SHADOWS_USE_POINT_FILTERING UNITY_NO_DXT5nm UNITY_NO_SCREENSPACE_SHADOWS UNITY_PBS_USE_BRDF2 UNITY_PBS_USE_BRDF3 UNITY_PRETRANSFORM_TO_DISPLAY_ORIENTATION UNITY_UNIFIED_SHADER_PRECISION_MODEL UNITY_VIRTUAL_TEXTURING
Shader error in 'Krag Kings/Native Groom/NativeFurAuthored': syntax error: unexpected token 'point' at Assets/NativeGroom/NativeFurAuthored.shadergraph(7316) (on d3d11)

Compiling Subshader: 0, Pass: ForwardOnly, Vertex program with HAIR_VERTEX_LIVE _DOUBLESIDED_ON _SURFACE_TYPE_TRANSPARENT
Platform defines: SHADER_API_DESKTOP UNITY_ENABLE_DETAIL_NORMALMAP UNITY_ENABLE_REFLECTION_BUFFERS UNITY_LIGHTMAP_FULL_HDR UNITY_LIGHT_PROBE_PROXY_VOLUME UNITY_PBS_USE_BRDF1 UNITY_PLATFORM_SUPPORTS_DEPTH_FETCH UNITY_SPECCUBE_BLENDING UNITY_SPECCUBE_BOX_PROJECTION UNITY_USE_DITHER_MASK_FOR_ALPHABLENDED_SHADOWS
Disabled keywords: DEBUG_DISPLAY DIRLIGHTMAP_COMBINED DOTS_INSTANCING_ON DYNAMICLIGHTMAP_ON HAIR_VERTEX_STATIC INSTANCING_ON LIGHTMAP_BICUBIC_SAMPLING LIGHTMAP_ON PROCEDURAL_INSTANCING_ON SHADER_API_GLES30 SHADER_API_GLES31 SHADER_API_GLES32 UNITY_ASTC_NORMALMAP_ENCODING UNITY_COLORSPACE_GAMMA UNITY_FRAMEBUFFER_FETCH_AVAILABLE UNITY_HARDWARE_TIER1 UNITY_HARDWARE_TIER2 UNITY_HARDWARE_TIER3 UNITY_LIGHTMAP_DLDR_ENCODING UNITY_LIGHTMAP_RGBM_ENCODING UNITY_METAL_SHADOWS_USE_POINT_FILTERING UNITY_NO_DXT5nm UNITY_NO_SCREENSPACE_SHADOWS UNITY_PBS_USE_BRDF2 UNITY_PBS_USE_BRDF3 UNITY_PRETRANSFORM_TO_DISPLAY_ORIENTATION UNITY_UNIFIED_SHADER_PRECISION_MODEL UNITY_VIRTUAL_TEXTURING USE_LEGACY_LIGHTMAPS _ADD_PRECOMPUTED_VELOCITY _TRANSPARENT_REFRACTIVE_SORT _TRANSPARENT_WRITES_MOTION_VEC
Shader error in 'Krag Kings/Native Groom/NativeFurAuthored': 'floor': no matching 0 parameter intrinsic function; Possible intrinsic functions are: floor(float|half|min10float|min16float) at Assets/NativeGroom/NativeFurAuthored.shadergraph(7317) (on d3d11)

Compiling Subshader: 0, Pass: ForwardOnly, Vertex program with HAIR_VERTEX_LIVE _DOUBLESIDED_ON _SURFACE_TYPE_TRANSPARENT
Platform defines: SHADER_API_DESKTOP UNITY_ENABLE_DETAIL_NORMALMAP UNITY_ENABLE_REFLECTION_BUFFERS UNITY_LIGHTMAP_FULL_HDR UNITY_LIGHT_PROBE_PROXY_VOLUME UNITY_PBS_USE_BRDF1 UNITY_PLATFORM_SUPPORTS_DEPTH_FETCH UNITY_SPECCUBE_BLENDING UNITY_SPECCUBE_BOX_PROJECTION UNITY_USE_DITHER_MASK_FOR_ALPHABLENDED_SHADOWS
Disabled keywords: DEBUG_DISPLAY DIRLIGHTMAP_COMBINED DOTS_INSTANCING_ON DYNAMICLIGHTMAP_ON HAIR_VERTEX_STATIC INSTANCING_ON LIGHTMAP_BICUBIC_SAMPLING LIGHTMAP_ON PROCEDURAL_INSTANCING_ON SHADER_API_GLES30 SHADER_API_GLES31 SHADER_API_GLES32 UNITY_ASTC_NORMALMAP_ENCODING UNITY_COLORSPACE_GAMMA UNITY_FRAMEBUFFER_FETCH_AVAILABLE UNITY_HARDWARE_TIER1 UNITY_HARDWARE_TIER2 UNITY_HARDWARE_TIER3 UNITY_LIGHTMAP_DLDR_ENCODING UNITY_LIGHTMAP_RGBM_ENCODING UNITY_METAL_SHADOWS_USE_POINT_FILTERING UNITY_NO_DXT5nm UNITY_NO_SCREENSPACE_SHADOWS UNITY_PBS_USE_BRDF2 UNITY_PBS_USE_BRDF3 UNITY_PRETRANSFORM_TO_DISPLAY_ORIENTATION UNITY_UNIFIED_SHADER_PRECISION_MODEL UNITY_VIRTUAL_TEXTURING USE_LEGACY_LIGHTMAPS _ADD_PRECOMPUTED_VELOCITY _TRANSPARENT_REFRACTIVE_SORT _TRANSPARENT_WRITES_MOTION_VEC
Shader error in 'Krag Kings/Native Groom/NativeFurAuthored': syntax error: unexpected token 'point' at Assets/NativeGroom/NativeFurAuthored.shadergraph(7317) (on d3d11)

Compiling Subshader: 0, Pass: ForwardOnly, Vertex program with HAIR_VERTEX_LIVE _DOUBLESIDED_ON _SURFACE_TYPE_TRANSPARENT
Platform defines: SHADER_API_DESKTOP UNITY_ENABLE_DETAIL_NORMALMAP UNITY_ENABLE_REFLECTION_BUFFERS UNITY_LIGHTMAP_FULL_HDR UNITY_LIGHT_PROBE_PROXY_VOLUME UNITY_PBS_USE_BRDF1 UNITY_PLATFORM_SUPPORTS_DEPTH_FETCH UNITY_SPECCUBE_BLENDING UNITY_SPECCUBE_BOX_PROJECTION UNITY_USE_DITHER_MASK_FOR_ALPHABLENDED_SHADOWS
Disabled keywords: DEBUG_DISPLAY DIRLIGHTMAP_COMBINED DOTS_INSTANCING_ON DYNAMICLIGHTMAP_ON HAIR_VERTEX_STATIC INSTANCING_ON LIGHTMAP_BICUBIC_SAMPLING LIGHTMAP_ON PROCEDURAL_INSTANCING_ON SHADER_API_GLES30 SHADER_API_GLES31 SHADER_API_GLES32 UNITY_ASTC_NORMALMAP_ENCODING UNITY_COLORSPACE_GAMMA UNITY_FRAMEBUFFER_FETCH_AVAILABLE UNITY_HARDWARE_TIER1 UNITY_HARDWARE_TIER2 UNITY_HARDWARE_TIER3 UNITY_LIGHTMAP_DLDR_ENCODING UNITY_LIGHTMAP_RGBM_ENCODING UNITY_METAL_SHADOWS_USE_POINT_FILTERING UNITY_NO_DXT5nm UNITY_NO_SCREENSPACE_SHADOWS UNITY_PBS_USE_BRDF2 UNITY_PBS_USE_BRDF3 UNITY_PRETRANSFORM_TO_DISPLAY_ORIENTATION UNITY_UNIFIED_SHADER_PRECISION_MODEL UNITY_VIRTUAL_TEXTURING USE_LEGACY_LIGHTMAPS _ADD_PRECOMPUTED_VELOCITY _TRANSPARENT_REFRACTIVE_SORT _TRANSPARENT_WRITES_MOTION_VEC
Shader error in 'Krag Kings/Native Groom/NativeFurAuthored': syntax error: unexpected token 'point' at Assets/NativeGroom/NativeFurAuthored.shadergraph(399) (on d3d11)

Compiling Subshader: 0, Pass: ShadowCaster, Vertex program with HAIR_VERTEX_LIVE _DOUBLESIDED_ON
Platform defines: SHADER_API_DESKTOP UNITY_ENABLE_DETAIL_NORMALMAP UNITY_ENABLE_REFLECTION_BUFFERS UNITY_LIGHTMAP_FULL_HDR UNITY_LIGHT_PROBE_PROXY_VOLUME UNITY_PASS_SHADOWCASTER UNITY_PBS_USE_BRDF1 UNITY_PLATFORM_SUPPORTS_DEPTH_FETCH UNITY_SPECCUBE_BLENDING UNITY_SPECCUBE_BOX_PROJECTION UNITY_USE_DITHER_MASK_FOR_ALPHABLENDED_SHADOWS
Disabled keywords: DOTS_INSTANCING_ON HAIR_VERTEX_STATIC INSTANCING_ON PROCEDURAL_INSTANCING_ON SHADER_API_GLES30 SHADER_API_GLES31 SHADER_API_GLES32 UNITY_ASTC_NORMALMAP_ENCODING UNITY_COLORSPACE_GAMMA UNITY_FRAMEBUFFER_FETCH_AVAILABLE UNITY_HARDWARE_TIER1 UNITY_HARDWARE_TIER2 UNITY_HARDWARE_TIER3 UNITY_LIGHTMAP_DLDR_ENCODING UNITY_LIGHTMAP_RGBM_ENCODING UNITY_METAL_SHADOWS_USE_POINT_FILTERING UNITY_NO_DXT5nm UNITY_NO_SCREENSPACE_SHADOWS UNITY_PBS_USE_BRDF2 UNITY_PBS_USE_BRDF3 UNITY_PRETRANSFORM_TO_DISPLAY_ORIENTATION UNITY_UNIFIED_SHADER_PRECISION_MODEL UNITY_VIRTUAL_TEXTURING
Shader error in 'Krag Kings/Native Groom/NativeFurAuthored': 'floor': no matching 0 parameter intrinsic function; Possible intrinsic functions are: floor(float|half|min10float|min16float) at Assets/NativeGroom/NativeFurAuthored.shadergraph(400) (on d3d11)

Compiling Subshader: 0, Pass: ShadowCaster, Vertex program with HAIR_VERTEX_LIVE _DOUBLESIDED_ON
Platform defines: SHADER_API_DESKTOP UNITY_ENABLE_DETAIL_NORMALMAP UNITY_ENABLE_REFLECTION_BUFFERS UNITY_LIGHTMAP_FULL_HDR UNITY_LIGHT_PROBE_PROXY_VOLUME UNITY_PASS_SHADOWCASTER UNITY_PBS_USE_BRDF1 UNITY_PLATFORM_SUPPORTS_DEPTH_FETCH UNITY_SPECCUBE_BLENDING UNITY_SPECCUBE_BOX_PROJECTION UNITY_USE_DITHER_MASK_FOR_ALPHABLENDED_SHADOWS
Disabled keywords: DOTS_INSTANCING_ON HAIR_VERTEX_STATIC INSTANCING_ON PROCEDURAL_INSTANCING_ON SHADER_API_GLES30 SHADER_API_GLES31 SHADER_API_GLES32 UNITY_ASTC_NORMALMAP_ENCODING UNITY_COLORSPACE_GAMMA UNITY_FRAMEBUFFER_FETCH_AVAILABLE UNITY_HARDWARE_TIER1 UNITY_HARDWARE_TIER2 UNITY_HARDWARE_TIER3 UNITY_LIGHTMAP_DLDR_ENCODING UNITY_LIGHTMAP_RGBM_ENCODING UNITY_METAL_SHADOWS_USE_POINT_FILTERING UNITY_NO_DXT5nm UNITY_NO_SCREENSPACE_SHADOWS UNITY_PBS_USE_BRDF2 UNITY_PBS_USE_BRDF3 UNITY_PRETRANSFORM_TO_DISPLAY_ORIENTATION UNITY_UNIFIED_SHADER_PRECISION_MODEL UNITY_VIRTUAL_TEXTURING
Shader error in 'Krag Kings/Native Groom/NativeFurAuthored': syntax error: unexpected token 'point' at Assets/NativeGroom/NativeFurAuthored.shadergraph(400) (on d3d11)

Compiling Subshader: 0, Pass: ShadowCaster, Vertex program with HAIR_VERTEX_LIVE _DOUBLESIDED_ON
Platform defines: SHADER_API_DESKTOP UNITY_ENABLE_DETAIL_NORMALMAP UNITY_ENABLE_REFLECTION_BUFFERS UNITY_LIGHTMAP_FULL_HDR UNITY_LIGHT_PROBE_PROXY_VOLUME UNITY_PASS_SHADOWCASTER UNITY_PBS_USE_BRDF1 UNITY_PLATFORM_SUPPORTS_DEPTH_FETCH UNITY_SPECCUBE_BLENDING UNITY_SPECCUBE_BOX_PROJECTION UNITY_USE_DITHER_MASK_FOR_ALPHABLENDED_SHADOWS
Disabled keywords: DOTS_INSTANCING_ON HAIR_VERTEX_STATIC INSTANCING_ON PROCEDURAL_INSTANCING_ON SHADER_API_GLES30 SHADER_API_GLES31 SHADER_API_GLES32 UNITY_ASTC_NORMALMAP_ENCODING UNITY_COLORSPACE_GAMMA UNITY_FRAMEBUFFER_FETCH_AVAILABLE UNITY_HARDWARE_TIER1 UNITY_HARDWARE_TIER2 UNITY_HARDWARE_TIER3 UNITY_LIGHTMAP_DLDR_ENCODING UNITY_LIGHTMAP_RGBM_ENCODING UNITY_METAL_SHADOWS_USE_POINT_FILTERING UNITY_NO_DXT5nm UNITY_NO_SCREENSPACE_SHADOWS UNITY_PBS_USE_BRDF2 UNITY_PBS_USE_BRDF3 UNITY_PRETRANSFORM_TO_DISPLAY_ORIENTATION UNITY_UNIFIED_SHADER_PRECISION_MODEL UNITY_VIRTUAL_TEXTURING
Shader error in 'Krag Kings/Native Groom/NativeFurAuthored': syntax error: unexpected token 'point' at Assets/NativeGroom/NativeFurAuthored.shadergraph(1375) (on d3d11)

Compiling Subshader: 0, Pass: META, Vertex program with HAIR_VERTEX_LIVE _DOUBLESIDED_ON _SURFACE_TYPE_TRANSPARENT
Platform defines: SHADER_API_DESKTOP UNITY_ENABLE_DETAIL_NORMALMAP UNITY_ENABLE_REFLECTION_BUFFERS UNITY_LIGHTMAP_FULL_HDR UNITY_LIGHT_PROBE_PROXY_VOLUME UNITY_PASS_META UNITY_PBS_USE_BRDF1 UNITY_PLATFORM_SUPPORTS_DEPTH_FETCH UNITY_SPECCUBE_BLENDING UNITY_SPECCUBE_BOX_PROJECTION UNITY_USE_DITHER_MASK_FOR_ALPHABLENDED_SHADOWS
Disabled keywords: DOTS_INSTANCING_ON EDITOR_VISUALIZATION HAIR_VERTEX_STATIC INSTANCING_ON PROCEDURAL_INSTANCING_ON SHADER_API_GLES30 SHADER_API_GLES31 SHADER_API_GLES32 UNITY_ASTC_NORMALMAP_ENCODING UNITY_COLORSPACE_GAMMA UNITY_FRAMEBUFFER_FETCH_AVAILABLE UNITY_HARDWARE_TIER1 UNITY_HARDWARE_TIER2 UNITY_HARDWARE_TIER3 UNITY_LIGHTMAP_DLDR_ENCODING UNITY_LIGHTMAP_RGBM_ENCODING UNITY_METAL_SHADOWS_USE_POINT_FILTERING UNITY_NO_DXT5nm UNITY_NO_SCREENSPACE_SHADOWS UNITY_PBS_USE_BRDF2 UNITY_PBS_USE_BRDF3 UNITY_PRETRANSFORM_TO_DISPLAY_ORIENTATION UNITY_UNIFIED_SHADER_PRECISION_MODEL UNITY_VIRTUAL_TEXTURING
Shader error in 'Krag Kings/Native Groom/NativeFurAuthored': 'floor': no matching 0 parameter intrinsic function; Possible intrinsic functions are: floor(float|half|min10float|min16float) at Assets/NativeGroom/NativeFurAuthored.shadergraph(1376) (on d3d11)

Compiling Subshader: 0, Pass: META, Vertex program with HAIR_VERTEX_LIVE _DOUBLESIDED_ON _SURFACE_TYPE_TRANSPARENT
Platform defines: SHADER_API_DESKTOP UNITY_ENABLE_DETAIL_NORMALMAP UNITY_ENABLE_REFLECTION_BUFFERS UNITY_LIGHTMAP_FULL_HDR UNITY_LIGHT_PROBE_PROXY_VOLUME UNITY_PASS_META UNITY_PBS_USE_BRDF1 UNITY_PLATFORM_SUPPORTS_DEPTH_FETCH UNITY_SPECCUBE_BLENDING UNITY_SPECCUBE_BOX_PROJECTION UNITY_USE_DITHER_MASK_FOR_ALPHABLENDED_SHADOWS
Disabled keywords: DOTS_INSTANCING_ON EDITOR_VISUALIZATION HAIR_VERTEX_STATIC INSTANCING_ON PROCEDURAL_INSTANCING_ON SHADER_API_GLES30 SHADER_API_GLES31 SHADER_API_GLES32 UNITY_ASTC_NORMALMAP_ENCODING UNITY_COLORSPACE_GAMMA UNITY_FRAMEBUFFER_FETCH_AVAILABLE UNITY_HARDWARE_TIER1 UNITY_HARDWARE_TIER2 UNITY_HARDWARE_TIER3 UNITY_LIGHTMAP_DLDR_ENCODING UNITY_LIGHTMAP_RGBM_ENCODING UNITY_METAL_SHADOWS_USE_POINT_FILTERING UNITY_NO_DXT5nm UNITY_NO_SCREENSPACE_SHADOWS UNITY_PBS_USE_BRDF2 UNITY_PBS_USE_BRDF3 UNITY_PRETRANSFORM_TO_DISPLAY_ORIENTATION UNITY_UNIFIED_SHADER_PRECISION_MODEL UNITY_VIRTUAL_TEXTURING
Shader error in 'Krag Kings/Native Groom/NativeFurAuthored': syntax error: unexpected token 'point' at Assets/NativeGroom/NativeFurAuthored.shadergraph(1376) (on d3d11)

Compiling Subshader: 0, Pass: META, Vertex program with HAIR_VERTEX_LIVE _DOUBLESIDED_ON _SURFACE_TYPE_TRANSPARENT
Platform defines: SHADER_API_DESKTOP UNITY_ENABLE_DETAIL_NORMALMAP UNITY_ENABLE_REFLECTION_BUFFERS UNITY_LIGHTMAP_FULL_HDR UNITY_LIGHT_PROBE_PROXY_VOLUME UNITY_PASS_META UNITY_PBS_USE_BRDF1 UNITY_PLATFORM_SUPPORTS_DEPTH_FETCH UNITY_SPECCUBE_BLENDING UNITY_SPECCUBE_BOX_PROJECTION UNITY_USE_DITHER_MASK_FOR_ALPHABLENDED_SHADOWS
Disabled keywords: DOTS_INSTANCING_ON EDITOR_VISUALIZATION HAIR_VERTEX_STATIC INSTANCING_ON PROCEDURAL_INSTANCING_ON SHADER_API_GLES30 SHADER_API_GLES31 SHADER_API_GLES32 UNITY_ASTC_NORMALMAP_ENCODING UNITY_COLORSPACE_GAMMA UNITY_FRAMEBUFFER_FETCH_AVAILABLE UNITY_HARDWARE_TIER1 UNITY_HARDWARE_TIER2 UNITY_HARDWARE_TIER3 UNITY_LIGHTMAP_DLDR_ENCODING UNITY_LIGHTMAP_RGBM_ENCODING UNITY_METAL_SHADOWS_USE_POINT_FILTERING UNITY_NO_DXT5nm UNITY_NO_SCREENSPACE_SHADOWS UNITY_PBS_USE_BRDF2 UNITY_PBS_USE_BRDF3 UNITY_PRETRANSFORM_TO_DISPLAY_ORIENTATION UNITY_UNIFIED_SHADER_PRECISION_MODEL UNITY_VIRTUAL_TEXTURING
Shader error in 'Krag Kings/Native Groom/NativeFurAuthored': syntax error: unexpected token 'point' at Assets/NativeGroom/NativeFurAuthored.shadergraph(2326) (on d3d11)

Compiling Subshader: 0, Pass: ScenePickingPass, Vertex program with HAIR_VERTEX_LIVE _DOUBLESIDED_ON
Platform defines: SHADER_API_DESKTOP UNITY_ENABLE_DETAIL_NORMALMAP UNITY_ENABLE_REFLECTION_BUFFERS UNITY_LIGHTMAP_FULL_HDR UNITY_LIGHT_PROBE_PROXY_VOLUME UNITY_PBS_USE_BRDF1 UNITY_PLATFORM_SUPPORTS_DEPTH_FETCH UNITY_SPECCUBE_BLENDING UNITY_SPECCUBE_BOX_PROJECTION UNITY_USE_DITHER_MASK_FOR_ALPHABLENDED_SHADOWS
Disabled keywords: DOTS_INSTANCING_ON HAIR_VERTEX_STATIC INSTANCING_ON PROCEDURAL_INSTANCING_ON SHADER_API_GLES30 SHADER_API_GLES31 SHADER_API_GLES32 UNITY_ASTC_NORMALMAP_ENCODING UNITY_COLORSPACE_GAMMA UNITY_FRAMEBUFFER_FETCH_AVAILABLE UNITY_HARDWARE_TIER1 UNITY_HARDWARE_TIER2 UNITY_HARDWARE_TIER3 UNITY_LIGHTMAP_DLDR_ENCODING UNITY_LIGHTMAP_RGBM_ENCODING UNITY_METAL_SHADOWS_USE_POINT_FILTERING UNITY_NO_DXT5nm UNITY_NO_SCREENSPACE_SHADOWS UNITY_PBS_USE_BRDF2 UNITY_PBS_USE_BRDF3 UNITY_PRETRANSFORM_TO_DISPLAY_ORIENTATION UNITY_UNIFIED_SHADER_PRECISION_MODEL UNITY_VIRTUAL_TEXTURING
Shader error in 'Krag Kings/Native Groom/NativeFurAuthored': 'floor': no matching 0 parameter intrinsic function; Possible intrinsic functions are: floor(float|half|min10float|min16float) at Assets/NativeGroom/NativeFurAuthored.shadergraph(2327) (on d3d11)

Compiling Subshader: 0, Pass: ScenePickingPass, Vertex program with HAIR_VERTEX_LIVE _DOUBLESIDED_ON
Platform defines: SHADER_API_DESKTOP UNITY_ENABLE_DETAIL_NORMALMAP UNITY_ENABLE_REFLECTION_BUFFERS UNITY_LIGHTMAP_FULL_HDR UNITY_LIGHT_PROBE_PROXY_VOLUME UNITY_PBS_USE_BRDF1 UNITY_PLATFORM_SUPPORTS_DEPTH_FETCH UNITY_SPECCUBE_BLENDING UNITY_SPECCUBE_BOX_PROJECTION UNITY_USE_DITHER_MASK_FOR_ALPHABLENDED_SHADOWS
Disabled keywords: DOTS_INSTANCING_ON HAIR_VERTEX_STATIC INSTANCING_ON PROCEDURAL_INSTANCING_ON SHADER_API_GLES30 SHADER_API_GLES31 SHADER_API_GLES32 UNITY_ASTC_NORMALMAP_ENCODING UNITY_COLORSPACE_GAMMA UNITY_FRAMEBUFFER_FETCH_AVAILABLE UNITY_HARDWARE_TIER1 UNITY_HARDWARE_TIER2 UNITY_HARDWARE_TIER3 UNITY_LIGHTMAP_DLDR_ENCODING UNITY_LIGHTMAP_RGBM_ENCODING UNITY_METAL_SHADOWS_USE_POINT_FILTERING UNITY_NO_DXT5nm UNITY_NO_SCREENSPACE_SHADOWS UNITY_PBS_USE_BRDF2 UNITY_PBS_USE_BRDF3 UNITY_PRETRANSFORM_TO_DISPLAY_ORIENTATION UNITY_UNIFIED_SHADER_PRECISION_MODEL UNITY_VIRTUAL_TEXTURING
Shader error in 'Krag Kings/Native Groom/NativeFurAuthored': syntax error: unexpected token 'point' at Assets/NativeGroom/NativeFurAuthored.shadergraph(2327) (on d3d11)

Compiling Subshader: 0, Pass: ScenePickingPass, Vertex program with HAIR_VERTEX_LIVE _DOUBLESIDED_ON
Platform defines: SHADER_API_DESKTOP UNITY_ENABLE_DETAIL_NORMALMAP UNITY_ENABLE_REFLECTION_BUFFERS UNITY_LIGHTMAP_FULL_HDR UNITY_LIGHT_PROBE_PROXY_VOLUME UNITY_PBS_USE_BRDF1 UNITY_PLATFORM_SUPPORTS_DEPTH_FETCH UNITY_SPECCUBE_BLENDING UNITY_SPECCUBE_BOX_PROJECTION UNITY_USE_DITHER_MASK_FOR_ALPHABLENDED_SHADOWS
Disabled keywords: DOTS_INSTANCING_ON HAIR_VERTEX_STATIC INSTANCING_ON PROCEDURAL_INSTANCING_ON SHADER_API_GLES30 SHADER_API_GLES31 SHADER_API_GLES32 UNITY_ASTC_NORMALMAP_ENCODING UNITY_COLORSPACE_GAMMA UNITY_FRAMEBUFFER_FETCH_AVAILABLE UNITY_HARDWARE_TIER1 UNITY_HARDWARE_TIER2 UNITY_HARDWARE_TIER3 UNITY_LIGHTMAP_DLDR_ENCODING UNITY_LIGHTMAP_RGBM_ENCODING UNITY_METAL_SHADOWS_USE_POINT_FILTERING UNITY_NO_DXT5nm UNITY_NO_SCREENSPACE_SHADOWS UNITY_PBS_USE_BRDF2 UNITY_PBS_USE_BRDF3 UNITY_PRETRANSFORM_TO_DISPLAY_ORIENTATION UNITY_UNIFIED_SHADER_PRECISION_MODEL UNITY_VIRTUAL_TEXTURING
Shader error in 'Krag Kings/Native Groom/NativeFurAuthored': syntax error: unexpected token 'point' at Assets/NativeGroom/NativeFurAuthored.shadergraph(3310) (on d3d11)

Compiling Subshader: 0, Pass: SceneSelectionPass, Vertex program with HAIR_VERTEX_LIVE _DOUBLESIDED_ON
Platform defines: SHADER_API_DESKTOP UNITY_ENABLE_DETAIL_NORMALMAP UNITY_ENABLE_REFLECTION_BUFFERS UNITY_LIGHTMAP_FULL_HDR UNITY_LIGHT_PROBE_PROXY_VOLUME UNITY_PBS_USE_BRDF1 UNITY_PLATFORM_SUPPORTS_DEPTH_FETCH UNITY_SPECCUBE_BLENDING UNITY_SPECCUBE_BOX_PROJECTION UNITY_USE_DITHER_MASK_FOR_ALPHABLENDED_SHADOWS
Disabled keywords: DOTS_INSTANCING_ON HAIR_VERTEX_STATIC INSTANCING_ON PROCEDURAL_INSTANCING_ON SHADER_API_GLES30 SHADER_API_GLES31 SHADER_API_GLES32 UNITY_ASTC_NORMALMAP_ENCODING UNITY_COLORSPACE_GAMMA UNITY_FRAMEBUFFER_FETCH_AVAILABLE UNITY_HARDWARE_TIER1 UNITY_HARDWARE_TIER2 UNITY_HARDWARE_TIER3 UNITY_LIGHTMAP_DLDR_ENCODING UNITY_LIGHTMAP_RGBM_ENCODING UNITY_METAL_SHADOWS_USE_POINT_FILTERING UNITY_NO_DXT5nm UNITY_NO_SCREENSPACE_SHADOWS UNITY_PBS_USE_BRDF2 UNITY_PBS_USE_BRDF3 UNITY_PRETRANSFORM_TO_DISPLAY_ORIENTATION UNITY_UNIFIED_SHADER_PRECISION_MODEL UNITY_VIRTUAL_TEXTURING
Shader error in 'Krag Kings/Native Groom/NativeFurAuthored': 'floor': no matching 0 parameter intrinsic function; Possible intrinsic functions are: floor(float|half|min10float|min16float) at Assets/NativeGroom/NativeFurAuthored.shadergraph(3311) (on d3d11)

Compiling Subshader: 0, Pass: SceneSelectionPass, Vertex program with HAIR_VERTEX_LIVE _DOUBLESIDED_ON
Platform defines: SHADER_API_DESKTOP UNITY_ENABLE_DETAIL_NORMALMAP UNITY_ENABLE_REFLECTION_BUFFERS UNITY_LIGHTMAP_FULL_HDR UNITY_LIGHT_PROBE_PROXY_VOLUME UNITY_PBS_USE_BRDF1 UNITY_PLATFORM_SUPPORTS_DEPTH_FETCH UNITY_SPECCUBE_BLENDING UNITY_SPECCUBE_BOX_PROJECTION UNITY_USE_DITHER_MASK_FOR_ALPHABLENDED_SHADOWS
Disabled keywords: DOTS_INSTANCING_ON HAIR_VERTEX_STATIC INSTANCING_ON PROCEDURAL_INSTANCING_ON SHADER_API_GLES30 SHADER_API_GLES31 SHADER_API_GLES32 UNITY_ASTC_NORMALMAP_ENCODING UNITY_COLORSPACE_GAMMA UNITY_FRAMEBUFFER_FETCH_AVAILABLE UNITY_HARDWARE_TIER1 UNITY_HARDWARE_TIER2 UNITY_HARDWARE_TIER3 UNITY_LIGHTMAP_DLDR_ENCODING UNITY_LIGHTMAP_RGBM_ENCODING UNITY_METAL_SHADOWS_USE_POINT_FILTERING UNITY_NO_DXT5nm UNITY_NO_SCREENSPACE_SHADOWS UNITY_PBS_USE_BRDF2 UNITY_PBS_USE_BRDF3 UNITY_PRETRANSFORM_TO_DISPLAY_ORIENTATION UNITY_UNIFIED_SHADER_PRECISION_MODEL UNITY_VIRTUAL_TEXTURING
Shader error in 'Krag Kings/Native Groom/NativeFurAuthored': syntax error: unexpected token 'point' at Assets/NativeGroom/NativeFurAuthored.shadergraph(3311) (on d3d11)

Compiling Subshader: 0, Pass: SceneSelectionPass, Vertex program with HAIR_VERTEX_LIVE _DOUBLESIDED_ON
Platform defines: SHADER_API_DESKTOP UNITY_ENABLE_DETAIL_NORMALMAP UNITY_ENABLE_REFLECTION_BUFFERS UNITY_LIGHTMAP_FULL_HDR UNITY_LIGHT_PROBE_PROXY_VOLUME UNITY_PBS_USE_BRDF1 UNITY_PLATFORM_SUPPORTS_DEPTH_FETCH UNITY_SPECCUBE_BLENDING UNITY_SPECCUBE_BOX_PROJECTION UNITY_USE_DITHER_MASK_FOR_ALPHABLENDED_SHADOWS
Disabled keywords: DOTS_INSTANCING_ON HAIR_VERTEX_STATIC INSTANCING_ON PROCEDURAL_INSTANCING_ON SHADER_API_GLES30 SHADER_API_GLES31 SHADER_API_GLES32 UNITY_ASTC_NORMALMAP_ENCODING UNITY_COLORSPACE_GAMMA UNITY_FRAMEBUFFER_FETCH_AVAILABLE UNITY_HARDWARE_TIER1 UNITY_HARDWARE_TIER2 UNITY_HARDWARE_TIER3 UNITY_LIGHTMAP_DLDR_ENCODING UNITY_LIGHTMAP_RGBM_ENCODING UNITY_METAL_SHADOWS_USE_POINT_FILTERING UNITY_NO_DXT5nm UNITY_NO_SCREENSPACE_SHADOWS UNITY_PBS_USE_BRDF2 UNITY_PBS_USE_BRDF3 UNITY_PRETRANSFORM_TO_DISPLAY_ORIENTATION UNITY_UNIFIED_SHADER_PRECISION_MODEL UNITY_VIRTUAL_TEXTURING
Shader error in 'Krag Kings/Native Groom/NativeFurAuthored': syntax error: unexpected token 'point' at Assets/NativeGroom/NativeFurAuthored.shadergraph(4306) (on d3d11)

Compiling Subshader: 0, Pass: MotionVectors, Vertex program with HAIR_VERTEX_LIVE _DOUBLESIDED_ON _SURFACE_TYPE_TRANSPARENT
Platform defines: SHADER_API_DESKTOP UNITY_ENABLE_DETAIL_NORMALMAP UNITY_ENABLE_REFLECTION_BUFFERS UNITY_LIGHTMAP_FULL_HDR UNITY_LIGHT_PROBE_PROXY_VOLUME UNITY_PASS_MOTIONVECTORS UNITY_PBS_USE_BRDF1 UNITY_PLATFORM_SUPPORTS_DEPTH_FETCH UNITY_SPECCUBE_BLENDING UNITY_SPECCUBE_BOX_PROJECTION UNITY_USE_DITHER_MASK_FOR_ALPHABLENDED_SHADOWS
Disabled keywords: DOTS_INSTANCING_ON HAIR_VERTEX_STATIC INSTANCING_ON PROCEDURAL_INSTANCING_ON SHADER_API_GLES30 SHADER_API_GLES31 SHADER_API_GLES32 UNITY_ASTC_NORMALMAP_ENCODING UNITY_COLORSPACE_GAMMA UNITY_FRAMEBUFFER_FETCH_AVAILABLE UNITY_HARDWARE_TIER1 UNITY_HARDWARE_TIER2 UNITY_HARDWARE_TIER3 UNITY_LIGHTMAP_DLDR_ENCODING UNITY_LIGHTMAP_RGBM_ENCODING UNITY_METAL_SHADOWS_USE_POINT_FILTERING UNITY_NO_DXT5nm UNITY_NO_SCREENSPACE_SHADOWS UNITY_PBS_USE_BRDF2 UNITY_PBS_USE_BRDF3 UNITY_PRETRANSFORM_TO_DISPLAY_ORIENTATION UNITY_UNIFIED_SHADER_PRECISION_MODEL UNITY_VIRTUAL_TEXTURING _ADD_PRECOMPUTED_VELOCITY _TRANSPARENT_REFRACTIVE_SORT _TRANSPARENT_WRITES_MOTION_VEC
Shader error in 'Krag Kings/Native Groom/NativeFurAuthored': 'floor': no matching 0 parameter intrinsic function; Possible intrinsic functions are: floor(float|half|min10float|min16float) at Assets/NativeGroom/NativeFurAuthored.shadergraph(4307) (on d3d11)

Compiling Subshader: 0, Pass: MotionVectors, Vertex program with HAIR_VERTEX_LIVE _DOUBLESIDED_ON _SURFACE_TYPE_TRANSPARENT
Platform defines: SHADER_API_DESKTOP UNITY_ENABLE_DETAIL_NORMALMAP UNITY_ENABLE_REFLECTION_BUFFERS UNITY_LIGHTMAP_FULL_HDR UNITY_LIGHT_PROBE_PROXY_VOLUME UNITY_PASS_MOTIONVECTORS UNITY_PBS_USE_BRDF1 UNITY_PLATFORM_SUPPORTS_DEPTH_FETCH UNITY_SPECCUBE_BLENDING UNITY_SPECCUBE_BOX_PROJECTION UNITY_USE_DITHER_MASK_FOR_ALPHABLENDED_SHADOWS
Disabled keywords: DOTS_INSTANCING_ON HAIR_VERTEX_STATIC INSTANCING_ON PROCEDURAL_INSTANCING_ON SHADER_API_GLES30 SHADER_API_GLES31 SHADER_API_GLES32 UNITY_ASTC_NORMALMAP_ENCODING UNITY_COLORSPACE_GAMMA UNITY_FRAMEBUFFER_FETCH_AVAILABLE UNITY_HARDWARE_TIER1 UNITY_HARDWARE_TIER2 UNITY_HARDWARE_TIER3 UNITY_LIGHTMAP_DLDR_ENCODING UNITY_LIGHTMAP_RGBM_ENCODING UNITY_METAL_SHADOWS_USE_POINT_FILTERING UNITY_NO_DXT5nm UNITY_NO_SCREENSPACE_SHADOWS UNITY_PBS_USE_BRDF2 UNITY_PBS_USE_BRDF3 UNITY_PRETRANSFORM_TO_DISPLAY_ORIENTATION UNITY_UNIFIED_SHADER_PRECISION_MODEL UNITY_VIRTUAL_TEXTURING _ADD_PRECOMPUTED_VELOCITY _TRANSPARENT_REFRACTIVE_SORT _TRANSPARENT_WRITES_MOTION_VEC
Shader error in 'Krag Kings/Native Groom/NativeFurAuthored': syntax error: unexpected token 'point' at Assets/NativeGroom/NativeFurAuthored.shadergraph(4307) (on d3d11)

Compiling Subshader: 0, Pass: MotionVectors, Vertex program with HAIR_VERTEX_LIVE _DOUBLESIDED_ON _SURFACE_TYPE_TRANSPARENT
Platform defines: SHADER_API_DESKTOP UNITY_ENABLE_DETAIL_NORMALMAP UNITY_ENABLE_REFLECTION_BUFFERS UNITY_LIGHTMAP_FULL_HDR UNITY_LIGHT_PROBE_PROXY_VOLUME UNITY_PASS_MOTIONVECTORS UNITY_PBS_USE_BRDF1 UNITY_PLATFORM_SUPPORTS_DEPTH_FETCH UNITY_SPECCUBE_BLENDING UNITY_SPECCUBE_BOX_PROJECTION UNITY_USE_DITHER_MASK_FOR_ALPHABLENDED_SHADOWS
Disabled keywords: DOTS_INSTANCING_ON HAIR_VERTEX_STATIC INSTANCING_ON PROCEDURAL_INSTANCING_ON SHADER_API_GLES30 SHADER_API_GLES31 SHADER_API_GLES32 UNITY_ASTC_NORMALMAP_ENCODING UNITY_COLORSPACE_GAMMA UNITY_FRAMEBUFFER_FETCH_AVAILABLE UNITY_HARDWARE_TIER1 UNITY_HARDWARE_TIER2 UNITY_HARDWARE_TIER3 UNITY_LIGHTMAP_DLDR_ENCODING UNITY_LIGHTMAP_RGBM_ENCODING UNITY_METAL_SHADOWS_USE_POINT_FILTERING UNITY_NO_DXT5nm UNITY_NO_SCREENSPACE_SHADOWS UNITY_PBS_USE_BRDF2 UNITY_PBS_USE_BRDF3 UNITY_PRETRANSFORM_TO_DISPLAY_ORIENTATION UNITY_UNIFIED_SHADER_PRECISION_MODEL UNITY_VIRTUAL_TEXTURING _ADD_PRECOMPUTED_VELOCITY _TRANSPARENT_REFRACTIVE_SORT _TRANSPARENT_WRITES_MOTION_VEC
Shader error in 'Krag Kings/Native Groom/NativeFurAuthored': syntax error: unexpected token 'point' at Assets/NativeGroom/NativeFurAuthored.shadergraph(5300) (on d3d11)

Compiling Subshader: 0, Pass: TransparentDepthPrepass, Vertex program with HAIR_VERTEX_LIVE _DOUBLESIDED_ON _SURFACE_TYPE_TRANSPARENT
Platform defines: SHADER_API_DESKTOP UNITY_ENABLE_DETAIL_NORMALMAP UNITY_ENABLE_REFLECTION_BUFFERS UNITY_LIGHTMAP_FULL_HDR UNITY_LIGHT_PROBE_PROXY_VOLUME UNITY_PBS_USE_BRDF1 UNITY_PLATFORM_SUPPORTS_DEPTH_FETCH UNITY_SPECCUBE_BLENDING UNITY_SPECCUBE_BOX_PROJECTION UNITY_USE_DITHER_MASK_FOR_ALPHABLENDED_SHADOWS
Disabled keywords: DOTS_INSTANCING_ON HAIR_VERTEX_STATIC INSTANCING_ON PROCEDURAL_INSTANCING_ON SHADER_API_GLES30 SHADER_API_GLES31 SHADER_API_GLES32 UNITY_ASTC_NORMALMAP_ENCODING UNITY_COLORSPACE_GAMMA UNITY_FRAMEBUFFER_FETCH_AVAILABLE UNITY_HARDWARE_TIER1 UNITY_HARDWARE_TIER2 UNITY_HARDWARE_TIER3 UNITY_LIGHTMAP_DLDR_ENCODING UNITY_LIGHTMAP_RGBM_ENCODING UNITY_METAL_SHADOWS_USE_POINT_FILTERING UNITY_NO_DXT5nm UNITY_NO_SCREENSPACE_SHADOWS UNITY_PBS_USE_BRDF2 UNITY_PBS_USE_BRDF3 UNITY_PRETRANSFORM_TO_DISPLAY_ORIENTATION UNITY_UNIFIED_SHADER_PRECISION_MODEL UNITY_VIRTUAL_TEXTURING _TRANSPARENT_REFRACTIVE_SORT _TRANSPARENT_WRITES_MOTION_VEC
Shader error in 'Krag Kings/Native Groom/NativeFurAuthored': 'floor': no matching 0 parameter intrinsic function; Possible intrinsic functions are: floor(float|half|min10float|min16float) at Assets/NativeGroom/NativeFurAuthored.shadergraph(5301) (on d3d11)

Compiling Subshader: 0, Pass: TransparentDepthPrepass, Vertex program with HAIR_VERTEX_LIVE _DOUBLESIDED_ON _SURFACE_TYPE_TRANSPARENT
Platform defines: SHADER_API_DESKTOP UNITY_ENABLE_DETAIL_NORMALMAP UNITY_ENABLE_REFLECTION_BUFFERS UNITY_LIGHTMAP_FULL_HDR UNITY_LIGHT_PROBE_PROXY_VOLUME UNITY_PBS_USE_BRDF1 UNITY_PLATFORM_SUPPORTS_DEPTH_FETCH UNITY_SPECCUBE_BLENDING UNITY_SPECCUBE_BOX_PROJECTION UNITY_USE_DITHER_MASK_FOR_ALPHABLENDED_SHADOWS
Disabled keywords: DOTS_INSTANCING_ON HAIR_VERTEX_STATIC INSTANCING_ON PROCEDURAL_INSTANCING_ON SHADER_API_GLES30 SHADER_API_GLES31 SHADER_API_GLES32 UNITY_ASTC_NORMALMAP_ENCODING UNITY_COLORSPACE_GAMMA UNITY_FRAMEBUFFER_FETCH_AVAILABLE UNITY_HARDWARE_TIER1 UNITY_HARDWARE_TIER2 UNITY_HARDWARE_TIER3 UNITY_LIGHTMAP_DLDR_ENCODING UNITY_LIGHTMAP_RGBM_ENCODING UNITY_METAL_SHADOWS_USE_POINT_FILTERING UNITY_NO_DXT5nm UNITY_NO_SCREENSPACE_SHADOWS UNITY_PBS_USE_BRDF2 UNITY_PBS_USE_BRDF3 UNITY_PRETRANSFORM_TO_DISPLAY_ORIENTATION UNITY_UNIFIED_SHADER_PRECISION_MODEL UNITY_VIRTUAL_TEXTURING _TRANSPARENT_REFRACTIVE_SORT _TRANSPARENT_WRITES_MOTION_VEC
Shader error in 'Krag Kings/Native Groom/NativeFurAuthored': syntax error: unexpected token 'point' at Assets/NativeGroom/NativeFurAuthored.shadergraph(5301) (on d3d11)

Compiling Subshader: 0, Pass: TransparentDepthPrepass, Vertex program with HAIR_VERTEX_LIVE _DOUBLESIDED_ON _SURFACE_TYPE_TRANSPARENT
Platform defines: SHADER_API_DESKTOP UNITY_ENABLE_DETAIL_NORMALMAP UNITY_ENABLE_REFLECTION_BUFFERS UNITY_LIGHTMAP_FULL_HDR UNITY_LIGHT_PROBE_PROXY_VOLUME UNITY_PBS_USE_BRDF1 UNITY_PLATFORM_SUPPORTS_DEPTH_FETCH UNITY_SPECCUBE_BLENDING UNITY_SPECCUBE_BOX_PROJECTION UNITY_USE_DITHER_MASK_FOR_ALPHABLENDED_SHADOWS
Disabled keywords: DOTS_INSTANCING_ON HAIR_VERTEX_STATIC INSTANCING_ON PROCEDURAL_INSTANCING_ON SHADER_API_GLES30 SHADER_API_GLES31 SHADER_API_GLES32 UNITY_ASTC_NORMALMAP_ENCODING UNITY_COLORSPACE_GAMMA UNITY_FRAMEBUFFER_FETCH_AVAILABLE UNITY_HARDWARE_TIER1 UNITY_HARDWARE_TIER2 UNITY_HARDWARE_TIER3 UNITY_LIGHTMAP_DLDR_ENCODING UNITY_LIGHTMAP_RGBM_ENCODING UNITY_METAL_SHADOWS_USE_POINT_FILTERING UNITY_NO_DXT5nm UNITY_NO_SCREENSPACE_SHADOWS UNITY_PBS_USE_BRDF2 UNITY_PBS_USE_BRDF3 UNITY_PRETRANSFORM_TO_DISPLAY_ORIENTATION UNITY_UNIFIED_SHADER_PRECISION_MODEL UNITY_VIRTUAL_TEXTURING _TRANSPARENT_REFRACTIVE_SORT _TRANSPARENT_WRITES_MOTION_VEC
Shader error in 'Krag Kings/Native Groom/NativeFurAuthored': syntax error: unexpected token 'point' at Assets/NativeGroom/NativeFurAuthored.shadergraph(6271) (on d3d11)

Compiling Subshader: 0, Pass: DepthForwardOnly, Vertex program with HAIR_VERTEX_LIVE _DOUBLESIDED_ON
Platform defines: SHADER_API_DESKTOP UNITY_ENABLE_DETAIL_NORMALMAP UNITY_ENABLE_REFLECTION_BUFFERS UNITY_LIGHTMAP_FULL_HDR UNITY_LIGHT_PROBE_PROXY_VOLUME UNITY_PBS_USE_BRDF1 UNITY_PLATFORM_SUPPORTS_DEPTH_FETCH UNITY_SPECCUBE_BLENDING UNITY_SPECCUBE_BOX_PROJECTION UNITY_USE_DITHER_MASK_FOR_ALPHABLENDED_SHADOWS
Disabled keywords: DOTS_INSTANCING_ON HAIR_VERTEX_STATIC INSTANCING_ON PROCEDURAL_INSTANCING_ON SHADER_API_GLES30 SHADER_API_GLES31 SHADER_API_GLES32 UNITY_ASTC_NORMALMAP_ENCODING UNITY_COLORSPACE_GAMMA UNITY_FRAMEBUFFER_FETCH_AVAILABLE UNITY_HARDWARE_TIER1 UNITY_HARDWARE_TIER2 UNITY_HARDWARE_TIER3 UNITY_LIGHTMAP_DLDR_ENCODING UNITY_LIGHTMAP_RGBM_ENCODING UNITY_METAL_SHADOWS_USE_POINT_FILTERING UNITY_NO_DXT5nm UNITY_NO_SCREENSPACE_SHADOWS UNITY_PBS_USE_BRDF2 UNITY_PBS_USE_BRDF3 UNITY_PRETRANSFORM_TO_DISPLAY_ORIENTATION UNITY_UNIFIED_SHADER_PRECISION_MODEL UNITY_VIRTUAL_TEXTURING
Shader error in 'Krag Kings/Native Groom/NativeFurAuthored': 'floor': no matching 0 parameter intrinsic function; Possible intrinsic functions are: floor(float|half|min10float|min16float) at Assets/NativeGroom/NativeFurAuthored.shadergraph(6272) (on d3d11)

Compiling Subshader: 0, Pass: DepthForwardOnly, Vertex program with HAIR_VERTEX_LIVE _DOUBLESIDED_ON
Platform defines: SHADER_API_DESKTOP UNITY_ENABLE_DETAIL_NORMALMAP UNITY_ENABLE_REFLECTION_BUFFERS UNITY_LIGHTMAP_FULL_HDR UNITY_LIGHT_PROBE_PROXY_VOLUME UNITY_PBS_USE_BRDF1 UNITY_PLATFORM_SUPPORTS_DEPTH_FETCH UNITY_SPECCUBE_BLENDING UNITY_SPECCUBE_BOX_PROJECTION UNITY_USE_DITHER_MASK_FOR_ALPHABLENDED_SHADOWS
Disabled keywords: DOTS_INSTANCING_ON HAIR_VERTEX_STATIC INSTANCING_ON PROCEDURAL_INSTANCING_ON SHADER_API_GLES30 SHADER_API_GLES31 SHADER_API_GLES32 UNITY_ASTC_NORMALMAP_ENCODING UNITY_COLORSPACE_GAMMA UNITY_FRAMEBUFFER_FETCH_AVAILABLE UNITY_HARDWARE_TIER1 UNITY_HARDWARE_TIER2 UNITY_HARDWARE_TIER3 UNITY_LIGHTMAP_DLDR_ENCODING UNITY_LIGHTMAP_RGBM_ENCODING UNITY_METAL_SHADOWS_USE_POINT_FILTERING UNITY_NO_DXT5nm UNITY_NO_SCREENSPACE_SHADOWS UNITY_PBS_USE_BRDF2 UNITY_PBS_USE_BRDF3 UNITY_PRETRANSFORM_TO_DISPLAY_ORIENTATION UNITY_UNIFIED_SHADER_PRECISION_MODEL UNITY_VIRTUAL_TEXTURING
Shader error in 'Krag Kings/Native Groom/NativeFurAuthored': syntax error: unexpected token 'point' at Assets/NativeGroom/NativeFurAuthored.shadergraph(6272) (on d3d11)

Compiling Subshader: 0, Pass: DepthForwardOnly, Vertex program with HAIR_VERTEX_LIVE _DOUBLESIDED_ON
Platform defines: SHADER_API_DESKTOP UNITY_ENABLE_DETAIL_NORMALMAP UNITY_ENABLE_REFLECTION_BUFFERS UNITY_LIGHTMAP_FULL_HDR UNITY_LIGHT_PROBE_PROXY_VOLUME UNITY_PBS_USE_BRDF1 UNITY_PLATFORM_SUPPORTS_DEPTH_FETCH UNITY_SPECCUBE_BLENDING UNITY_SPECCUBE_BOX_PROJECTION UNITY_USE_DITHER_MASK_FOR_ALPHABLENDED_SHADOWS
Disabled keywords: DOTS_INSTANCING_ON HAIR_VERTEX_STATIC INSTANCING_ON PROCEDURAL_INSTANCING_ON SHADER_API_GLES30 SHADER_API_GLES31 SHADER_API_GLES32 UNITY_ASTC_NORMALMAP_ENCODING UNITY_COLORSPACE_GAMMA UNITY_FRAMEBUFFER_FETCH_AVAILABLE UNITY_HARDWARE_TIER1 UNITY_HARDWARE_TIER2 UNITY_HARDWARE_TIER3 UNITY_LIGHTMAP_DLDR_ENCODING UNITY_LIGHTMAP_RGBM_ENCODING UNITY_METAL_SHADOWS_USE_POINT_FILTERING UNITY_NO_DXT5nm UNITY_NO_SCREENSPACE_SHADOWS UNITY_PBS_USE_BRDF2 UNITY_PBS_USE_BRDF3 UNITY_PRETRANSFORM_TO_DISPLAY_ORIENTATION UNITY_UNIFIED_SHADER_PRECISION_MODEL UNITY_VIRTUAL_TEXTURING
Shader error in 'Krag Kings/Native Groom/NativeFurAuthored': syntax error: unexpected token 'point' at Assets/NativeGroom/NativeFurAuthored.shadergraph(7316) (on d3d11)

Compiling Subshader: 0, Pass: ForwardOnly, Vertex program with HAIR_VERTEX_LIVE _DOUBLESIDED_ON _SURFACE_TYPE_TRANSPARENT
Platform defines: SHADER_API_DESKTOP UNITY_ENABLE_DETAIL_NORMALMAP UNITY_ENABLE_REFLECTION_BUFFERS UNITY_LIGHTMAP_FULL_HDR UNITY_LIGHT_PROBE_PROXY_VOLUME UNITY_PBS_USE_BRDF1 UNITY_PLATFORM_SUPPORTS_DEPTH_FETCH UNITY_SPECCUBE_BLENDING UNITY_SPECCUBE_BOX_PROJECTION UNITY_USE_DITHER_MASK_FOR_ALPHABLENDED_SHADOWS
Disabled keywords: DEBUG_DISPLAY DIRLIGHTMAP_COMBINED DOTS_INSTANCING_ON DYNAMICLIGHTMAP_ON HAIR_VERTEX_STATIC INSTANCING_ON LIGHTMAP_BICUBIC_SAMPLING LIGHTMAP_ON PROCEDURAL_INSTANCING_ON SHADER_API_GLES30 SHADER_API_GLES31 SHADER_API_GLES32 UNITY_ASTC_NORMALMAP_ENCODING UNITY_COLORSPACE_GAMMA UNITY_FRAMEBUFFER_FETCH_AVAILABLE UNITY_HARDWARE_TIER1 UNITY_HARDWARE_TIER2 UNITY_HARDWARE_TIER3 UNITY_LIGHTMAP_DLDR_ENCODING UNITY_LIGHTMAP_RGBM_ENCODING UNITY_METAL_SHADOWS_USE_POINT_FILTERING UNITY_NO_DXT5nm UNITY_NO_SCREENSPACE_SHADOWS UNITY_PBS_USE_BRDF2 UNITY_PBS_USE_BRDF3 UNITY_PRETRANSFORM_TO_DISPLAY_ORIENTATION UNITY_UNIFIED_SHADER_PRECISION_MODEL UNITY_VIRTUAL_TEXTURING USE_LEGACY_LIGHTMAPS _ADD_PRECOMPUTED_VELOCITY _TRANSPARENT_REFRACTIVE_SORT _TRANSPARENT_WRITES_MOTION_VEC
Shader error in 'Krag Kings/Native Groom/NativeFurAuthored': 'floor': no matching 0 parameter intrinsic function; Possible intrinsic functions are: floor(float|half|min10float|min16float) at Assets/NativeGroom/NativeFurAuthored.shadergraph(7317) (on d3d11)

Compiling Subshader: 0, Pass: ForwardOnly, Vertex program with HAIR_VERTEX_LIVE _DOUBLESIDED_ON _SURFACE_TYPE_TRANSPARENT
Platform defines: SHADER_API_DESKTOP UNITY_ENABLE_DETAIL_NORMALMAP UNITY_ENABLE_REFLECTION_BUFFERS UNITY_LIGHTMAP_FULL_HDR UNITY_LIGHT_PROBE_PROXY_VOLUME UNITY_PBS_USE_BRDF1 UNITY_PLATFORM_SUPPORTS_DEPTH_FETCH UNITY_SPECCUBE_BLENDING UNITY_SPECCUBE_BOX_PROJECTION UNITY_USE_DITHER_MASK_FOR_ALPHABLENDED_SHADOWS
Disabled keywords: DEBUG_DISPLAY DIRLIGHTMAP_COMBINED DOTS_INSTANCING_ON DYNAMICLIGHTMAP_ON HAIR_VERTEX_STATIC INSTANCING_ON LIGHTMAP_BICUBIC_SAMPLING LIGHTMAP_ON PROCEDURAL_INSTANCING_ON SHADER_API_GLES30 SHADER_API_GLES31 SHADER_API_GLES32 UNITY_ASTC_NORMALMAP_ENCODING UNITY_COLORSPACE_GAMMA UNITY_FRAMEBUFFER_FETCH_AVAILABLE UNITY_HARDWARE_TIER1 UNITY_HARDWARE_TIER2 UNITY_HARDWARE_TIER3 UNITY_LIGHTMAP_DLDR_ENCODING UNITY_LIGHTMAP_RGBM_ENCODING UNITY_METAL_SHADOWS_USE_POINT_FILTERING UNITY_NO_DXT5nm UNITY_NO_SCREENSPACE_SHADOWS UNITY_PBS_USE_BRDF2 UNITY_PBS_USE_BRDF3 UNITY_PRETRANSFORM_TO_DISPLAY_ORIENTATION UNITY_UNIFIED_SHADER_PRECISION_MODEL UNITY_VIRTUAL_TEXTURING USE_LEGACY_LIGHTMAPS _ADD_PRECOMPUTED_VELOCITY _TRANSPARENT_REFRACTIVE_SORT _TRANSPARENT_WRITES_MOTION_VEC
Shader error in 'Krag Kings/Native Groom/NativeFurAuthored': syntax error: unexpected token 'point' at Assets/NativeGroom/NativeFurAuthored.shadergraph(7317) (on d3d11)

Compiling Subshader: 0, Pass: ForwardOnly, Vertex program with HAIR_VERTEX_LIVE _DOUBLESIDED_ON _SURFACE_TYPE_TRANSPARENT
Platform defines: SHADER_API_DESKTOP UNITY_ENABLE_DETAIL_NORMALMAP UNITY_ENABLE_REFLECTION_BUFFERS UNITY_LIGHTMAP_FULL_HDR UNITY_LIGHT_PROBE_PROXY_VOLUME UNITY_PBS_USE_BRDF1 UNITY_PLATFORM_SUPPORTS_DEPTH_FETCH UNITY_SPECCUBE_BLENDING UNITY_SPECCUBE_BOX_PROJECTION UNITY_USE_DITHER_MASK_FOR_ALPHABLENDED_SHADOWS
Disabled keywords: DEBUG_DISPLAY DIRLIGHTMAP_COMBINED DOTS_INSTANCING_ON DYNAMICLIGHTMAP_ON HAIR_VERTEX_STATIC INSTANCING_ON LIGHTMAP_BICUBIC_SAMPLING LIGHTMAP_ON PROCEDURAL_INSTANCING_ON SHADER_API_GLES30 SHADER_API_GLES31 SHADER_API_GLES32 UNITY_ASTC_NORMALMAP_ENCODING UNITY_COLORSPACE_GAMMA UNITY_FRAMEBUFFER_FETCH_AVAILABLE UNITY_HARDWARE_TIER1 UNITY_HARDWARE_TIER2 UNITY_HARDWARE_TIER3 UNITY_LIGHTMAP_DLDR_ENCODING UNITY_LIGHTMAP_RGBM_ENCODING UNITY_METAL_SHADOWS_USE_POINT_FILTERING UNITY_NO_DXT5nm UNITY_NO_SCREENSPACE_SHADOWS UNITY_PBS_USE_BRDF2 UNITY_PBS_USE_BRDF3 UNITY_PRETRANSFORM_TO_DISPLAY_ORIENTATION UNITY_UNIFIED_SHADER_PRECISION_MODEL UNITY_VIRTUAL_TEXTURING USE_LEGACY_LIGHTMAPS _ADD_PRECOMPUTED_VELOCITY _TRANSPARENT_REFRACTIVE_SORT _TRANSPARENT_WRITES_MOTION_VEC
Shader error in 'Krag Kings/Native Groom/NativeFurAuthored': syntax error: unexpected token 'point' at Assets/NativeGroom/NativeFurAuthored.shadergraph(399) (on d3d11)

Compiling Subshader: 0, Pass: ShadowCaster, Vertex program with HAIR_VERTEX_LIVE _DOUBLESIDED_ON
Platform defines: SHADER_API_DESKTOP UNITY_ENABLE_DETAIL_NORMALMAP UNITY_ENABLE_REFLECTION_BUFFERS UNITY_LIGHTMAP_FULL_HDR UNITY_LIGHT_PROBE_PROXY_VOLUME UNITY_PASS_SHADOWCASTER UNITY_PBS_USE_BRDF1 UNITY_PLATFORM_SUPPORTS_DEPTH_FETCH UNITY_SPECCUBE_BLENDING UNITY_SPECCUBE_BOX_PROJECTION UNITY_USE_DITHER_MASK_FOR_ALPHABLENDED_SHADOWS
Disabled keywords: DOTS_INSTANCING_ON HAIR_VERTEX_STATIC INSTANCING_ON PROCEDURAL_INSTANCING_ON SHADER_API_GLES30 SHADER_API_GLES31 SHADER_API_GLES32 UNITY_ASTC_NORMALMAP_ENCODING UNITY_COLORSPACE_GAMMA UNITY_FRAMEBUFFER_FETCH_AVAILABLE UNITY_HARDWARE_TIER1 UNITY_HARDWARE_TIER2 UNITY_HARDWARE_TIER3 UNITY_LIGHTMAP_DLDR_ENCODING UNITY_LIGHTMAP_RGBM_ENCODING UNITY_METAL_SHADOWS_USE_POINT_FILTERING UNITY_NO_DXT5nm UNITY_NO_SCREENSPACE_SHADOWS UNITY_PBS_USE_BRDF2 UNITY_PBS_USE_BRDF3 UNITY_PRETRANSFORM_TO_DISPLAY_ORIENTATION UNITY_UNIFIED_SHADER_PRECISION_MODEL UNITY_VIRTUAL_TEXTURING
Shader error in 'Krag Kings/Native Groom/NativeFurAuthored': 'floor': no matching 0 parameter intrinsic function; Possible intrinsic functions are: floor(float|half|min10float|min16float) at Assets/NativeGroom/NativeFurAuthored.shadergraph(400) (on d3d11)

Compiling Subshader: 0, Pass: ShadowCaster, Vertex program with HAIR_VERTEX_LIVE _DOUBLESIDED_ON
Platform defines: SHADER_API_DESKTOP UNITY_ENABLE_DETAIL_NORMALMAP UNITY_ENABLE_REFLECTION_BUFFERS UNITY_LIGHTMAP_FULL_HDR UNITY_LIGHT_PROBE_PROXY_VOLUME UNITY_PASS_SHADOWCASTER UNITY_PBS_USE_BRDF1 UNITY_PLATFORM_SUPPORTS_DEPTH_FETCH UNITY_SPECCUBE_BLENDING UNITY_SPECCUBE_BOX_PROJECTION UNITY_USE_DITHER_MASK_FOR_ALPHABLENDED_SHADOWS
Disabled keywords: DOTS_INSTANCING_ON HAIR_VERTEX_STATIC INSTANCING_ON PROCEDURAL_INSTANCING_ON SHADER_API_GLES30 SHADER_API_GLES31 SHADER_API_GLES32 UNITY_ASTC_NORMALMAP_ENCODING UNITY_COLORSPACE_GAMMA UNITY_FRAMEBUFFER_FETCH_AVAILABLE UNITY_HARDWARE_TIER1 UNITY_HARDWARE_TIER2 UNITY_HARDWARE_TIER3 UNITY_LIGHTMAP_DLDR_ENCODING UNITY_LIGHTMAP_RGBM_ENCODING UNITY_METAL_SHADOWS_USE_POINT_FILTERING UNITY_NO_DXT5nm UNITY_NO_SCREENSPACE_SHADOWS UNITY_PBS_USE_BRDF2 UNITY_PBS_USE_BRDF3 UNITY_PRETRANSFORM_TO_DISPLAY_ORIENTATION UNITY_UNIFIED_SHADER_PRECISION_MODEL UNITY_VIRTUAL_TEXTURING
Shader error in 'Krag Kings/Native Groom/NativeFurAuthored': syntax error: unexpected token 'point' at Assets/NativeGroom/NativeFurAuthored.shadergraph(400) (on d3d11)

Compiling Subshader: 0, Pass: ShadowCaster, Vertex program with HAIR_VERTEX_LIVE _DOUBLESIDED_ON
Platform defines: SHADER_API_DESKTOP UNITY_ENABLE_DETAIL_NORMALMAP UNITY_ENABLE_REFLECTION_BUFFERS UNITY_LIGHTMAP_FULL_HDR UNITY_LIGHT_PROBE_PROXY_VOLUME UNITY_PASS_SHADOWCASTER UNITY_PBS_USE_BRDF1 UNITY_PLATFORM_SUPPORTS_DEPTH_FETCH UNITY_SPECCUBE_BLENDING UNITY_SPECCUBE_BOX_PROJECTION UNITY_USE_DITHER_MASK_FOR_ALPHABLENDED_SHADOWS
Disabled keywords: DOTS_INSTANCING_ON HAIR_VERTEX_STATIC INSTANCING_ON PROCEDURAL_INSTANCING_ON SHADER_API_GLES30 SHADER_API_GLES31 SHADER_API_GLES32 UNITY_ASTC_NORMALMAP_ENCODING UNITY_COLORSPACE_GAMMA UNITY_FRAMEBUFFER_FETCH_AVAILABLE UNITY_HARDWARE_TIER1 UNITY_HARDWARE_TIER2 UNITY_HARDWARE_TIER3 UNITY_LIGHTMAP_DLDR_ENCODING UNITY_LIGHTMAP_RGBM_ENCODING UNITY_METAL_SHADOWS_USE_POINT_FILTERING UNITY_NO_DXT5nm UNITY_NO_SCREENSPACE_SHADOWS UNITY_PBS_USE_BRDF2 UNITY_PBS_USE_BRDF3 UNITY_PRETRANSFORM_TO_DISPLAY_ORIENTATION UNITY_UNIFIED_SHADER_PRECISION_MODEL UNITY_VIRTUAL_TEXTURING
Shader error in 'Krag Kings/Native Groom/NativeFurAuthored': syntax error: unexpected token 'point' at Assets/NativeGroom/NativeFurAuthored.shadergraph(1375) (on d3d11)

Compiling Subshader: 0, Pass: META, Vertex program with HAIR_VERTEX_LIVE _DOUBLESIDED_ON _SURFACE_TYPE_TRANSPARENT
Platform defines: SHADER_API_DESKTOP UNITY_ENABLE_DETAIL_NORMALMAP UNITY_ENABLE_REFLECTION_BUFFERS UNITY_LIGHTMAP_FULL_HDR UNITY_LIGHT_PROBE_PROXY_VOLUME UNITY_PASS_META UNITY_PBS_USE_BRDF1 UNITY_PLATFORM_SUPPORTS_DEPTH_FETCH UNITY_SPECCUBE_BLENDING UNITY_SPECCUBE_BOX_PROJECTION UNITY_USE_DITHER_MASK_FOR_ALPHABLENDED_SHADOWS
Disabled keywords: DOTS_INSTANCING_ON EDITOR_VISUALIZATION HAIR_VERTEX_STATIC INSTANCING_ON PROCEDURAL_INSTANCING_ON SHADER_API_GLES30 SHADER_API_GLES31 SHADER_API_GLES32 UNITY_ASTC_NORMALMAP_ENCODING UNITY_COLORSPACE_GAMMA UNITY_FRAMEBUFFER_FETCH_AVAILABLE UNITY_HARDWARE_TIER1 UNITY_HARDWARE_TIER2 UNITY_HARDWARE_TIER3 UNITY_LIGHTMAP_DLDR_ENCODING UNITY_LIGHTMAP_RGBM_ENCODING UNITY_METAL_SHADOWS_USE_POINT_FILTERING UNITY_NO_DXT5nm UNITY_NO_SCREENSPACE_SHADOWS UNITY_PBS_USE_BRDF2 UNITY_PBS_USE_BRDF3 UNITY_PRETRANSFORM_TO_DISPLAY_ORIENTATION UNITY_UNIFIED_SHADER_PRECISION_MODEL UNITY_VIRTUAL_TEXTURING
Shader error in 'Krag Kings/Native Groom/NativeFurAuthored': 'floor': no matching 0 parameter intrinsic function; Possible intrinsic functions are: floor(float|half|min10float|min16float) at Assets/NativeGroom/NativeFurAuthored.shadergraph(1376) (on d3d11)

Compiling Subshader: 0, Pass: META, Vertex program with HAIR_VERTEX_LIVE _DOUBLESIDED_ON _SURFACE_TYPE_TRANSPARENT
Platform defines: SHADER_API_DESKTOP UNITY_ENABLE_DETAIL_NORMALMAP UNITY_ENABLE_REFLECTION_BUFFERS UNITY_LIGHTMAP_FULL_HDR UNITY_LIGHT_PROBE_PROXY_VOLUME UNITY_PASS_META UNITY_PBS_USE_BRDF1 UNITY_PLATFORM_SUPPORTS_DEPTH_FETCH UNITY_SPECCUBE_BLENDING UNITY_SPECCUBE_BOX_PROJECTION UNITY_USE_DITHER_MASK_FOR_ALPHABLENDED_SHADOWS
Disabled keywords: DOTS_INSTANCING_ON EDITOR_VISUALIZATION HAIR_VERTEX_STATIC INSTANCING_ON PROCEDURAL_INSTANCING_ON SHADER_API_GLES30 SHADER_API_GLES31 SHADER_API_GLES32 UNITY_ASTC_NORMALMAP_ENCODING UNITY_COLORSPACE_GAMMA UNITY_FRAMEBUFFER_FETCH_AVAILABLE UNITY_HARDWARE_TIER1 UNITY_HARDWARE_TIER2 UNITY_HARDWARE_TIER3 UNITY_LIGHTMAP_DLDR_ENCODING UNITY_LIGHTMAP_RGBM_ENCODING UNITY_METAL_SHADOWS_USE_POINT_FILTERING UNITY_NO_DXT5nm UNITY_NO_SCREENSPACE_SHADOWS UNITY_PBS_USE_BRDF2 UNITY_PBS_USE_BRDF3 UNITY_PRETRANSFORM_TO_DISPLAY_ORIENTATION UNITY_UNIFIED_SHADER_PRECISION_MODEL UNITY_VIRTUAL_TEXTURING
Shader error in 'Krag Kings/Native Groom/NativeFurAuthored': syntax error: unexpected token 'point' at Assets/NativeGroom/NativeFurAuthored.shadergraph(1376) (on d3d11)

Compiling Subshader: 0, Pass: META, Vertex program with HAIR_VERTEX_LIVE _DOUBLESIDED_ON _SURFACE_TYPE_TRANSPARENT
Platform defines: SHADER_API_DESKTOP UNITY_ENABLE_DETAIL_NORMALMAP UNITY_ENABLE_REFLECTION_BUFFERS UNITY_LIGHTMAP_FULL_HDR UNITY_LIGHT_PROBE_PROXY_VOLUME UNITY_PASS_META UNITY_PBS_USE_BRDF1 UNITY_PLATFORM_SUPPORTS_DEPTH_FETCH UNITY_SPECCUBE_BLENDING UNITY_SPECCUBE_BOX_PROJECTION UNITY_USE_DITHER_MASK_FOR_ALPHABLENDED_SHADOWS
Disabled keywords: DOTS_INSTANCING_ON EDITOR_VISUALIZATION HAIR_VERTEX_STATIC INSTANCING_ON PROCEDURAL_INSTANCING_ON SHADER_API_GLES30 SHADER_API_GLES31 SHADER_API_GLES32 UNITY_ASTC_NORMALMAP_ENCODING UNITY_COLORSPACE_GAMMA UNITY_FRAMEBUFFER_FETCH_AVAILABLE UNITY_HARDWARE_TIER1 UNITY_HARDWARE_TIER2 UNITY_HARDWARE_TIER3 UNITY_LIGHTMAP_DLDR_ENCODING UNITY_LIGHTMAP_RGBM_ENCODING UNITY_METAL_SHADOWS_USE_POINT_FILTERING UNITY_NO_DXT5nm UNITY_NO_SCREENSPACE_SHADOWS UNITY_PBS_USE_BRDF2 UNITY_PBS_USE_BRDF3 UNITY_PRETRANSFORM_TO_DISPLAY_ORIENTATION UNITY_UNIFIED_SHADER_PRECISION_MODEL UNITY_VIRTUAL_TEXTURING
Shader error in 'Krag Kings/Native Groom/NativeFurAuthored': syntax error: unexpected token 'point' at Assets/NativeGroom/NativeFurAuthored.shadergraph(2326) (on d3d11)

Compiling Subshader: 0, Pass: ScenePickingPass, Vertex program with HAIR_VERTEX_LIVE _DOUBLESIDED_ON
Platform defines: SHADER_API_DESKTOP UNITY_ENABLE_DETAIL_NORMALMAP UNITY_ENABLE_REFLECTION_BUFFERS UNITY_LIGHTMAP_FULL_HDR UNITY_LIGHT_PROBE_PROXY_VOLUME UNITY_PBS_USE_BRDF1 UNITY_PLATFORM_SUPPORTS_DEPTH_FETCH UNITY_SPECCUBE_BLENDING UNITY_SPECCUBE_BOX_PROJECTION UNITY_USE_DITHER_MASK_FOR_ALPHABLENDED_SHADOWS
Disabled keywords: DOTS_INSTANCING_ON HAIR_VERTEX_STATIC INSTANCING_ON PROCEDURAL_INSTANCING_ON SHADER_API_GLES30 SHADER_API_GLES31 SHADER_API_GLES32 UNITY_ASTC_NORMALMAP_ENCODING UNITY_COLORSPACE_GAMMA UNITY_FRAMEBUFFER_FETCH_AVAILABLE UNITY_HARDWARE_TIER1 UNITY_HARDWARE_TIER2 UNITY_HARDWARE_TIER3 UNITY_LIGHTMAP_DLDR_ENCODING UNITY_LIGHTMAP_RGBM_ENCODING UNITY_METAL_SHADOWS_USE_POINT_FILTERING UNITY_NO_DXT5nm UNITY_NO_SCREENSPACE_SHADOWS UNITY_PBS_USE_BRDF2 UNITY_PBS_USE_BRDF3 UNITY_PRETRANSFORM_TO_DISPLAY_ORIENTATION UNITY_UNIFIED_SHADER_PRECISION_MODEL UNITY_VIRTUAL_TEXTURING
Shader error in 'Krag Kings/Native Groom/NativeFurAuthored': 'floor': no matching 0 parameter intrinsic function; Possible intrinsic functions are: floor(float|half|min10float|min16float) at Assets/NativeGroom/NativeFurAuthored.shadergraph(2327) (on d3d11)

Compiling Subshader: 0, Pass: ScenePickingPass, Vertex program with HAIR_VERTEX_LIVE _DOUBLESIDED_ON
Platform defines: SHADER_API_DESKTOP UNITY_ENABLE_DETAIL_NORMALMAP UNITY_ENABLE_REFLECTION_BUFFERS UNITY_LIGHTMAP_FULL_HDR UNITY_LIGHT_PROBE_PROXY_VOLUME UNITY_PBS_USE_BRDF1 UNITY_PLATFORM_SUPPORTS_DEPTH_FETCH UNITY_SPECCUBE_BLENDING UNITY_SPECCUBE_BOX_PROJECTION UNITY_USE_DITHER_MASK_FOR_ALPHABLENDED_SHADOWS
Disabled keywords: DOTS_INSTANCING_ON HAIR_VERTEX_STATIC INSTANCING_ON PROCEDURAL_INSTANCING_ON SHADER_API_GLES30 SHADER_API_GLES31 SHADER_API_GLES32 UNITY_ASTC_NORMALMAP_ENCODING UNITY_COLORSPACE_GAMMA UNITY_FRAMEBUFFER_FETCH_AVAILABLE UNITY_HARDWARE_TIER1 UNITY_HARDWARE_TIER2 UNITY_HARDWARE_TIER3 UNITY_LIGHTMAP_DLDR_ENCODING UNITY_LIGHTMAP_RGBM_ENCODING UNITY_METAL_SHADOWS_USE_POINT_FILTERING UNITY_NO_DXT5nm UNITY_NO_SCREENSPACE_SHADOWS UNITY_PBS_USE_BRDF2 UNITY_PBS_USE_BRDF3 UNITY_PRETRANSFORM_TO_DISPLAY_ORIENTATION UNITY_UNIFIED_SHADER_PRECISION_MODEL UNITY_VIRTUAL_TEXTURING
Shader error in 'Krag Kings/Native Groom/NativeFurAuthored': syntax error: unexpected token 'point' at Assets/NativeGroom/NativeFurAuthored.shadergraph(2327) (on d3d11)

Compiling Subshader: 0, Pass: ScenePickingPass, Vertex program with HAIR_VERTEX_LIVE _DOUBLESIDED_ON
Platform defines: SHADER_API_DESKTOP UNITY_ENABLE_DETAIL_NORMALMAP UNITY_ENABLE_REFLECTION_BUFFERS UNITY_LIGHTMAP_FULL_HDR UNITY_LIGHT_PROBE_PROXY_VOLUME UNITY_PBS_USE_BRDF1 UNITY_PLATFORM_SUPPORTS_DEPTH_FETCH UNITY_SPECCUBE_BLENDING UNITY_SPECCUBE_BOX_PROJECTION UNITY_USE_DITHER_MASK_FOR_ALPHABLENDED_SHADOWS
Disabled keywords: DOTS_INSTANCING_ON HAIR_VERTEX_STATIC INSTANCING_ON PROCEDURAL_INSTANCING_ON SHADER_API_GLES30 SHADER_API_GLES31 SHADER_API_GLES32 UNITY_ASTC_NORMALMAP_ENCODING UNITY_COLORSPACE_GAMMA UNITY_FRAMEBUFFER_FETCH_AVAILABLE UNITY_HARDWARE_TIER1 UNITY_HARDWARE_TIER2 UNITY_HARDWARE_TIER3 UNITY_LIGHTMAP_DLDR_ENCODING UNITY_LIGHTMAP_RGBM_ENCODING UNITY_METAL_SHADOWS_USE_POINT_FILTERING UNITY_NO_DXT5nm UNITY_NO_SCREENSPACE_SHADOWS UNITY_PBS_USE_BRDF2 UNITY_PBS_USE_BRDF3 UNITY_PRETRANSFORM_TO_DISPLAY_ORIENTATION UNITY_UNIFIED_SHADER_PRECISION_MODEL UNITY_VIRTUAL_TEXTURING
Shader error in 'Krag Kings/Native Groom/NativeFurAuthored': syntax error: unexpected token 'point' at Assets/NativeGroom/NativeFurAuthored.shadergraph(3310) (on d3d11)

Compiling Subshader: 0, Pass: SceneSelectionPass, Vertex program with HAIR_VERTEX_LIVE _DOUBLESIDED_ON
Platform defines: SHADER_API_DESKTOP UNITY_ENABLE_DETAIL_NORMALMAP UNITY_ENABLE_REFLECTION_BUFFERS UNITY_LIGHTMAP_FULL_HDR UNITY_LIGHT_PROBE_PROXY_VOLUME UNITY_PBS_USE_BRDF1 UNITY_PLATFORM_SUPPORTS_DEPTH_FETCH UNITY_SPECCUBE_BLENDING UNITY_SPECCUBE_BOX_PROJECTION UNITY_USE_DITHER_MASK_FOR_ALPHABLENDED_SHADOWS
Disabled keywords: DOTS_INSTANCING_ON HAIR_VERTEX_STATIC INSTANCING_ON PROCEDURAL_INSTANCING_ON SHADER_API_GLES30 SHADER_API_GLES31 SHADER_API_GLES32 UNITY_ASTC_NORMALMAP_ENCODING UNITY_COLORSPACE_GAMMA UNITY_FRAMEBUFFER_FETCH_AVAILABLE UNITY_HARDWARE_TIER1 UNITY_HARDWARE_TIER2 UNITY_HARDWARE_TIER3 UNITY_LIGHTMAP_DLDR_ENCODING UNITY_LIGHTMAP_RGBM_ENCODING UNITY_METAL_SHADOWS_USE_POINT_FILTERING UNITY_NO_DXT5nm UNITY_NO_SCREENSPACE_SHADOWS UNITY_PBS_USE_BRDF2 UNITY_PBS_USE_BRDF3 UNITY_PRETRANSFORM_TO_DISPLAY_ORIENTATION UNITY_UNIFIED_SHADER_PRECISION_MODEL UNITY_VIRTUAL_TEXTURING
Shader error in 'Krag Kings/Native Groom/NativeFurAuthored': 'floor': no matching 0 parameter intrinsic function; Possible intrinsic functions are: floor(float|half|min10float|min16float) at Assets/NativeGroom/NativeFurAuthored.shadergraph(3311) (on d3d11)

Compiling Subshader: 0, Pass: SceneSelectionPass, Vertex program with HAIR_VERTEX_LIVE _DOUBLESIDED_ON
Platform defines: SHADER_API_DESKTOP UNITY_ENABLE_DETAIL_NORMALMAP UNITY_ENABLE_REFLECTION_BUFFERS UNITY_LIGHTMAP_FULL_HDR UNITY_LIGHT_PROBE_PROXY_VOLUME UNITY_PBS_USE_BRDF1 UNITY_PLATFORM_SUPPORTS_DEPTH_FETCH UNITY_SPECCUBE_BLENDING UNITY_SPECCUBE_BOX_PROJECTION UNITY_USE_DITHER_MASK_FOR_ALPHABLENDED_SHADOWS
Disabled keywords: DOTS_INSTANCING_ON HAIR_VERTEX_STATIC INSTANCING_ON PROCEDURAL_INSTANCING_ON SHADER_API_GLES30 SHADER_API_GLES31 SHADER_API_GLES32 UNITY_ASTC_NORMALMAP_ENCODING UNITY_COLORSPACE_GAMMA UNITY_FRAMEBUFFER_FETCH_AVAILABLE UNITY_HARDWARE_TIER1 UNITY_HARDWARE_TIER2 UNITY_HARDWARE_TIER3 UNITY_LIGHTMAP_DLDR_ENCODING UNITY_LIGHTMAP_RGBM_ENCODING UNITY_METAL_SHADOWS_USE_POINT_FILTERING UNITY_NO_DXT5nm UNITY_NO_SCREENSPACE_SHADOWS UNITY_PBS_USE_BRDF2 UNITY_PBS_USE_BRDF3 UNITY_PRETRANSFORM_TO_DISPLAY_ORIENTATION UNITY_UNIFIED_SHADER_PRECISION_MODEL UNITY_VIRTUAL_TEXTURING
Shader error in 'Krag Kings/Native Groom/NativeFurAuthored': syntax error: unexpected token 'point' at Assets/NativeGroom/NativeFurAuthored.shadergraph(3311) (on d3d11)

Compiling Subshader: 0, Pass: SceneSelectionPass, Vertex program with HAIR_VERTEX_LIVE _DOUBLESIDED_ON
Platform defines: SHADER_API_DESKTOP UNITY_ENABLE_DETAIL_NORMALMAP UNITY_ENABLE_REFLECTION_BUFFERS UNITY_LIGHTMAP_FULL_HDR UNITY_LIGHT_PROBE_PROXY_VOLUME UNITY_PBS_USE_BRDF1 UNITY_PLATFORM_SUPPORTS_DEPTH_FETCH UNITY_SPECCUBE_BLENDING UNITY_SPECCUBE_BOX_PROJECTION UNITY_USE_DITHER_MASK_FOR_ALPHABLENDED_SHADOWS
Disabled keywords: DOTS_INSTANCING_ON HAIR_VERTEX_STATIC INSTANCING_ON PROCEDURAL_INSTANCING_ON SHADER_API_GLES30 SHADER_API_GLES31 SHADER_API_GLES32 UNITY_ASTC_NORMALMAP_ENCODING UNITY_COLORSPACE_GAMMA UNITY_FRAMEBUFFER_FETCH_AVAILABLE UNITY_HARDWARE_TIER1 UNITY_HARDWARE_TIER2 UNITY_HARDWARE_TIER3 UNITY_LIGHTMAP_DLDR_ENCODING UNITY_LIGHTMAP_RGBM_ENCODING UNITY_METAL_SHADOWS_USE_POINT_FILTERING UNITY_NO_DXT5nm UNITY_NO_SCREENSPACE_SHADOWS UNITY_PBS_USE_BRDF2 UNITY_PBS_USE_BRDF3 UNITY_PRETRANSFORM_TO_DISPLAY_ORIENTATION UNITY_UNIFIED_SHADER_PRECISION_MODEL UNITY_VIRTUAL_TEXTURING
Shader error in 'Krag Kings/Native Groom/NativeFurAuthored': syntax error: unexpected token 'point' at Assets/NativeGroom/NativeFurAuthored.shadergraph(4306) (on d3d11)

Compiling Subshader: 0, Pass: MotionVectors, Vertex program with HAIR_VERTEX_LIVE _DOUBLESIDED_ON _SURFACE_TYPE_TRANSPARENT
Platform defines: SHADER_API_DESKTOP UNITY_ENABLE_DETAIL_NORMALMAP UNITY_ENABLE_REFLECTION_BUFFERS UNITY_LIGHTMAP_FULL_HDR UNITY_LIGHT_PROBE_PROXY_VOLUME UNITY_PASS_MOTIONVECTORS UNITY_PBS_USE_BRDF1 UNITY_PLATFORM_SUPPORTS_DEPTH_FETCH UNITY_SPECCUBE_BLENDING UNITY_SPECCUBE_BOX_PROJECTION UNITY_USE_DITHER_MASK_FOR_ALPHABLENDED_SHADOWS
Disabled keywords: DOTS_INSTANCING_ON HAIR_VERTEX_STATIC INSTANCING_ON PROCEDURAL_INSTANCING_ON SHADER_API_GLES30 SHADER_API_GLES31 SHADER_API_GLES32 UNITY_ASTC_NORMALMAP_ENCODING UNITY_COLORSPACE_GAMMA UNITY_FRAMEBUFFER_FETCH_AVAILABLE UNITY_HARDWARE_TIER1 UNITY_HARDWARE_TIER2 UNITY_HARDWARE_TIER3 UNITY_LIGHTMAP_DLDR_ENCODING UNITY_LIGHTMAP_RGBM_ENCODING UNITY_METAL_SHADOWS_USE_POINT_FILTERING UNITY_NO_DXT5nm UNITY_NO_SCREENSPACE_SHADOWS UNITY_PBS_USE_BRDF2 UNITY_PBS_USE_BRDF3 UNITY_PRETRANSFORM_TO_DISPLAY_ORIENTATION UNITY_UNIFIED_SHADER_PRECISION_MODEL UNITY_VIRTUAL_TEXTURING _ADD_PRECOMPUTED_VELOCITY _TRANSPARENT_REFRACTIVE_SORT _TRANSPARENT_WRITES_MOTION_VEC
Shader error in 'Krag Kings/Native Groom/NativeFurAuthored': 'floor': no matching 0 parameter intrinsic function; Possible intrinsic functions are: floor(float|half|min10float|min16float) at Assets/NativeGroom/NativeFurAuthored.shadergraph(4307) (on d3d11)

Compiling Subshader: 0, Pass: MotionVectors, Vertex program with HAIR_VERTEX_LIVE _DOUBLESIDED_ON _SURFACE_TYPE_TRANSPARENT
Platform defines: SHADER_API_DESKTOP UNITY_ENABLE_DETAIL_NORMALMAP UNITY_ENABLE_REFLECTION_BUFFERS UNITY_LIGHTMAP_FULL_HDR UNITY_LIGHT_PROBE_PROXY_VOLUME UNITY_PASS_MOTIONVECTORS UNITY_PBS_USE_BRDF1 UNITY_PLATFORM_SUPPORTS_DEPTH_FETCH UNITY_SPECCUBE_BLENDING UNITY_SPECCUBE_BOX_PROJECTION UNITY_USE_DITHER_MASK_FOR_ALPHABLENDED_SHADOWS
Disabled keywords: DOTS_INSTANCING_ON HAIR_VERTEX_STATIC INSTANCING_ON PROCEDURAL_INSTANCING_ON SHADER_API_GLES30 SHADER_API_GLES31 SHADER_API_GLES32 UNITY_ASTC_NORMALMAP_ENCODING UNITY_COLORSPACE_GAMMA UNITY_FRAMEBUFFER_FETCH_AVAILABLE UNITY_HARDWARE_TIER1 UNITY_HARDWARE_TIER2 UNITY_HARDWARE_TIER3 UNITY_LIGHTMAP_DLDR_ENCODING UNITY_LIGHTMAP_RGBM_ENCODING UNITY_METAL_SHADOWS_USE_POINT_FILTERING UNITY_NO_DXT5nm UNITY_NO_SCREENSPACE_SHADOWS UNITY_PBS_USE_BRDF2 UNITY_PBS_USE_BRDF3 UNITY_PRETRANSFORM_TO_DISPLAY_ORIENTATION UNITY_UNIFIED_SHADER_PRECISION_MODEL UNITY_VIRTUAL_TEXTURING _ADD_PRECOMPUTED_VELOCITY _TRANSPARENT_REFRACTIVE_SORT _TRANSPARENT_WRITES_MOTION_VEC
Shader error in 'Krag Kings/Native Groom/NativeFurAuthored': syntax error: unexpected token 'point' at Assets/NativeGroom/NativeFurAuthored.shadergraph(4307) (on d3d11)

Compiling Subshader: 0, Pass: MotionVectors, Vertex program with HAIR_VERTEX_LIVE _DOUBLESIDED_ON _SURFACE_TYPE_TRANSPARENT
Platform defines: SHADER_API_DESKTOP UNITY_ENABLE_DETAIL_NORMALMAP UNITY_ENABLE_REFLECTION_BUFFERS UNITY_LIGHTMAP_FULL_HDR UNITY_LIGHT_PROBE_PROXY_VOLUME UNITY_PASS_MOTIONVECTORS UNITY_PBS_USE_BRDF1 UNITY_PLATFORM_SUPPORTS_DEPTH_FETCH UNITY_SPECCUBE_BLENDING UNITY_SPECCUBE_BOX_PROJECTION UNITY_USE_DITHER_MASK_FOR_ALPHABLENDED_SHADOWS
Disabled keywords: DOTS_INSTANCING_ON HAIR_VERTEX_STATIC INSTANCING_ON PROCEDURAL_INSTANCING_ON SHADER_API_GLES30 SHADER_API_GLES31 SHADER_API_GLES32 UNITY_ASTC_NORMALMAP_ENCODING UNITY_COLORSPACE_GAMMA UNITY_FRAMEBUFFER_FETCH_AVAILABLE UNITY_HARDWARE_TIER1 UNITY_HARDWARE_TIER2 UNITY_HARDWARE_TIER3 UNITY_LIGHTMAP_DLDR_ENCODING UNITY_LIGHTMAP_RGBM_ENCODING UNITY_METAL_SHADOWS_USE_POINT_FILTERING UNITY_NO_DXT5nm UNITY_NO_SCREENSPACE_SHADOWS UNITY_PBS_USE_BRDF2 UNITY_PBS_USE_BRDF3 UNITY_PRETRANSFORM_TO_DISPLAY_ORIENTATION UNITY_UNIFIED_SHADER_PRECISION_MODEL UNITY_VIRTUAL_TEXTURING _ADD_PRECOMPUTED_VELOCITY _TRANSPARENT_REFRACTIVE_SORT _TRANSPARENT_WRITES_MOTION_VEC
Shader error in 'Krag Kings/Native Groom/NativeFurAuthored': syntax error: unexpected token 'point' at Assets/NativeGroom/NativeFurAuthored.shadergraph(5300) (on d3d11)

Compiling Subshader: 0, Pass: TransparentDepthPrepass, Vertex program with HAIR_VERTEX_LIVE _DOUBLESIDED_ON _SURFACE_TYPE_TRANSPARENT
Platform defines: SHADER_API_DESKTOP UNITY_ENABLE_DETAIL_NORMALMAP UNITY_ENABLE_REFLECTION_BUFFERS UNITY_LIGHTMAP_FULL_HDR UNITY_LIGHT_PROBE_PROXY_VOLUME UNITY_PBS_USE_BRDF1 UNITY_PLATFORM_SUPPORTS_DEPTH_FETCH UNITY_SPECCUBE_BLENDING UNITY_SPECCUBE_BOX_PROJECTION UNITY_USE_DITHER_MASK_FOR_ALPHABLENDED_SHADOWS
Disabled keywords: DOTS_INSTANCING_ON HAIR_VERTEX_STATIC INSTANCING_ON PROCEDURAL_INSTANCING_ON SHADER_API_GLES30 SHADER_API_GLES31 SHADER_API_GLES32 UNITY_ASTC_NORMALMAP_ENCODING UNITY_COLORSPACE_GAMMA UNITY_FRAMEBUFFER_FETCH_AVAILABLE UNITY_HARDWARE_TIER1 UNITY_HARDWARE_TIER2 UNITY_HARDWARE_TIER3 UNITY_LIGHTMAP_DLDR_ENCODING UNITY_LIGHTMAP_RGBM_ENCODING UNITY_METAL_SHADOWS_USE_POINT_FILTERING UNITY_NO_DXT5nm UNITY_NO_SCREENSPACE_SHADOWS UNITY_PBS_USE_BRDF2 UNITY_PBS_USE_BRDF3 UNITY_PRETRANSFORM_TO_DISPLAY_ORIENTATION UNITY_UNIFIED_SHADER_PRECISION_MODEL UNITY_VIRTUAL_TEXTURING _TRANSPARENT_REFRACTIVE_SORT _TRANSPARENT_WRITES_MOTION_VEC
Shader error in 'Krag Kings/Native Groom/NativeFurAuthored': 'floor': no matching 0 parameter intrinsic function; Possible intrinsic functions are: floor(float|half|min10float|min16float) at Assets/NativeGroom/NativeFurAuthored.shadergraph(5301) (on d3d11)

Compiling Subshader: 0, Pass: TransparentDepthPrepass, Vertex program with HAIR_VERTEX_LIVE _DOUBLESIDED_ON _SURFACE_TYPE_TRANSPARENT
Platform defines: SHADER_API_DESKTOP UNITY_ENABLE_DETAIL_NORMALMAP UNITY_ENABLE_REFLECTION_BUFFERS UNITY_LIGHTMAP_FULL_HDR UNITY_LIGHT_PROBE_PROXY_VOLUME UNITY_PBS_USE_BRDF1 UNITY_PLATFORM_SUPPORTS_DEPTH_FETCH UNITY_SPECCUBE_BLENDING UNITY_SPECCUBE_BOX_PROJECTION UNITY_USE_DITHER_MASK_FOR_ALPHABLENDED_SHADOWS
Disabled keywords: DOTS_INSTANCING_ON HAIR_VERTEX_STATIC INSTANCING_ON PROCEDURAL_INSTANCING_ON SHADER_API_GLES30 SHADER_API_GLES31 SHADER_API_GLES32 UNITY_ASTC_NORMALMAP_ENCODING UNITY_COLORSPACE_GAMMA UNITY_FRAMEBUFFER_FETCH_AVAILABLE UNITY_HARDWARE_TIER1 UNITY_HARDWARE_TIER2 UNITY_HARDWARE_TIER3 UNITY_LIGHTMAP_DLDR_ENCODING UNITY_LIGHTMAP_RGBM_ENCODING UNITY_METAL_SHADOWS_USE_POINT_FILTERING UNITY_NO_DXT5nm UNITY_NO_SCREENSPACE_SHADOWS UNITY_PBS_USE_BRDF2 UNITY_PBS_USE_BRDF3 UNITY_PRETRANSFORM_TO_DISPLAY_ORIENTATION UNITY_UNIFIED_SHADER_PRECISION_MODEL UNITY_VIRTUAL_TEXTURING _TRANSPARENT_REFRACTIVE_SORT _TRANSPARENT_WRITES_MOTION_VEC
Shader error in 'Krag Kings/Native Groom/NativeFurAuthored': syntax error: unexpected token 'point' at Assets/NativeGroom/NativeFurAuthored.shadergraph(5301) (on d3d11)

Compiling Subshader: 0, Pass: TransparentDepthPrepass, Vertex program with HAIR_VERTEX_LIVE _DOUBLESIDED_ON _SURFACE_TYPE_TRANSPARENT
Platform defines: SHADER_API_DESKTOP UNITY_ENABLE_DETAIL_NORMALMAP UNITY_ENABLE_REFLECTION_BUFFERS UNITY_LIGHTMAP_FULL_HDR UNITY_LIGHT_PROBE_PROXY_VOLUME UNITY_PBS_USE_BRDF1 UNITY_PLATFORM_SUPPORTS_DEPTH_FETCH UNITY_SPECCUBE_BLENDING UNITY_SPECCUBE_BOX_PROJECTION UNITY_USE_DITHER_MASK_FOR_ALPHABLENDED_SHADOWS
Disabled keywords: DOTS_INSTANCING_ON HAIR_VERTEX_STATIC INSTANCING_ON PROCEDURAL_INSTANCING_ON SHADER_API_GLES30 SHADER_API_GLES31 SHADER_API_GLES32 UNITY_ASTC_NORMALMAP_ENCODING UNITY_COLORSPACE_GAMMA UNITY_FRAMEBUFFER_FETCH_AVAILABLE UNITY_HARDWARE_TIER1 UNITY_HARDWARE_TIER2 UNITY_HARDWARE_TIER3 UNITY_LIGHTMAP_DLDR_ENCODING UNITY_LIGHTMAP_RGBM_ENCODING UNITY_METAL_SHADOWS_USE_POINT_FILTERING UNITY_NO_DXT5nm UNITY_NO_SCREENSPACE_SHADOWS UNITY_PBS_USE_BRDF2 UNITY_PBS_USE_BRDF3 UNITY_PRETRANSFORM_TO_DISPLAY_ORIENTATION UNITY_UNIFIED_SHADER_PRECISION_MODEL UNITY_VIRTUAL_TEXTURING _TRANSPARENT_REFRACTIVE_SORT _TRANSPARENT_WRITES_MOTION_VEC
Shader error in 'Krag Kings/Native Groom/NativeFurAuthored': syntax error: unexpected token 'point' at Assets/NativeGroom/NativeFurAuthored.shadergraph(6271) (on d3d11)

Compiling Subshader: 0, Pass: DepthForwardOnly, Vertex program with HAIR_VERTEX_LIVE _DOUBLESIDED_ON
Platform defines: SHADER_API_DESKTOP UNITY_ENABLE_DETAIL_NORMALMAP UNITY_ENABLE_REFLECTION_BUFFERS UNITY_LIGHTMAP_FULL_HDR UNITY_LIGHT_PROBE_PROXY_VOLUME UNITY_PBS_USE_BRDF1 UNITY_PLATFORM_SUPPORTS_DEPTH_FETCH UNITY_SPECCUBE_BLENDING UNITY_SPECCUBE_BOX_PROJECTION UNITY_USE_DITHER_MASK_FOR_ALPHABLENDED_SHADOWS
Disabled keywords: DOTS_INSTANCING_ON HAIR_VERTEX_STATIC INSTANCING_ON PROCEDURAL_INSTANCING_ON SHADER_API_GLES30 SHADER_API_GLES31 SHADER_API_GLES32 UNITY_ASTC_NORMALMAP_ENCODING UNITY_COLORSPACE_GAMMA UNITY_FRAMEBUFFER_FETCH_AVAILABLE UNITY_HARDWARE_TIER1 UNITY_HARDWARE_TIER2 UNITY_HARDWARE_TIER3 UNITY_LIGHTMAP_DLDR_ENCODING UNITY_LIGHTMAP_RGBM_ENCODING UNITY_METAL_SHADOWS_USE_POINT_FILTERING UNITY_NO_DXT5nm UNITY_NO_SCREENSPACE_SHADOWS UNITY_PBS_USE_BRDF2 UNITY_PBS_USE_BRDF3 UNITY_PRETRANSFORM_TO_DISPLAY_ORIENTATION UNITY_UNIFIED_SHADER_PRECISION_MODEL UNITY_VIRTUAL_TEXTURING
Shader error in 'Krag Kings/Native Groom/NativeFurAuthored': 'floor': no matching 0 parameter intrinsic function; Possible intrinsic functions are: floor(float|half|min10float|min16float) at Assets/NativeGroom/NativeFurAuthored.shadergraph(6272) (on d3d11)

Compiling Subshader: 0, Pass: DepthForwardOnly, Vertex program with HAIR_VERTEX_LIVE _DOUBLESIDED_ON
Platform defines: SHADER_API_DESKTOP UNITY_ENABLE_DETAIL_NORMALMAP UNITY_ENABLE_REFLECTION_BUFFERS UNITY_LIGHTMAP_FULL_HDR UNITY_LIGHT_PROBE_PROXY_VOLUME UNITY_PBS_USE_BRDF1 UNITY_PLATFORM_SUPPORTS_DEPTH_FETCH UNITY_SPECCUBE_BLENDING UNITY_SPECCUBE_BOX_PROJECTION UNITY_USE_DITHER_MASK_FOR_ALPHABLENDED_SHADOWS
Disabled keywords: DOTS_INSTANCING_ON HAIR_VERTEX_STATIC INSTANCING_ON PROCEDURAL_INSTANCING_ON SHADER_API_GLES30 SHADER_API_GLES31 SHADER_API_GLES32 UNITY_ASTC_NORMALMAP_ENCODING UNITY_COLORSPACE_GAMMA UNITY_FRAMEBUFFER_FETCH_AVAILABLE UNITY_HARDWARE_TIER1 UNITY_HARDWARE_TIER2 UNITY_HARDWARE_TIER3 UNITY_LIGHTMAP_DLDR_ENCODING UNITY_LIGHTMAP_RGBM_ENCODING UNITY_METAL_SHADOWS_USE_POINT_FILTERING UNITY_NO_DXT5nm UNITY_NO_SCREENSPACE_SHADOWS UNITY_PBS_USE_BRDF2 UNITY_PBS_USE_BRDF3 UNITY_PRETRANSFORM_TO_DISPLAY_ORIENTATION UNITY_UNIFIED_SHADER_PRECISION_MODEL UNITY_VIRTUAL_TEXTURING
Shader error in 'Krag Kings/Native Groom/NativeFurAuthored': syntax error: unexpected token 'point' at Assets/NativeGroom/NativeFurAuthored.shadergraph(6272) (on d3d11)

Compiling Subshader: 0, Pass: DepthForwardOnly, Vertex program with HAIR_VERTEX_LIVE _DOUBLESIDED_ON
Platform defines: SHADER_API_DESKTOP UNITY_ENABLE_DETAIL_NORMALMAP UNITY_ENABLE_REFLECTION_BUFFERS UNITY_LIGHTMAP_FULL_HDR UNITY_LIGHT_PROBE_PROXY_VOLUME UNITY_PBS_USE_BRDF1 UNITY_PLATFORM_SUPPORTS_DEPTH_FETCH UNITY_SPECCUBE_BLENDING UNITY_SPECCUBE_BOX_PROJECTION UNITY_USE_DITHER_MASK_FOR_ALPHABLENDED_SHADOWS
Disabled keywords: DOTS_INSTANCING_ON HAIR_VERTEX_STATIC INSTANCING_ON PROCEDURAL_INSTANCING_ON SHADER_API_GLES30 SHADER_API_GLES31 SHADER_API_GLES32 UNITY_ASTC_NORMALMAP_ENCODING UNITY_COLORSPACE_GAMMA UNITY_FRAMEBUFFER_FETCH_AVAILABLE UNITY_HARDWARE_TIER1 UNITY_HARDWARE_TIER2 UNITY_HARDWARE_TIER3 UNITY_LIGHTMAP_DLDR_ENCODING UNITY_LIGHTMAP_RGBM_ENCODING UNITY_METAL_SHADOWS_USE_POINT_FILTERING UNITY_NO_DXT5nm UNITY_NO_SCREENSPACE_SHADOWS UNITY_PBS_USE_BRDF2 UNITY_PBS_USE_BRDF3 UNITY_PRETRANSFORM_TO_DISPLAY_ORIENTATION UNITY_UNIFIED_SHADER_PRECISION_MODEL UNITY_VIRTUAL_TEXTURING
Shader error in 'Krag Kings/Native Groom/NativeFurAuthored': syntax error: unexpected token 'point' at Assets/NativeGroom/NativeFurAuthored.shadergraph(7316) (on d3d11)

Compiling Subshader: 0, Pass: ForwardOnly, Vertex program with HAIR_VERTEX_LIVE _DOUBLESIDED_ON _SURFACE_TYPE_TRANSPARENT
Platform defines: SHADER_API_DESKTOP UNITY_ENABLE_DETAIL_NORMALMAP UNITY_ENABLE_REFLECTION_BUFFERS UNITY_LIGHTMAP_FULL_HDR UNITY_LIGHT_PROBE_PROXY_VOLUME UNITY_PBS_USE_BRDF1 UNITY_PLATFORM_SUPPORTS_DEPTH_FETCH UNITY_SPECCUBE_BLENDING UNITY_SPECCUBE_BOX_PROJECTION UNITY_USE_DITHER_MASK_FOR_ALPHABLENDED_SHADOWS
Disabled keywords: DEBUG_DISPLAY DIRLIGHTMAP_COMBINED DOTS_INSTANCING_ON DYNAMICLIGHTMAP_ON HAIR_VERTEX_STATIC INSTANCING_ON LIGHTMAP_BICUBIC_SAMPLING LIGHTMAP_ON PROCEDURAL_INSTANCING_ON SHADER_API_GLES30 SHADER_API_GLES31 SHADER_API_GLES32 UNITY_ASTC_NORMALMAP_ENCODING UNITY_COLORSPACE_GAMMA UNITY_FRAMEBUFFER_FETCH_AVAILABLE UNITY_HARDWARE_TIER1 UNITY_HARDWARE_TIER2 UNITY_HARDWARE_TIER3 UNITY_LIGHTMAP_DLDR_ENCODING UNITY_LIGHTMAP_RGBM_ENCODING UNITY_METAL_SHADOWS_USE_POINT_FILTERING UNITY_NO_DXT5nm UNITY_NO_SCREENSPACE_SHADOWS UNITY_PBS_USE_BRDF2 UNITY_PBS_USE_BRDF3 UNITY_PRETRANSFORM_TO_DISPLAY_ORIENTATION UNITY_UNIFIED_SHADER_PRECISION_MODEL UNITY_VIRTUAL_TEXTURING USE_LEGACY_LIGHTMAPS _ADD_PRECOMPUTED_VELOCITY _TRANSPARENT_REFRACTIVE_SORT _TRANSPARENT_WRITES_MOTION_VEC
Shader error in 'Krag Kings/Native Groom/NativeFurAuthored': 'floor': no matching 0 parameter intrinsic function; Possible intrinsic functions are: floor(float|half|min10float|min16float) at Assets/NativeGroom/NativeFurAuthored.shadergraph(7317) (on d3d11)

Compiling Subshader: 0, Pass: ForwardOnly, Vertex program with HAIR_VERTEX_LIVE _DOUBLESIDED_ON _SURFACE_TYPE_TRANSPARENT
Platform defines: SHADER_API_DESKTOP UNITY_ENABLE_DETAIL_NORMALMAP UNITY_ENABLE_REFLECTION_BUFFERS UNITY_LIGHTMAP_FULL_HDR UNITY_LIGHT_PROBE_PROXY_VOLUME UNITY_PBS_USE_BRDF1 UNITY_PLATFORM_SUPPORTS_DEPTH_FETCH UNITY_SPECCUBE_BLENDING UNITY_SPECCUBE_BOX_PROJECTION UNITY_USE_DITHER_MASK_FOR_ALPHABLENDED_SHADOWS
Disabled keywords: DEBUG_DISPLAY DIRLIGHTMAP_COMBINED DOTS_INSTANCING_ON DYNAMICLIGHTMAP_ON HAIR_VERTEX_STATIC INSTANCING_ON LIGHTMAP_BICUBIC_SAMPLING LIGHTMAP_ON PROCEDURAL_INSTANCING_ON SHADER_API_GLES30 SHADER_API_GLES31 SHADER_API_GLES32 UNITY_ASTC_NORMALMAP_ENCODING UNITY_COLORSPACE_GAMMA UNITY_FRAMEBUFFER_FETCH_AVAILABLE UNITY_HARDWARE_TIER1 UNITY_HARDWARE_TIER2 UNITY_HARDWARE_TIER3 UNITY_LIGHTMAP_DLDR_ENCODING UNITY_LIGHTMAP_RGBM_ENCODING UNITY_METAL_SHADOWS_USE_POINT_FILTERING UNITY_NO_DXT5nm UNITY_NO_SCREENSPACE_SHADOWS UNITY_PBS_USE_BRDF2 UNITY_PBS_USE_BRDF3 UNITY_PRETRANSFORM_TO_DISPLAY_ORIENTATION UNITY_UNIFIED_SHADER_PRECISION_MODEL UNITY_VIRTUAL_TEXTURING USE_LEGACY_LIGHTMAPS _ADD_PRECOMPUTED_VELOCITY _TRANSPARENT_REFRACTIVE_SORT _TRANSPARENT_WRITES_MOTION_VEC
Shader error in 'Krag Kings/Native Groom/NativeFurAuthored': syntax error: unexpected token 'point' at Assets/NativeGroom/NativeFurAuthored.shadergraph(7317) (on d3d11)

Compiling Subshader: 0, Pass: ForwardOnly, Vertex program with HAIR_VERTEX_LIVE _DOUBLESIDED_ON _SURFACE_TYPE_TRANSPARENT
Platform defines: SHADER_API_DESKTOP UNITY_ENABLE_DETAIL_NORMALMAP UNITY_ENABLE_REFLECTION_BUFFERS UNITY_LIGHTMAP_FULL_HDR UNITY_LIGHT_PROBE_PROXY_VOLUME UNITY_PBS_USE_BRDF1 UNITY_PLATFORM_SUPPORTS_DEPTH_FETCH UNITY_SPECCUBE_BLENDING UNITY_SPECCUBE_BOX_PROJECTION UNITY_USE_DITHER_MASK_FOR_ALPHABLENDED_SHADOWS
Disabled keywords: DEBUG_DISPLAY DIRLIGHTMAP_COMBINED DOTS_INSTANCING_ON DYNAMICLIGHTMAP_ON HAIR_VERTEX_STATIC INSTANCING_ON LIGHTMAP_BICUBIC_SAMPLING LIGHTMAP_ON PROCEDURAL_INSTANCING_ON SHADER_API_GLES30 SHADER_API_GLES31 SHADER_API_GLES32 UNITY_ASTC_NORMALMAP_ENCODING UNITY_COLORSPACE_GAMMA UNITY_FRAMEBUFFER_FETCH_AVAILABLE UNITY_HARDWARE_TIER1 UNITY_HARDWARE_TIER2 UNITY_HARDWARE_TIER3 UNITY_LIGHTMAP_DLDR_ENCODING UNITY_LIGHTMAP_RGBM_ENCODING UNITY_METAL_SHADOWS_USE_POINT_FILTERING UNITY_NO_DXT5nm UNITY_NO_SCREENSPACE_SHADOWS UNITY_PBS_USE_BRDF2 UNITY_PBS_USE_BRDF3 UNITY_PRETRANSFORM_TO_DISPLAY_ORIENTATION UNITY_UNIFIED_SHADER_PRECISION_MODEL UNITY_VIRTUAL_TEXTURING USE_LEGACY_LIGHTMAPS _ADD_PRECOMPUTED_VELOCITY _TRANSPARENT_REFRACTIVE_SORT _TRANSPARENT_WRITES_MOTION_VEC
Shader error in 'Krag Kings/Native Groom/NativeFurAuthored': expected unqualified-id at Assets/NativeGroom/NativeFurAuthored.shadergraph(8366) (on d3d11)

Compiling Subshader: 0, Pass: LineRenderingOffscreenShading, Vertex program with HAIR_VERTEX_LIVE UNITY_DEVICE_SUPPORTS_NATIVE_16BIT _DOUBLESIDED_ON _SURFACE_TYPE_TRANSPARENT
Platform defines: SHADER_API_DESKTOP UNITY_ENABLE_DETAIL_NORMALMAP UNITY_ENABLE_REFLECTION_BUFFERS UNITY_LIGHTMAP_FULL_HDR UNITY_LIGHT_PROBE_PROXY_VOLUME UNITY_PBS_USE_BRDF1 UNITY_PLATFORM_SUPPORTS_DEPTH_FETCH UNITY_SPECCUBE_BLENDING UNITY_SPECCUBE_BOX_PROJECTION UNITY_USE_DITHER_MASK_FOR_ALPHABLENDED_SHADOWS
Disabled keywords: DEBUG_DISPLAY DIRLIGHTMAP_COMBINED DOTS_INSTANCING_ON DYNAMICLIGHTMAP_ON HAIR_VERTEX_STATIC INSTANCING_ON LIGHTMAP_BICUBIC_SAMPLING LIGHTMAP_ON PROCEDURAL_INSTANCING_ON SHADER_API_GLES30 SHADER_API_GLES31 SHADER_API_GLES32 UNITY_ASTC_NORMALMAP_ENCODING UNITY_COLORSPACE_GAMMA UNITY_FRAMEBUFFER_FETCH_AVAILABLE UNITY_HARDWARE_TIER1 UNITY_HARDWARE_TIER2 UNITY_HARDWARE_TIER3 UNITY_LIGHTMAP_DLDR_ENCODING UNITY_LIGHTMAP_RGBM_ENCODING UNITY_METAL_SHADOWS_USE_POINT_FILTERING UNITY_NO_DXT5nm UNITY_NO_SCREENSPACE_SHADOWS UNITY_PBS_USE_BRDF2 UNITY_PBS_USE_BRDF3 UNITY_PRETRANSFORM_TO_DISPLAY_ORIENTATION UNITY_UNIFIED_SHADER_PRECISION_MODEL UNITY_VIRTUAL_TEXTURING USE_LEGACY_LIGHTMAPS _ADD_PRECOMPUTED_VELOCITY _TRANSPARENT_REFRACTIVE_SORT _TRANSPARENT_WRITES_MOTION_VEC
Shader error in 'Krag Kings/Native Groom/NativeFurAuthored': modifiers must appear before type at Assets/NativeGroom/NativeFurAuthored.shadergraph(8366) (on d3d11)

Compiling Subshader: 0, Pass: LineRenderingOffscreenShading, Vertex program with HAIR_VERTEX_LIVE UNITY_DEVICE_SUPPORTS_NATIVE_16BIT _DOUBLESIDED_ON _SURFACE_TYPE_TRANSPARENT
Platform defines: SHADER_API_DESKTOP UNITY_ENABLE_DETAIL_NORMALMAP UNITY_ENABLE_REFLECTION_BUFFERS UNITY_LIGHTMAP_FULL_HDR UNITY_LIGHT_PROBE_PROXY_VOLUME UNITY_PBS_USE_BRDF1 UNITY_PLATFORM_SUPPORTS_DEPTH_FETCH UNITY_SPECCUBE_BLENDING UNITY_SPECCUBE_BOX_PROJECTION UNITY_USE_DITHER_MASK_FOR_ALPHABLENDED_SHADOWS
Disabled keywords: DEBUG_DISPLAY DIRLIGHTMAP_COMBINED DOTS_INSTANCING_ON DYNAMICLIGHTMAP_ON HAIR_VERTEX_STATIC INSTANCING_ON LIGHTMAP_BICUBIC_SAMPLING LIGHTMAP_ON PROCEDURAL_INSTANCING_ON SHADER_API_GLES30 SHADER_API_GLES31 SHADER_API_GLES32 UNITY_ASTC_NORMALMAP_ENCODING UNITY_COLORSPACE_GAMMA UNITY_FRAMEBUFFER_FETCH_AVAILABLE UNITY_HARDWARE_TIER1 UNITY_HARDWARE_TIER2 UNITY_HARDWARE_TIER3 UNITY_LIGHTMAP_DLDR_ENCODING UNITY_LIGHTMAP_RGBM_ENCODING UNITY_METAL_SHADOWS_USE_POINT_FILTERING UNITY_NO_DXT5nm UNITY_NO_SCREENSPACE_SHADOWS UNITY_PBS_USE_BRDF2 UNITY_PBS_USE_BRDF3 UNITY_PRETRANSFORM_TO_DISPLAY_ORIENTATION UNITY_UNIFIED_SHADER_PRECISION_MODEL UNITY_VIRTUAL_TEXTURING USE_LEGACY_LIGHTMAPS _ADD_PRECOMPUTED_VELOCITY _TRANSPARENT_REFRACTIVE_SORT _TRANSPARENT_WRITES_MOTION_VEC
Shader error in 'Krag Kings/Native Groom/NativeFurAuthored': expected expression at Assets/NativeGroom/NativeFurAuthored.shadergraph(8367) (on d3d11)

Compiling Subshader: 0, Pass: LineRenderingOffscreenShading, Vertex program with HAIR_VERTEX_LIVE UNITY_DEVICE_SUPPORTS_NATIVE_16BIT _DOUBLESIDED_ON _SURFACE_TYPE_TRANSPARENT
Platform defines: SHADER_API_DESKTOP UNITY_ENABLE_DETAIL_NORMALMAP UNITY_ENABLE_REFLECTION_BUFFERS UNITY_LIGHTMAP_FULL_HDR UNITY_LIGHT_PROBE_PROXY_VOLUME UNITY_PBS_USE_BRDF1 UNITY_PLATFORM_SUPPORTS_DEPTH_FETCH UNITY_SPECCUBE_BLENDING UNITY_SPECCUBE_BOX_PROJECTION UNITY_USE_DITHER_MASK_FOR_ALPHABLENDED_SHADOWS
Disabled keywords: DEBUG_DISPLAY DIRLIGHTMAP_COMBINED DOTS_INSTANCING_ON DYNAMICLIGHTMAP_ON HAIR_VERTEX_STATIC INSTANCING_ON LIGHTMAP_BICUBIC_SAMPLING LIGHTMAP_ON PROCEDURAL_INSTANCING_ON SHADER_API_GLES30 SHADER_API_GLES31 SHADER_API_GLES32 UNITY_ASTC_NORMALMAP_ENCODING UNITY_COLORSPACE_GAMMA UNITY_FRAMEBUFFER_FETCH_AVAILABLE UNITY_HARDWARE_TIER1 UNITY_HARDWARE_TIER2 UNITY_HARDWARE_TIER3 UNITY_LIGHTMAP_DLDR_ENCODING UNITY_LIGHTMAP_RGBM_ENCODING UNITY_METAL_SHADOWS_USE_POINT_FILTERING UNITY_NO_DXT5nm UNITY_NO_SCREENSPACE_SHADOWS UNITY_PBS_USE_BRDF2 UNITY_PBS_USE_BRDF3 UNITY_PRETRANSFORM_TO_DISPLAY_ORIENTATION UNITY_UNIFIED_SHADER_PRECISION_MODEL UNITY_VIRTUAL_TEXTURING USE_LEGACY_LIGHTMAPS _ADD_PRECOMPUTED_VELOCITY _TRANSPARENT_REFRACTIVE_SORT _TRANSPARENT_WRITES_MOTION_VEC
Shader error in 'Krag Kings/Native Groom/NativeFurAuthored': expected expression at Assets/NativeGroom/NativeFurAuthored.shadergraph(8369) (on d3d11)

Compiling Subshader: 0, Pass: LineRenderingOffscreenShading, Vertex program with HAIR_VERTEX_LIVE UNITY_DEVICE_SUPPORTS_NATIVE_16BIT _DOUBLESIDED_ON _SURFACE_TYPE_TRANSPARENT
Platform defines: SHADER_API_DESKTOP UNITY_ENABLE_DETAIL_NORMALMAP UNITY_ENABLE_REFLECTION_BUFFERS UNITY_LIGHTMAP_FULL_HDR UNITY_LIGHT_PROBE_PROXY_VOLUME UNITY_PBS_USE_BRDF1 UNITY_PLATFORM_SUPPORTS_DEPTH_FETCH UNITY_SPECCUBE_BLENDING UNITY_SPECCUBE_BOX_PROJECTION UNITY_USE_DITHER_MASK_FOR_ALPHABLENDED_SHADOWS
Disabled keywords: DEBUG_DISPLAY DIRLIGHTMAP_COMBINED DOTS_INSTANCING_ON DYNAMICLIGHTMAP_ON HAIR_VERTEX_STATIC INSTANCING_ON LIGHTMAP_BICUBIC_SAMPLING LIGHTMAP_ON PROCEDURAL_INSTANCING_ON SHADER_API_GLES30 SHADER_API_GLES31 SHADER_API_GLES32 UNITY_ASTC_NORMALMAP_ENCODING UNITY_COLORSPACE_GAMMA UNITY_FRAMEBUFFER_FETCH_AVAILABLE UNITY_HARDWARE_TIER1 UNITY_HARDWARE_TIER2 UNITY_HARDWARE_TIER3 UNITY_LIGHTMAP_DLDR_ENCODING UNITY_LIGHTMAP_RGBM_ENCODING UNITY_METAL_SHADOWS_USE_POINT_FILTERING UNITY_NO_DXT5nm UNITY_NO_SCREENSPACE_SHADOWS UNITY_PBS_USE_BRDF2 UNITY_PBS_USE_BRDF3 UNITY_PRETRANSFORM_TO_DISPLAY_ORIENTATION UNITY_UNIFIED_SHADER_PRECISION_MODEL UNITY_VIRTUAL_TEXTURING USE_LEGACY_LIGHTMAPS _ADD_PRECOMPUTED_VELOCITY _TRANSPARENT_REFRACTIVE_SORT _TRANSPARENT_WRITES_MOTION_VEC
Shader error in 'Krag Kings/Native Groom/NativeFurAuthored': syntax error: unexpected token 'point' at Assets/NativeGroom/NativeFurAuthored.shadergraph(399) (on d3d11)

Compiling Subshader: 0, Pass: ShadowCaster, Vertex program with HAIR_VERTEX_LIVE _DOUBLESIDED_ON
Platform defines: SHADER_API_DESKTOP UNITY_ENABLE_DETAIL_NORMALMAP UNITY_ENABLE_REFLECTION_BUFFERS UNITY_LIGHTMAP_FULL_HDR UNITY_LIGHT_PROBE_PROXY_VOLUME UNITY_PASS_SHADOWCASTER UNITY_PBS_USE_BRDF1 UNITY_PLATFORM_SUPPORTS_DEPTH_FETCH UNITY_SPECCUBE_BLENDING UNITY_SPECCUBE_BOX_PROJECTION UNITY_USE_DITHER_MASK_FOR_ALPHABLENDED_SHADOWS
Disabled keywords: DOTS_INSTANCING_ON HAIR_VERTEX_STATIC INSTANCING_ON PROCEDURAL_INSTANCING_ON SHADER_API_GLES30 SHADER_API_GLES31 SHADER_API_GLES32 UNITY_ASTC_NORMALMAP_ENCODING UNITY_COLORSPACE_GAMMA UNITY_FRAMEBUFFER_FETCH_AVAILABLE UNITY_HARDWARE_TIER1 UNITY_HARDWARE_TIER2 UNITY_HARDWARE_TIER3 UNITY_LIGHTMAP_DLDR_ENCODING UNITY_LIGHTMAP_RGBM_ENCODING UNITY_METAL_SHADOWS_USE_POINT_FILTERING UNITY_NO_DXT5nm UNITY_NO_SCREENSPACE_SHADOWS UNITY_PBS_USE_BRDF2 UNITY_PBS_USE_BRDF3 UNITY_PRETRANSFORM_TO_DISPLAY_ORIENTATION UNITY_UNIFIED_SHADER_PRECISION_MODEL UNITY_VIRTUAL_TEXTURING
Shader error in 'Krag Kings/Native Groom/NativeFurAuthored': 'floor': no matching 0 parameter intrinsic function; Possible intrinsic functions are: floor(float|half|min10float|min16float) at Assets/NativeGroom/NativeFurAuthored.shadergraph(400) (on d3d11)

Compiling Subshader: 0, Pass: ShadowCaster, Vertex program with HAIR_VERTEX_LIVE _DOUBLESIDED_ON
Platform defines: SHADER_API_DESKTOP UNITY_ENABLE_DETAIL_NORMALMAP UNITY_ENABLE_REFLECTION_BUFFERS UNITY_LIGHTMAP_FULL_HDR UNITY_LIGHT_PROBE_PROXY_VOLUME UNITY_PASS_SHADOWCASTER UNITY_PBS_USE_BRDF1 UNITY_PLATFORM_SUPPORTS_DEPTH_FETCH UNITY_SPECCUBE_BLENDING UNITY_SPECCUBE_BOX_PROJECTION UNITY_USE_DITHER_MASK_FOR_ALPHABLENDED_SHADOWS
Disabled keywords: DOTS_INSTANCING_ON HAIR_VERTEX_STATIC INSTANCING_ON PROCEDURAL_INSTANCING_ON SHADER_API_GLES30 SHADER_API_GLES31 SHADER_API_GLES32 UNITY_ASTC_NORMALMAP_ENCODING UNITY_COLORSPACE_GAMMA UNITY_FRAMEBUFFER_FETCH_AVAILABLE UNITY_HARDWARE_TIER1 UNITY_HARDWARE_TIER2 UNITY_HARDWARE_TIER3 UNITY_LIGHTMAP_DLDR_ENCODING UNITY_LIGHTMAP_RGBM_ENCODING UNITY_METAL_SHADOWS_USE_POINT_FILTERING UNITY_NO_DXT5nm UNITY_NO_SCREENSPACE_SHADOWS UNITY_PBS_USE_BRDF2 UNITY_PBS_USE_BRDF3 UNITY_PRETRANSFORM_TO_DISPLAY_ORIENTATION UNITY_UNIFIED_SHADER_PRECISION_MODEL UNITY_VIRTUAL_TEXTURING
Shader error in 'Krag Kings/Native Groom/NativeFurAuthored': syntax error: unexpected token 'point' at Assets/NativeGroom/NativeFurAuthored.shadergraph(400) (on d3d11)

Compiling Subshader: 0, Pass: ShadowCaster, Vertex program with HAIR_VERTEX_LIVE _DOUBLESIDED_ON
Platform defines: SHADER_API_DESKTOP UNITY_ENABLE_DETAIL_NORMALMAP UNITY_ENABLE_REFLECTION_BUFFERS UNITY_LIGHTMAP_FULL_HDR UNITY_LIGHT_PROBE_PROXY_VOLUME UNITY_PASS_SHADOWCASTER UNITY_PBS_USE_BRDF1 UNITY_PLATFORM_SUPPORTS_DEPTH_FETCH UNITY_SPECCUBE_BLENDING UNITY_SPECCUBE_BOX_PROJECTION UNITY_USE_DITHER_MASK_FOR_ALPHABLENDED_SHADOWS
Disabled keywords: DOTS_INSTANCING_ON HAIR_VERTEX_STATIC INSTANCING_ON PROCEDURAL_INSTANCING_ON SHADER_API_GLES30 SHADER_API_GLES31 SHADER_API_GLES32 UNITY_ASTC_NORMALMAP_ENCODING UNITY_COLORSPACE_GAMMA UNITY_FRAMEBUFFER_FETCH_AVAILABLE UNITY_HARDWARE_TIER1 UNITY_HARDWARE_TIER2 UNITY_HARDWARE_TIER3 UNITY_LIGHTMAP_DLDR_ENCODING UNITY_LIGHTMAP_RGBM_ENCODING UNITY_METAL_SHADOWS_USE_POINT_FILTERING UNITY_NO_DXT5nm UNITY_NO_SCREENSPACE_SHADOWS UNITY_PBS_USE_BRDF2 UNITY_PBS_USE_BRDF3 UNITY_PRETRANSFORM_TO_DISPLAY_ORIENTATION UNITY_UNIFIED_SHADER_PRECISION_MODEL UNITY_VIRTUAL_TEXTURING
Shader error in 'Krag Kings/Native Groom/NativeFurAuthored': syntax error: unexpected token 'point' at Assets/NativeGroom/NativeFurAuthored.shadergraph(1375) (on d3d11)

Compiling Subshader: 0, Pass: META, Vertex program with HAIR_VERTEX_LIVE _DOUBLESIDED_ON _SURFACE_TYPE_TRANSPARENT
Platform defines: SHADER_API_DESKTOP UNITY_ENABLE_DETAIL_NORMALMAP UNITY_ENABLE_REFLECTION_BUFFERS UNITY_LIGHTMAP_FULL_HDR UNITY_LIGHT_PROBE_PROXY_VOLUME UNITY_PASS_META UNITY_PBS_USE_BRDF1 UNITY_PLATFORM_SUPPORTS_DEPTH_FETCH UNITY_SPECCUBE_BLENDING UNITY_SPECCUBE_BOX_PROJECTION UNITY_USE_DITHER_MASK_FOR_ALPHABLENDED_SHADOWS
Disabled keywords: DOTS_INSTANCING_ON EDITOR_VISUALIZATION HAIR_VERTEX_STATIC INSTANCING_ON PROCEDURAL_INSTANCING_ON SHADER_API_GLES30 SHADER_API_GLES31 SHADER_API_GLES32 UNITY_ASTC_NORMALMAP_ENCODING UNITY_COLORSPACE_GAMMA UNITY_FRAMEBUFFER_FETCH_AVAILABLE UNITY_HARDWARE_TIER1 UNITY_HARDWARE_TIER2 UNITY_HARDWARE_TIER3 UNITY_LIGHTMAP_DLDR_ENCODING UNITY_LIGHTMAP_RGBM_ENCODING UNITY_METAL_SHADOWS_USE_POINT_FILTERING UNITY_NO_DXT5nm UNITY_NO_SCREENSPACE_SHADOWS UNITY_PBS_USE_BRDF2 UNITY_PBS_USE_BRDF3 UNITY_PRETRANSFORM_TO_DISPLAY_ORIENTATION UNITY_UNIFIED_SHADER_PRECISION_MODEL UNITY_VIRTUAL_TEXTURING
Shader error in 'Krag Kings/Native Groom/NativeFurAuthored': 'floor': no matching 0 parameter intrinsic function; Possible intrinsic functions are: floor(float|half|min10float|min16float) at Assets/NativeGroom/NativeFurAuthored.shadergraph(1376) (on d3d11)

Compiling Subshader: 0, Pass: META, Vertex program with HAIR_VERTEX_LIVE _DOUBLESIDED_ON _SURFACE_TYPE_TRANSPARENT
Platform defines: SHADER_API_DESKTOP UNITY_ENABLE_DETAIL_NORMALMAP UNITY_ENABLE_REFLECTION_BUFFERS UNITY_LIGHTMAP_FULL_HDR UNITY_LIGHT_PROBE_PROXY_VOLUME UNITY_PASS_META UNITY_PBS_USE_BRDF1 UNITY_PLATFORM_SUPPORTS_DEPTH_FETCH UNITY_SPECCUBE_BLENDING UNITY_SPECCUBE_BOX_PROJECTION UNITY_USE_DITHER_MASK_FOR_ALPHABLENDED_SHADOWS
Disabled keywords: DOTS_INSTANCING_ON EDITOR_VISUALIZATION HAIR_VERTEX_STATIC INSTANCING_ON PROCEDURAL_INSTANCING_ON SHADER_API_GLES30 SHADER_API_GLES31 SHADER_API_GLES32 UNITY_ASTC_NORMALMAP_ENCODING UNITY_COLORSPACE_GAMMA UNITY_FRAMEBUFFER_FETCH_AVAILABLE UNITY_HARDWARE_TIER1 UNITY_HARDWARE_TIER2 UNITY_HARDWARE_TIER3 UNITY_LIGHTMAP_DLDR_ENCODING UNITY_LIGHTMAP_RGBM_ENCODING UNITY_METAL_SHADOWS_USE_POINT_FILTERING UNITY_NO_DXT5nm UNITY_NO_SCREENSPACE_SHADOWS UNITY_PBS_USE_BRDF2 UNITY_PBS_USE_BRDF3 UNITY_PRETRANSFORM_TO_DISPLAY_ORIENTATION UNITY_UNIFIED_SHADER_PRECISION_MODEL UNITY_VIRTUAL_TEXTURING
Shader error in 'Krag Kings/Native Groom/NativeFurAuthored': syntax error: unexpected token 'point' at Assets/NativeGroom/NativeFurAuthored.shadergraph(1376) (on d3d11)

Compiling Subshader: 0, Pass: META, Vertex program with HAIR_VERTEX_LIVE _DOUBLESIDED_ON _SURFACE_TYPE_TRANSPARENT
Platform defines: SHADER_API_DESKTOP UNITY_ENABLE_DETAIL_NORMALMAP UNITY_ENABLE_REFLECTION_BUFFERS UNITY_LIGHTMAP_FULL_HDR UNITY_LIGHT_PROBE_PROXY_VOLUME UNITY_PASS_META UNITY_PBS_USE_BRDF1 UNITY_PLATFORM_SUPPORTS_DEPTH_FETCH UNITY_SPECCUBE_BLENDING UNITY_SPECCUBE_BOX_PROJECTION UNITY_USE_DITHER_MASK_FOR_ALPHABLENDED_SHADOWS
Disabled keywords: DOTS_INSTANCING_ON EDITOR_VISUALIZATION HAIR_VERTEX_STATIC INSTANCING_ON PROCEDURAL_INSTANCING_ON SHADER_API_GLES30 SHADER_API_GLES31 SHADER_API_GLES32 UNITY_ASTC_NORMALMAP_ENCODING UNITY_COLORSPACE_GAMMA UNITY_FRAMEBUFFER_FETCH_AVAILABLE UNITY_HARDWARE_TIER1 UNITY_HARDWARE_TIER2 UNITY_HARDWARE_TIER3 UNITY_LIGHTMAP_DLDR_ENCODING UNITY_LIGHTMAP_RGBM_ENCODING UNITY_METAL_SHADOWS_USE_POINT_FILTERING UNITY_NO_DXT5nm UNITY_NO_SCREENSPACE_SHADOWS UNITY_PBS_USE_BRDF2 UNITY_PBS_USE_BRDF3 UNITY_PRETRANSFORM_TO_DISPLAY_ORIENTATION UNITY_UNIFIED_SHADER_PRECISION_MODEL UNITY_VIRTUAL_TEXTURING
Shader error in 'Krag Kings/Native Groom/NativeFurAuthored': syntax error: unexpected token 'point' at Assets/NativeGroom/NativeFurAuthored.shadergraph(2326) (on d3d11)

Compiling Subshader: 0, Pass: ScenePickingPass, Vertex program with HAIR_VERTEX_LIVE _DOUBLESIDED_ON
Platform defines: SHADER_API_DESKTOP UNITY_ENABLE_DETAIL_NORMALMAP UNITY_ENABLE_REFLECTION_BUFFERS UNITY_LIGHTMAP_FULL_HDR UNITY_LIGHT_PROBE_PROXY_VOLUME UNITY_PBS_USE_BRDF1 UNITY_PLATFORM_SUPPORTS_DEPTH_FETCH UNITY_SPECCUBE_BLENDING UNITY_SPECCUBE_BOX_PROJECTION UNITY_USE_DITHER_MASK_FOR_ALPHABLENDED_SHADOWS
Disabled keywords: DOTS_INSTANCING_ON HAIR_VERTEX_STATIC INSTANCING_ON PROCEDURAL_INSTANCING_ON SHADER_API_GLES30 SHADER_API_GLES31 SHADER_API_GLES32 UNITY_ASTC_NORMALMAP_ENCODING UNITY_COLORSPACE_GAMMA UNITY_FRAMEBUFFER_FETCH_AVAILABLE UNITY_HARDWARE_TIER1 UNITY_HARDWARE_TIER2 UNITY_HARDWARE_TIER3 UNITY_LIGHTMAP_DLDR_ENCODING UNITY_LIGHTMAP_RGBM_ENCODING UNITY_METAL_SHADOWS_USE_POINT_FILTERING UNITY_NO_DXT5nm UNITY_NO_SCREENSPACE_SHADOWS UNITY_PBS_USE_BRDF2 UNITY_PBS_USE_BRDF3 UNITY_PRETRANSFORM_TO_DISPLAY_ORIENTATION UNITY_UNIFIED_SHADER_PRECISION_MODEL UNITY_VIRTUAL_TEXTURING
Shader error in 'Krag Kings/Native Groom/NativeFurAuthored': 'floor': no matching 0 parameter intrinsic function; Possible intrinsic functions are: floor(float|half|min10float|min16float) at Assets/NativeGroom/NativeFurAuthored.shadergraph(2327) (on d3d11)

Compiling Subshader: 0, Pass: ScenePickingPass, Vertex program with HAIR_VERTEX_LIVE _DOUBLESIDED_ON
Platform defines: SHADER_API_DESKTOP UNITY_ENABLE_DETAIL_NORMALMAP UNITY_ENABLE_REFLECTION_BUFFERS UNITY_LIGHTMAP_FULL_HDR UNITY_LIGHT_PROBE_PROXY_VOLUME UNITY_PBS_USE_BRDF1 UNITY_PLATFORM_SUPPORTS_DEPTH_FETCH UNITY_SPECCUBE_BLENDING UNITY_SPECCUBE_BOX_PROJECTION UNITY_USE_DITHER_MASK_FOR_ALPHABLENDED_SHADOWS
Disabled keywords: DOTS_INSTANCING_ON HAIR_VERTEX_STATIC INSTANCING_ON PROCEDURAL_INSTANCING_ON SHADER_API_GLES30 SHADER_API_GLES31 SHADER_API_GLES32 UNITY_ASTC_NORMALMAP_ENCODING UNITY_COLORSPACE_GAMMA UNITY_FRAMEBUFFER_FETCH_AVAILABLE UNITY_HARDWARE_TIER1 UNITY_HARDWARE_TIER2 UNITY_HARDWARE_TIER3 UNITY_LIGHTMAP_DLDR_ENCODING UNITY_LIGHTMAP_RGBM_ENCODING UNITY_METAL_SHADOWS_USE_POINT_FILTERING UNITY_NO_DXT5nm UNITY_NO_SCREENSPACE_SHADOWS UNITY_PBS_USE_BRDF2 UNITY_PBS_USE_BRDF3 UNITY_PRETRANSFORM_TO_DISPLAY_ORIENTATION UNITY_UNIFIED_SHADER_PRECISION_MODEL UNITY_VIRTUAL_TEXTURING
Shader error in 'Krag Kings/Native Groom/NativeFurAuthored': syntax error: unexpected token 'point' at Assets/NativeGroom/NativeFurAuthored.shadergraph(2327) (on d3d11)

Compiling Subshader: 0, Pass: ScenePickingPass, Vertex program with HAIR_VERTEX_LIVE _DOUBLESIDED_ON
Platform defines: SHADER_API_DESKTOP UNITY_ENABLE_DETAIL_NORMALMAP UNITY_ENABLE_REFLECTION_BUFFERS UNITY_LIGHTMAP_FULL_HDR UNITY_LIGHT_PROBE_PROXY_VOLUME UNITY_PBS_USE_BRDF1 UNITY_PLATFORM_SUPPORTS_DEPTH_FETCH UNITY_SPECCUBE_BLENDING UNITY_SPECCUBE_BOX_PROJECTION UNITY_USE_DITHER_MASK_FOR_ALPHABLENDED_SHADOWS
Disabled keywords: DOTS_INSTANCING_ON HAIR_VERTEX_STATIC INSTANCING_ON PROCEDURAL_INSTANCING_ON SHADER_API_GLES30 SHADER_API_GLES31 SHADER_API_GLES32 UNITY_ASTC_NORMALMAP_ENCODING UNITY_COLORSPACE_GAMMA UNITY_FRAMEBUFFER_FETCH_AVAILABLE UNITY_HARDWARE_TIER1 UNITY_HARDWARE_TIER2 UNITY_HARDWARE_TIER3 UNITY_LIGHTMAP_DLDR_ENCODING UNITY_LIGHTMAP_RGBM_ENCODING UNITY_METAL_SHADOWS_USE_POINT_FILTERING UNITY_NO_DXT5nm UNITY_NO_SCREENSPACE_SHADOWS UNITY_PBS_USE_BRDF2 UNITY_PBS_USE_BRDF3 UNITY_PRETRANSFORM_TO_DISPLAY_ORIENTATION UNITY_UNIFIED_SHADER_PRECISION_MODEL UNITY_VIRTUAL_TEXTURING
Shader error in 'Krag Kings/Native Groom/NativeFurAuthored': syntax error: unexpected token 'point' at Assets/NativeGroom/NativeFurAuthored.shadergraph(3310) (on d3d11)

Compiling Subshader: 0, Pass: SceneSelectionPass, Vertex program with HAIR_VERTEX_LIVE _DOUBLESIDED_ON
Platform defines: SHADER_API_DESKTOP UNITY_ENABLE_DETAIL_NORMALMAP UNITY_ENABLE_REFLECTION_BUFFERS UNITY_LIGHTMAP_FULL_HDR UNITY_LIGHT_PROBE_PROXY_VOLUME UNITY_PBS_USE_BRDF1 UNITY_PLATFORM_SUPPORTS_DEPTH_FETCH UNITY_SPECCUBE_BLENDING UNITY_SPECCUBE_BOX_PROJECTION UNITY_USE_DITHER_MASK_FOR_ALPHABLENDED_SHADOWS
Disabled keywords: DOTS_INSTANCING_ON HAIR_VERTEX_STATIC INSTANCING_ON PROCEDURAL_INSTANCING_ON SHADER_API_GLES30 SHADER_API_GLES31 SHADER_API_GLES32 UNITY_ASTC_NORMALMAP_ENCODING UNITY_COLORSPACE_GAMMA UNITY_FRAMEBUFFER_FETCH_AVAILABLE UNITY_HARDWARE_TIER1 UNITY_HARDWARE_TIER2 UNITY_HARDWARE_TIER3 UNITY_LIGHTMAP_DLDR_ENCODING UNITY_LIGHTMAP_RGBM_ENCODING UNITY_METAL_SHADOWS_USE_POINT_FILTERING UNITY_NO_DXT5nm UNITY_NO_SCREENSPACE_SHADOWS UNITY_PBS_USE_BRDF2 UNITY_PBS_USE_BRDF3 UNITY_PRETRANSFORM_TO_DISPLAY_ORIENTATION UNITY_UNIFIED_SHADER_PRECISION_MODEL UNITY_VIRTUAL_TEXTURING
Shader error in 'Krag Kings/Native Groom/NativeFurAuthored': 'floor': no matching 0 parameter intrinsic function; Possible intrinsic functions are: floor(float|half|min10float|min16float) at Assets/NativeGroom/NativeFurAuthored.shadergraph(3311) (on d3d11)

Compiling Subshader: 0, Pass: SceneSelectionPass, Vertex program with HAIR_VERTEX_LIVE _DOUBLESIDED_ON
Platform defines: SHADER_API_DESKTOP UNITY_ENABLE_DETAIL_NORMALMAP UNITY_ENABLE_REFLECTION_BUFFERS UNITY_LIGHTMAP_FULL_HDR UNITY_LIGHT_PROBE_PROXY_VOLUME UNITY_PBS_USE_BRDF1 UNITY_PLATFORM_SUPPORTS_DEPTH_FETCH UNITY_SPECCUBE_BLENDING UNITY_SPECCUBE_BOX_PROJECTION UNITY_USE_DITHER_MASK_FOR_ALPHABLENDED_SHADOWS
Disabled keywords: DOTS_INSTANCING_ON HAIR_VERTEX_STATIC INSTANCING_ON PROCEDURAL_INSTANCING_ON SHADER_API_GLES30 SHADER_API_GLES31 SHADER_API_GLES32 UNITY_ASTC_NORMALMAP_ENCODING UNITY_COLORSPACE_GAMMA UNITY_FRAMEBUFFER_FETCH_AVAILABLE UNITY_HARDWARE_TIER1 UNITY_HARDWARE_TIER2 UNITY_HARDWARE_TIER3 UNITY_LIGHTMAP_DLDR_ENCODING UNITY_LIGHTMAP_RGBM_ENCODING UNITY_METAL_SHADOWS_USE_POINT_FILTERING UNITY_NO_DXT5nm UNITY_NO_SCREENSPACE_SHADOWS UNITY_PBS_USE_BRDF2 UNITY_PBS_USE_BRDF3 UNITY_PRETRANSFORM_TO_DISPLAY_ORIENTATION UNITY_UNIFIED_SHADER_PRECISION_MODEL UNITY_VIRTUAL_TEXTURING
Shader error in 'Krag Kings/Native Groom/NativeFurAuthored': syntax error: unexpected token 'point' at Assets/NativeGroom/NativeFurAuthored.shadergraph(3311) (on d3d11)

Compiling Subshader: 0, Pass: SceneSelectionPass, Vertex program with HAIR_VERTEX_LIVE _DOUBLESIDED_ON
Platform defines: SHADER_API_DESKTOP UNITY_ENABLE_DETAIL_NORMALMAP UNITY_ENABLE_REFLECTION_BUFFERS UNITY_LIGHTMAP_FULL_HDR UNITY_LIGHT_PROBE_PROXY_VOLUME UNITY_PBS_USE_BRDF1 UNITY_PLATFORM_SUPPORTS_DEPTH_FETCH UNITY_SPECCUBE_BLENDING UNITY_SPECCUBE_BOX_PROJECTION UNITY_USE_DITHER_MASK_FOR_ALPHABLENDED_SHADOWS
Disabled keywords: DOTS_INSTANCING_ON HAIR_VERTEX_STATIC INSTANCING_ON PROCEDURAL_INSTANCING_ON SHADER_API_GLES30 SHADER_API_GLES31 SHADER_API_GLES32 UNITY_ASTC_NORMALMAP_ENCODING UNITY_COLORSPACE_GAMMA UNITY_FRAMEBUFFER_FETCH_AVAILABLE UNITY_HARDWARE_TIER1 UNITY_HARDWARE_TIER2 UNITY_HARDWARE_TIER3 UNITY_LIGHTMAP_DLDR_ENCODING UNITY_LIGHTMAP_RGBM_ENCODING UNITY_METAL_SHADOWS_USE_POINT_FILTERING UNITY_NO_DXT5nm UNITY_NO_SCREENSPACE_SHADOWS UNITY_PBS_USE_BRDF2 UNITY_PBS_USE_BRDF3 UNITY_PRETRANSFORM_TO_DISPLAY_ORIENTATION UNITY_UNIFIED_SHADER_PRECISION_MODEL UNITY_VIRTUAL_TEXTURING
Shader error in 'Krag Kings/Native Groom/NativeFurAuthored': syntax error: unexpected token 'point' at Assets/NativeGroom/NativeFurAuthored.shadergraph(4306) (on d3d11)

Compiling Subshader: 0, Pass: MotionVectors, Vertex program with HAIR_VERTEX_LIVE _DOUBLESIDED_ON _SURFACE_TYPE_TRANSPARENT
Platform defines: SHADER_API_DESKTOP UNITY_ENABLE_DETAIL_NORMALMAP UNITY_ENABLE_REFLECTION_BUFFERS UNITY_LIGHTMAP_FULL_HDR UNITY_LIGHT_PROBE_PROXY_VOLUME UNITY_PASS_MOTIONVECTORS UNITY_PBS_USE_BRDF1 UNITY_PLATFORM_SUPPORTS_DEPTH_FETCH UNITY_SPECCUBE_BLENDING UNITY_SPECCUBE_BOX_PROJECTION UNITY_USE_DITHER_MASK_FOR_ALPHABLENDED_SHADOWS
Disabled keywords: DOTS_INSTANCING_ON HAIR_VERTEX_STATIC INSTANCING_ON PROCEDURAL_INSTANCING_ON SHADER_API_GLES30 SHADER_API_GLES31 SHADER_API_GLES32 UNITY_ASTC_NORMALMAP_ENCODING UNITY_COLORSPACE_GAMMA UNITY_FRAMEBUFFER_FETCH_AVAILABLE UNITY_HARDWARE_TIER1 UNITY_HARDWARE_TIER2 UNITY_HARDWARE_TIER3 UNITY_LIGHTMAP_DLDR_ENCODING UNITY_LIGHTMAP_RGBM_ENCODING UNITY_METAL_SHADOWS_USE_POINT_FILTERING UNITY_NO_DXT5nm UNITY_NO_SCREENSPACE_SHADOWS UNITY_PBS_USE_BRDF2 UNITY_PBS_USE_BRDF3 UNITY_PRETRANSFORM_TO_DISPLAY_ORIENTATION UNITY_UNIFIED_SHADER_PRECISION_MODEL UNITY_VIRTUAL_TEXTURING _ADD_PRECOMPUTED_VELOCITY _TRANSPARENT_REFRACTIVE_SORT _TRANSPARENT_WRITES_MOTION_VEC
Shader error in 'Krag Kings/Native Groom/NativeFurAuthored': 'floor': no matching 0 parameter intrinsic function; Possible intrinsic functions are: floor(float|half|min10float|min16float) at Assets/NativeGroom/NativeFurAuthored.shadergraph(4307) (on d3d11)

Compiling Subshader: 0, Pass: MotionVectors, Vertex program with HAIR_VERTEX_LIVE _DOUBLESIDED_ON _SURFACE_TYPE_TRANSPARENT
Platform defines: SHADER_API_DESKTOP UNITY_ENABLE_DETAIL_NORMALMAP UNITY_ENABLE_REFLECTION_BUFFERS UNITY_LIGHTMAP_FULL_HDR UNITY_LIGHT_PROBE_PROXY_VOLUME UNITY_PASS_MOTIONVECTORS UNITY_PBS_USE_BRDF1 UNITY_PLATFORM_SUPPORTS_DEPTH_FETCH UNITY_SPECCUBE_BLENDING UNITY_SPECCUBE_BOX_PROJECTION UNITY_USE_DITHER_MASK_FOR_ALPHABLENDED_SHADOWS
Disabled keywords: DOTS_INSTANCING_ON HAIR_VERTEX_STATIC INSTANCING_ON PROCEDURAL_INSTANCING_ON SHADER_API_GLES30 SHADER_API_GLES31 SHADER_API_GLES32 UNITY_ASTC_NORMALMAP_ENCODING UNITY_COLORSPACE_GAMMA UNITY_FRAMEBUFFER_FETCH_AVAILABLE UNITY_HARDWARE_TIER1 UNITY_HARDWARE_TIER2 UNITY_HARDWARE_TIER3 UNITY_LIGHTMAP_DLDR_ENCODING UNITY_LIGHTMAP_RGBM_ENCODING UNITY_METAL_SHADOWS_USE_POINT_FILTERING UNITY_NO_DXT5nm UNITY_NO_SCREENSPACE_SHADOWS UNITY_PBS_USE_BRDF2 UNITY_PBS_USE_BRDF3 UNITY_PRETRANSFORM_TO_DISPLAY_ORIENTATION UNITY_UNIFIED_SHADER_PRECISION_MODEL UNITY_VIRTUAL_TEXTURING _ADD_PRECOMPUTED_VELOCITY _TRANSPARENT_REFRACTIVE_SORT _TRANSPARENT_WRITES_MOTION_VEC
Shader error in 'Krag Kings/Native Groom/NativeFurAuthored': syntax error: unexpected token 'point' at Assets/NativeGroom/NativeFurAuthored.shadergraph(4307) (on d3d11)

Compiling Subshader: 0, Pass: MotionVectors, Vertex program with HAIR_VERTEX_LIVE _DOUBLESIDED_ON _SURFACE_TYPE_TRANSPARENT
Platform defines: SHADER_API_DESKTOP UNITY_ENABLE_DETAIL_NORMALMAP UNITY_ENABLE_REFLECTION_BUFFERS UNITY_LIGHTMAP_FULL_HDR UNITY_LIGHT_PROBE_PROXY_VOLUME UNITY_PASS_MOTIONVECTORS UNITY_PBS_USE_BRDF1 UNITY_PLATFORM_SUPPORTS_DEPTH_FETCH UNITY_SPECCUBE_BLENDING UNITY_SPECCUBE_BOX_PROJECTION UNITY_USE_DITHER_MASK_FOR_ALPHABLENDED_SHADOWS
Disabled keywords: DOTS_INSTANCING_ON HAIR_VERTEX_STATIC INSTANCING_ON PROCEDURAL_INSTANCING_ON SHADER_API_GLES30 SHADER_API_GLES31 SHADER_API_GLES32 UNITY_ASTC_NORMALMAP_ENCODING UNITY_COLORSPACE_GAMMA UNITY_FRAMEBUFFER_FETCH_AVAILABLE UNITY_HARDWARE_TIER1 UNITY_HARDWARE_TIER2 UNITY_HARDWARE_TIER3 UNITY_LIGHTMAP_DLDR_ENCODING UNITY_LIGHTMAP_RGBM_ENCODING UNITY_METAL_SHADOWS_USE_POINT_FILTERING UNITY_NO_DXT5nm UNITY_NO_SCREENSPACE_SHADOWS UNITY_PBS_USE_BRDF2 UNITY_PBS_USE_BRDF3 UNITY_PRETRANSFORM_TO_DISPLAY_ORIENTATION UNITY_UNIFIED_SHADER_PRECISION_MODEL UNITY_VIRTUAL_TEXTURING _ADD_PRECOMPUTED_VELOCITY _TRANSPARENT_REFRACTIVE_SORT _TRANSPARENT_WRITES_MOTION_VEC
Shader error in 'Krag Kings/Native Groom/NativeFurAuthored': syntax error: unexpected token 'point' at Assets/NativeGroom/NativeFurAuthored.shadergraph(5300) (on d3d11)

Compiling Subshader: 0, Pass: TransparentDepthPrepass, Vertex program with HAIR_VERTEX_LIVE _DOUBLESIDED_ON _SURFACE_TYPE_TRANSPARENT
Platform defines: SHADER_API_DESKTOP UNITY_ENABLE_DETAIL_NORMALMAP UNITY_ENABLE_REFLECTION_BUFFERS UNITY_LIGHTMAP_FULL_HDR UNITY_LIGHT_PROBE_PROXY_VOLUME UNITY_PBS_USE_BRDF1 UNITY_PLATFORM_SUPPORTS_DEPTH_FETCH UNITY_SPECCUBE_BLENDING UNITY_SPECCUBE_BOX_PROJECTION UNITY_USE_DITHER_MASK_FOR_ALPHABLENDED_SHADOWS
Disabled keywords: DOTS_INSTANCING_ON HAIR_VERTEX_STATIC INSTANCING_ON PROCEDURAL_INSTANCING_ON SHADER_API_GLES30 SHADER_API_GLES31 SHADER_API_GLES32 UNITY_ASTC_NORMALMAP_ENCODING UNITY_COLORSPACE_GAMMA UNITY_FRAMEBUFFER_FETCH_AVAILABLE UNITY_HARDWARE_TIER1 UNITY_HARDWARE_TIER2 UNITY_HARDWARE_TIER3 UNITY_LIGHTMAP_DLDR_ENCODING UNITY_LIGHTMAP_RGBM_ENCODING UNITY_METAL_SHADOWS_USE_POINT_FILTERING UNITY_NO_DXT5nm UNITY_NO_SCREENSPACE_SHADOWS UNITY_PBS_USE_BRDF2 UNITY_PBS_USE_BRDF3 UNITY_PRETRANSFORM_TO_DISPLAY_ORIENTATION UNITY_UNIFIED_SHADER_PRECISION_MODEL UNITY_VIRTUAL_TEXTURING _TRANSPARENT_REFRACTIVE_SORT _TRANSPARENT_WRITES_MOTION_VEC
Shader error in 'Krag Kings/Native Groom/NativeFurAuthored': 'floor': no matching 0 parameter intrinsic function; Possible intrinsic functions are: floor(float|half|min10float|min16float) at Assets/NativeGroom/NativeFurAuthored.shadergraph(5301) (on d3d11)

Compiling Subshader: 0, Pass: TransparentDepthPrepass, Vertex program with HAIR_VERTEX_LIVE _DOUBLESIDED_ON _SURFACE_TYPE_TRANSPARENT
Platform defines: SHADER_API_DESKTOP UNITY_ENABLE_DETAIL_NORMALMAP UNITY_ENABLE_REFLECTION_BUFFERS UNITY_LIGHTMAP_FULL_HDR UNITY_LIGHT_PROBE_PROXY_VOLUME UNITY_PBS_USE_BRDF1 UNITY_PLATFORM_SUPPORTS_DEPTH_FETCH UNITY_SPECCUBE_BLENDING UNITY_SPECCUBE_BOX_PROJECTION UNITY_USE_DITHER_MASK_FOR_ALPHABLENDED_SHADOWS
Disabled keywords: DOTS_INSTANCING_ON HAIR_VERTEX_STATIC INSTANCING_ON PROCEDURAL_INSTANCING_ON SHADER_API_GLES30 SHADER_API_GLES31 SHADER_API_GLES32 UNITY_ASTC_NORMALMAP_ENCODING UNITY_COLORSPACE_GAMMA UNITY_FRAMEBUFFER_FETCH_AVAILABLE UNITY_HARDWARE_TIER1 UNITY_HARDWARE_TIER2 UNITY_HARDWARE_TIER3 UNITY_LIGHTMAP_DLDR_ENCODING UNITY_LIGHTMAP_RGBM_ENCODING UNITY_METAL_SHADOWS_USE_POINT_FILTERING UNITY_NO_DXT5nm UNITY_NO_SCREENSPACE_SHADOWS UNITY_PBS_USE_BRDF2 UNITY_PBS_USE_BRDF3 UNITY_PRETRANSFORM_TO_DISPLAY_ORIENTATION UNITY_UNIFIED_SHADER_PRECISION_MODEL UNITY_VIRTUAL_TEXTURING _TRANSPARENT_REFRACTIVE_SORT _TRANSPARENT_WRITES_MOTION_VEC
Shader error in 'Krag Kings/Native Groom/NativeFurAuthored': syntax error: unexpected token 'point' at Assets/NativeGroom/NativeFurAuthored.shadergraph(5301) (on d3d11)

Compiling Subshader: 0, Pass: TransparentDepthPrepass, Vertex program with HAIR_VERTEX_LIVE _DOUBLESIDED_ON _SURFACE_TYPE_TRANSPARENT
Platform defines: SHADER_API_DESKTOP UNITY_ENABLE_DETAIL_NORMALMAP UNITY_ENABLE_REFLECTION_BUFFERS UNITY_LIGHTMAP_FULL_HDR UNITY_LIGHT_PROBE_PROXY_VOLUME UNITY_PBS_USE_BRDF1 UNITY_PLATFORM_SUPPORTS_DEPTH_FETCH UNITY_SPECCUBE_BLENDING UNITY_SPECCUBE_BOX_PROJECTION UNITY_USE_DITHER_MASK_FOR_ALPHABLENDED_SHADOWS
Disabled keywords: DOTS_INSTANCING_ON HAIR_VERTEX_STATIC INSTANCING_ON PROCEDURAL_INSTANCING_ON SHADER_API_GLES30 SHADER_API_GLES31 SHADER_API_GLES32 UNITY_ASTC_NORMALMAP_ENCODING UNITY_COLORSPACE_GAMMA UNITY_FRAMEBUFFER_FETCH_AVAILABLE UNITY_HARDWARE_TIER1 UNITY_HARDWARE_TIER2 UNITY_HARDWARE_TIER3 UNITY_LIGHTMAP_DLDR_ENCODING UNITY_LIGHTMAP_RGBM_ENCODING UNITY_METAL_SHADOWS_USE_POINT_FILTERING UNITY_NO_DXT5nm UNITY_NO_SCREENSPACE_SHADOWS UNITY_PBS_USE_BRDF2 UNITY_PBS_USE_BRDF3 UNITY_PRETRANSFORM_TO_DISPLAY_ORIENTATION UNITY_UNIFIED_SHADER_PRECISION_MODEL UNITY_VIRTUAL_TEXTURING _TRANSPARENT_REFRACTIVE_SORT _TRANSPARENT_WRITES_MOTION_VEC
Shader error in 'Krag Kings/Native Groom/NativeFurAuthored': syntax error: unexpected token 'point' at Assets/NativeGroom/NativeFurAuthored.shadergraph(6271) (on d3d11)

Compiling Subshader: 0, Pass: DepthForwardOnly, Vertex program with HAIR_VERTEX_LIVE _DOUBLESIDED_ON
Platform defines: SHADER_API_DESKTOP UNITY_ENABLE_DETAIL_NORMALMAP UNITY_ENABLE_REFLECTION_BUFFERS UNITY_LIGHTMAP_FULL_HDR UNITY_LIGHT_PROBE_PROXY_VOLUME UNITY_PBS_USE_BRDF1 UNITY_PLATFORM_SUPPORTS_DEPTH_FETCH UNITY_SPECCUBE_BLENDING UNITY_SPECCUBE_BOX_PROJECTION UNITY_USE_DITHER_MASK_FOR_ALPHABLENDED_SHADOWS
Disabled keywords: DOTS_INSTANCING_ON HAIR_VERTEX_STATIC INSTANCING_ON PROCEDURAL_INSTANCING_ON SHADER_API_GLES30 SHADER_API_GLES31 SHADER_API_GLES32 UNITY_ASTC_NORMALMAP_ENCODING UNITY_COLORSPACE_GAMMA UNITY_FRAMEBUFFER_FETCH_AVAILABLE UNITY_HARDWARE_TIER1 UNITY_HARDWARE_TIER2 UNITY_HARDWARE_TIER3 UNITY_LIGHTMAP_DLDR_ENCODING UNITY_LIGHTMAP_RGBM_ENCODING UNITY_METAL_SHADOWS_USE_POINT_FILTERING UNITY_NO_DXT5nm UNITY_NO_SCREENSPACE_SHADOWS UNITY_PBS_USE_BRDF2 UNITY_PBS_USE_BRDF3 UNITY_PRETRANSFORM_TO_DISPLAY_ORIENTATION UNITY_UNIFIED_SHADER_PRECISION_MODEL UNITY_VIRTUAL_TEXTURING
Shader error in 'Krag Kings/Native Groom/NativeFurAuthored': 'floor': no matching 0 parameter intrinsic function; Possible intrinsic functions are: floor(float|half|min10float|min16float) at Assets/NativeGroom/NativeFurAuthored.shadergraph(6272) (on d3d11)

Compiling Subshader: 0, Pass: DepthForwardOnly, Vertex program with HAIR_VERTEX_LIVE _DOUBLESIDED_ON
Platform defines: SHADER_API_DESKTOP UNITY_ENABLE_DETAIL_NORMALMAP UNITY_ENABLE_REFLECTION_BUFFERS UNITY_LIGHTMAP_FULL_HDR UNITY_LIGHT_PROBE_PROXY_VOLUME UNITY_PBS_USE_BRDF1 UNITY_PLATFORM_SUPPORTS_DEPTH_FETCH UNITY_SPECCUBE_BLENDING UNITY_SPECCUBE_BOX_PROJECTION UNITY_USE_DITHER_MASK_FOR_ALPHABLENDED_SHADOWS
Disabled keywords: DOTS_INSTANCING_ON HAIR_VERTEX_STATIC INSTANCING_ON PROCEDURAL_INSTANCING_ON SHADER_API_GLES30 SHADER_API_GLES31 SHADER_API_GLES32 UNITY_ASTC_NORMALMAP_ENCODING UNITY_COLORSPACE_GAMMA UNITY_FRAMEBUFFER_FETCH_AVAILABLE UNITY_HARDWARE_TIER1 UNITY_HARDWARE_TIER2 UNITY_HARDWARE_TIER3 UNITY_LIGHTMAP_DLDR_ENCODING UNITY_LIGHTMAP_RGBM_ENCODING UNITY_METAL_SHADOWS_USE_POINT_FILTERING UNITY_NO_DXT5nm UNITY_NO_SCREENSPACE_SHADOWS UNITY_PBS_USE_BRDF2 UNITY_PBS_USE_BRDF3 UNITY_PRETRANSFORM_TO_DISPLAY_ORIENTATION UNITY_UNIFIED_SHADER_PRECISION_MODEL UNITY_VIRTUAL_TEXTURING
Shader error in 'Krag Kings/Native Groom/NativeFurAuthored': syntax error: unexpected token 'point' at Assets/NativeGroom/NativeFurAuthored.shadergraph(6272) (on d3d11)

Compiling Subshader: 0, Pass: DepthForwardOnly, Vertex program with HAIR_VERTEX_LIVE _DOUBLESIDED_ON
Platform defines: SHADER_API_DESKTOP UNITY_ENABLE_DETAIL_NORMALMAP UNITY_ENABLE_REFLECTION_BUFFERS UNITY_LIGHTMAP_FULL_HDR UNITY_LIGHT_PROBE_PROXY_VOLUME UNITY_PBS_USE_BRDF1 UNITY_PLATFORM_SUPPORTS_DEPTH_FETCH UNITY_SPECCUBE_BLENDING UNITY_SPECCUBE_BOX_PROJECTION UNITY_USE_DITHER_MASK_FOR_ALPHABLENDED_SHADOWS
Disabled keywords: DOTS_INSTANCING_ON HAIR_VERTEX_STATIC INSTANCING_ON PROCEDURAL_INSTANCING_ON SHADER_API_GLES30 SHADER_API_GLES31 SHADER_API_GLES32 UNITY_ASTC_NORMALMAP_ENCODING UNITY_COLORSPACE_GAMMA UNITY_FRAMEBUFFER_FETCH_AVAILABLE UNITY_HARDWARE_TIER1 UNITY_HARDWARE_TIER2 UNITY_HARDWARE_TIER3 UNITY_LIGHTMAP_DLDR_ENCODING UNITY_LIGHTMAP_RGBM_ENCODING UNITY_METAL_SHADOWS_USE_POINT_FILTERING UNITY_NO_DXT5nm UNITY_NO_SCREENSPACE_SHADOWS UNITY_PBS_USE_BRDF2 UNITY_PBS_USE_BRDF3 UNITY_PRETRANSFORM_TO_DISPLAY_ORIENTATION UNITY_UNIFIED_SHADER_PRECISION_MODEL UNITY_VIRTUAL_TEXTURING
Shader error in 'Krag Kings/Native Groom/NativeFurAuthored': syntax error: unexpected token 'point' at Assets/NativeGroom/NativeFurAuthored.shadergraph(7316) (on d3d11)

Compiling Subshader: 0, Pass: ForwardOnly, Vertex program with HAIR_VERTEX_LIVE _DOUBLESIDED_ON _SURFACE_TYPE_TRANSPARENT
Platform defines: SHADER_API_DESKTOP UNITY_ENABLE_DETAIL_NORMALMAP UNITY_ENABLE_REFLECTION_BUFFERS UNITY_LIGHTMAP_FULL_HDR UNITY_LIGHT_PROBE_PROXY_VOLUME UNITY_PBS_USE_BRDF1 UNITY_PLATFORM_SUPPORTS_DEPTH_FETCH UNITY_SPECCUBE_BLENDING UNITY_SPECCUBE_BOX_PROJECTION UNITY_USE_DITHER_MASK_FOR_ALPHABLENDED_SHADOWS
Disabled keywords: DEBUG_DISPLAY DIRLIGHTMAP_COMBINED DOTS_INSTANCING_ON DYNAMICLIGHTMAP_ON HAIR_VERTEX_STATIC INSTANCING_ON LIGHTMAP_BICUBIC_SAMPLING LIGHTMAP_ON PROCEDURAL_INSTANCING_ON SHADER_API_GLES30 SHADER_API_GLES31 SHADER_API_GLES32 UNITY_ASTC_NORMALMAP_ENCODING UNITY_COLORSPACE_GAMMA UNITY_FRAMEBUFFER_FETCH_AVAILABLE UNITY_HARDWARE_TIER1 UNITY_HARDWARE_TIER2 UNITY_HARDWARE_TIER3 UNITY_LIGHTMAP_DLDR_ENCODING UNITY_LIGHTMAP_RGBM_ENCODING UNITY_METAL_SHADOWS_USE_POINT_FILTERING UNITY_NO_DXT5nm UNITY_NO_SCREENSPACE_SHADOWS UNITY_PBS_USE_BRDF2 UNITY_PBS_USE_BRDF3 UNITY_PRETRANSFORM_TO_DISPLAY_ORIENTATION UNITY_UNIFIED_SHADER_PRECISION_MODEL UNITY_VIRTUAL_TEXTURING USE_LEGACY_LIGHTMAPS _ADD_PRECOMPUTED_VELOCITY _TRANSPARENT_REFRACTIVE_SORT _TRANSPARENT_WRITES_MOTION_VEC
Shader error in 'Krag Kings/Native Groom/NativeFurAuthored': 'floor': no matching 0 parameter intrinsic function; Possible intrinsic functions are: floor(float|half|min10float|min16float) at Assets/NativeGroom/NativeFurAuthored.shadergraph(7317) (on d3d11)

Compiling Subshader: 0, Pass: ForwardOnly, Vertex program with HAIR_VERTEX_LIVE _DOUBLESIDED_ON _SURFACE_TYPE_TRANSPARENT
Platform defines: SHADER_API_DESKTOP UNITY_ENABLE_DETAIL_NORMALMAP UNITY_ENABLE_REFLECTION_BUFFERS UNITY_LIGHTMAP_FULL_HDR UNITY_LIGHT_PROBE_PROXY_VOLUME UNITY_PBS_USE_BRDF1 UNITY_PLATFORM_SUPPORTS_DEPTH_FETCH UNITY_SPECCUBE_BLENDING UNITY_SPECCUBE_BOX_PROJECTION UNITY_USE_DITHER_MASK_FOR_ALPHABLENDED_SHADOWS
Disabled keywords: DEBUG_DISPLAY DIRLIGHTMAP_COMBINED DOTS_INSTANCING_ON DYNAMICLIGHTMAP_ON HAIR_VERTEX_STATIC INSTANCING_ON LIGHTMAP_BICUBIC_SAMPLING LIGHTMAP_ON PROCEDURAL_INSTANCING_ON SHADER_API_GLES30 SHADER_API_GLES31 SHADER_API_GLES32 UNITY_ASTC_NORMALMAP_ENCODING UNITY_COLORSPACE_GAMMA UNITY_FRAMEBUFFER_FETCH_AVAILABLE UNITY_HARDWARE_TIER1 UNITY_HARDWARE_TIER2 UNITY_HARDWARE_TIER3 UNITY_LIGHTMAP_DLDR_ENCODING UNITY_LIGHTMAP_RGBM_ENCODING UNITY_METAL_SHADOWS_USE_POINT_FILTERING UNITY_NO_DXT5nm UNITY_NO_SCREENSPACE_SHADOWS UNITY_PBS_USE_BRDF2 UNITY_PBS_USE_BRDF3 UNITY_PRETRANSFORM_TO_DISPLAY_ORIENTATION UNITY_UNIFIED_SHADER_PRECISION_MODEL UNITY_VIRTUAL_TEXTURING USE_LEGACY_LIGHTMAPS _ADD_PRECOMPUTED_VELOCITY _TRANSPARENT_REFRACTIVE_SORT _TRANSPARENT_WRITES_MOTION_VEC
Shader error in 'Krag Kings/Native Groom/NativeFurAuthored': syntax error: unexpected token 'point' at Assets/NativeGroom/NativeFurAuthored.shadergraph(7317) (on d3d11)

Compiling Subshader: 0, Pass: ForwardOnly, Vertex program with HAIR_VERTEX_LIVE _DOUBLESIDED_ON _SURFACE_TYPE_TRANSPARENT
Platform defines: SHADER_API_DESKTOP UNITY_ENABLE_DETAIL_NORMALMAP UNITY_ENABLE_REFLECTION_BUFFERS UNITY_LIGHTMAP_FULL_HDR UNITY_LIGHT_PROBE_PROXY_VOLUME UNITY_PBS_USE_BRDF1 UNITY_PLATFORM_SUPPORTS_DEPTH_FETCH UNITY_SPECCUBE_BLENDING UNITY_SPECCUBE_BOX_PROJECTION UNITY_USE_DITHER_MASK_FOR_ALPHABLENDED_SHADOWS
Disabled keywords: DEBUG_DISPLAY DIRLIGHTMAP_COMBINED DOTS_INSTANCING_ON DYNAMICLIGHTMAP_ON HAIR_VERTEX_STATIC INSTANCING_ON LIGHTMAP_BICUBIC_SAMPLING LIGHTMAP_ON PROCEDURAL_INSTANCING_ON SHADER_API_GLES30 SHADER_API_GLES31 SHADER_API_GLES32 UNITY_ASTC_NORMALMAP_ENCODING UNITY_COLORSPACE_GAMMA UNITY_FRAMEBUFFER_FETCH_AVAILABLE UNITY_HARDWARE_TIER1 UNITY_HARDWARE_TIER2 UNITY_HARDWARE_TIER3 UNITY_LIGHTMAP_DLDR_ENCODING UNITY_LIGHTMAP_RGBM_ENCODING UNITY_METAL_SHADOWS_USE_POINT_FILTERING UNITY_NO_DXT5nm UNITY_NO_SCREENSPACE_SHADOWS UNITY_PBS_USE_BRDF2 UNITY_PBS_USE_BRDF3 UNITY_PRETRANSFORM_TO_DISPLAY_ORIENTATION UNITY_UNIFIED_SHADER_PRECISION_MODEL UNITY_VIRTUAL_TEXTURING USE_LEGACY_LIGHTMAPS _ADD_PRECOMPUTED_VELOCITY _TRANSPARENT_REFRACTIVE_SORT _TRANSPARENT_WRITES_MOTION_VEC
Shader error in 'Krag Kings/Native Groom/NativeFurAuthored': expected unqualified-id at Assets/NativeGroom/NativeFurAuthored.shadergraph(8366) (on d3d11)

Compiling Subshader: 0, Pass: LineRenderingOffscreenShading, Vertex program with HAIR_VERTEX_LIVE UNITY_DEVICE_SUPPORTS_NATIVE_16BIT _DOUBLESIDED_ON _SURFACE_TYPE_TRANSPARENT
Platform defines: SHADER_API_DESKTOP UNITY_ENABLE_DETAIL_NORMALMAP UNITY_ENABLE_REFLECTION_BUFFERS UNITY_LIGHTMAP_FULL_HDR UNITY_LIGHT_PROBE_PROXY_VOLUME UNITY_PBS_USE_BRDF1 UNITY_PLATFORM_SUPPORTS_DEPTH_FETCH UNITY_SPECCUBE_BLENDING UNITY_SPECCUBE_BOX_PROJECTION UNITY_USE_DITHER_MASK_FOR_ALPHABLENDED_SHADOWS
Disabled keywords: DEBUG_DISPLAY DIRLIGHTMAP_COMBINED DOTS_INSTANCING_ON DYNAMICLIGHTMAP_ON HAIR_VERTEX_STATIC INSTANCING_ON LIGHTMAP_BICUBIC_SAMPLING LIGHTMAP_ON PROCEDURAL_INSTANCING_ON SHADER_API_GLES30 SHADER_API_GLES31 SHADER_API_GLES32 UNITY_ASTC_NORMALMAP_ENCODING UNITY_COLORSPACE_GAMMA UNITY_FRAMEBUFFER_FETCH_AVAILABLE UNITY_HARDWARE_TIER1 UNITY_HARDWARE_TIER2 UNITY_HARDWARE_TIER3 UNITY_LIGHTMAP_DLDR_ENCODING UNITY_LIGHTMAP_RGBM_ENCODING UNITY_METAL_SHADOWS_USE_POINT_FILTERING UNITY_NO_DXT5nm UNITY_NO_SCREENSPACE_SHADOWS UNITY_PBS_USE_BRDF2 UNITY_PBS_USE_BRDF3 UNITY_PRETRANSFORM_TO_DISPLAY_ORIENTATION UNITY_UNIFIED_SHADER_PRECISION_MODEL UNITY_VIRTUAL_TEXTURING USE_LEGACY_LIGHTMAPS _ADD_PRECOMPUTED_VELOCITY _TRANSPARENT_REFRACTIVE_SORT _TRANSPARENT_WRITES_MOTION_VEC
Shader error in 'Krag Kings/Native Groom/NativeFurAuthored': modifiers must appear before type at Assets/NativeGroom/NativeFurAuthored.shadergraph(8366) (on d3d11)

Compiling Subshader: 0, Pass: LineRenderingOffscreenShading, Vertex program with HAIR_VERTEX_LIVE UNITY_DEVICE_SUPPORTS_NATIVE_16BIT _DOUBLESIDED_ON _SURFACE_TYPE_TRANSPARENT
Platform defines: SHADER_API_DESKTOP UNITY_ENABLE_DETAIL_NORMALMAP UNITY_ENABLE_REFLECTION_BUFFERS UNITY_LIGHTMAP_FULL_HDR UNITY_LIGHT_PROBE_PROXY_VOLUME UNITY_PBS_USE_BRDF1 UNITY_PLATFORM_SUPPORTS_DEPTH_FETCH UNITY_SPECCUBE_BLENDING UNITY_SPECCUBE_BOX_PROJECTION UNITY_USE_DITHER_MASK_FOR_ALPHABLENDED_SHADOWS
Disabled keywords: DEBUG_DISPLAY DIRLIGHTMAP_COMBINED DOTS_INSTANCING_ON DYNAMICLIGHTMAP_ON HAIR_VERTEX_STATIC INSTANCING_ON LIGHTMAP_BICUBIC_SAMPLING LIGHTMAP_ON PROCEDURAL_INSTANCING_ON SHADER_API_GLES30 SHADER_API_GLES31 SHADER_API_GLES32 UNITY_ASTC_NORMALMAP_ENCODING UNITY_COLORSPACE_GAMMA UNITY_FRAMEBUFFER_FETCH_AVAILABLE UNITY_HARDWARE_TIER1 UNITY_HARDWARE_TIER2 UNITY_HARDWARE_TIER3 UNITY_LIGHTMAP_DLDR_ENCODING UNITY_LIGHTMAP_RGBM_ENCODING UNITY_METAL_SHADOWS_USE_POINT_FILTERING UNITY_NO_DXT5nm UNITY_NO_SCREENSPACE_SHADOWS UNITY_PBS_USE_BRDF2 UNITY_PBS_USE_BRDF3 UNITY_PRETRANSFORM_TO_DISPLAY_ORIENTATION UNITY_UNIFIED_SHADER_PRECISION_MODEL UNITY_VIRTUAL_TEXTURING USE_LEGACY_LIGHTMAPS _ADD_PRECOMPUTED_VELOCITY _TRANSPARENT_REFRACTIVE_SORT _TRANSPARENT_WRITES_MOTION_VEC
Shader error in 'Krag Kings/Native Groom/NativeFurAuthored': expected expression at Assets/NativeGroom/NativeFurAuthored.shadergraph(8367) (on d3d11)

Compiling Subshader: 0, Pass: LineRenderingOffscreenShading, Vertex program with HAIR_VERTEX_LIVE UNITY_DEVICE_SUPPORTS_NATIVE_16BIT _DOUBLESIDED_ON _SURFACE_TYPE_TRANSPARENT
Platform defines: SHADER_API_DESKTOP UNITY_ENABLE_DETAIL_NORMALMAP UNITY_ENABLE_REFLECTION_BUFFERS UNITY_LIGHTMAP_FULL_HDR UNITY_LIGHT_PROBE_PROXY_VOLUME UNITY_PBS_USE_BRDF1 UNITY_PLATFORM_SUPPORTS_DEPTH_FETCH UNITY_SPECCUBE_BLENDING UNITY_SPECCUBE_BOX_PROJECTION UNITY_USE_DITHER_MASK_FOR_ALPHABLENDED_SHADOWS
Disabled keywords: DEBUG_DISPLAY DIRLIGHTMAP_COMBINED DOTS_INSTANCING_ON DYNAMICLIGHTMAP_ON HAIR_VERTEX_STATIC INSTANCING_ON LIGHTMAP_BICUBIC_SAMPLING LIGHTMAP_ON PROCEDURAL_INSTANCING_ON SHADER_API_GLES30 SHADER_API_GLES31 SHADER_API_GLES32 UNITY_ASTC_NORMALMAP_ENCODING UNITY_COLORSPACE_GAMMA UNITY_FRAMEBUFFER_FETCH_AVAILABLE UNITY_HARDWARE_TIER1 UNITY_HARDWARE_TIER2 UNITY_HARDWARE_TIER3 UNITY_LIGHTMAP_DLDR_ENCODING UNITY_LIGHTMAP_RGBM_ENCODING UNITY_METAL_SHADOWS_USE_POINT_FILTERING UNITY_NO_DXT5nm UNITY_NO_SCREENSPACE_SHADOWS UNITY_PBS_USE_BRDF2 UNITY_PBS_USE_BRDF3 UNITY_PRETRANSFORM_TO_DISPLAY_ORIENTATION UNITY_UNIFIED_SHADER_PRECISION_MODEL UNITY_VIRTUAL_TEXTURING USE_LEGACY_LIGHTMAPS _ADD_PRECOMPUTED_VELOCITY _TRANSPARENT_REFRACTIVE_SORT _TRANSPARENT_WRITES_MOTION_VEC
Shader error in 'Krag Kings/Native Groom/NativeFurAuthored': expected expression at Assets/NativeGroom/NativeFurAuthored.shadergraph(8369) (on d3d11)

Compiling Subshader: 0, Pass: LineRenderingOffscreenShading, Vertex program with HAIR_VERTEX_LIVE UNITY_DEVICE_SUPPORTS_NATIVE_16BIT _DOUBLESIDED_ON _SURFACE_TYPE_TRANSPARENT
Platform defines: SHADER_API_DESKTOP UNITY_ENABLE_DETAIL_NORMALMAP UNITY_ENABLE_REFLECTION_BUFFERS UNITY_LIGHTMAP_FULL_HDR UNITY_LIGHT_PROBE_PROXY_VOLUME UNITY_PBS_USE_BRDF1 UNITY_PLATFORM_SUPPORTS_DEPTH_FETCH UNITY_SPECCUBE_BLENDING UNITY_SPECCUBE_BOX_PROJECTION UNITY_USE_DITHER_MASK_FOR_ALPHABLENDED_SHADOWS
Disabled keywords: DEBUG_DISPLAY DIRLIGHTMAP_COMBINED DOTS_INSTANCING_ON DYNAMICLIGHTMAP_ON HAIR_VERTEX_STATIC INSTANCING_ON LIGHTMAP_BICUBIC_SAMPLING LIGHTMAP_ON PROCEDURAL_INSTANCING_ON SHADER_API_GLES30 SHADER_API_GLES31 SHADER_API_GLES32 UNITY_ASTC_NORMALMAP_ENCODING UNITY_COLORSPACE_GAMMA UNITY_FRAMEBUFFER_FETCH_AVAILABLE UNITY_HARDWARE_TIER1 UNITY_HARDWARE_TIER2 UNITY_HARDWARE_TIER3 UNITY_LIGHTMAP_DLDR_ENCODING UNITY_LIGHTMAP_RGBM_ENCODING UNITY_METAL_SHADOWS_USE_POINT_FILTERING UNITY_NO_DXT5nm UNITY_NO_SCREENSPACE_SHADOWS UNITY_PBS_USE_BRDF2 UNITY_PBS_USE_BRDF3 UNITY_PRETRANSFORM_TO_DISPLAY_ORIENTATION UNITY_UNIFIED_SHADER_PRECISION_MODEL UNITY_VIRTUAL_TEXTURING USE_LEGACY_LIGHTMAPS _ADD_PRECOMPUTED_VELOCITY _TRANSPARENT_REFRACTIVE_SORT _TRANSPARENT_WRITES_MOTION_VEC
Shader error in 'Krag Kings/Native Groom/NativeFurAuthored': syntax error: unexpected token 'point' at Assets/NativeGroom/NativeFurAuthored.shadergraph(399) (on d3d11)

Compiling Subshader: 0, Pass: ShadowCaster, Vertex program with HAIR_VERTEX_LIVE _DOUBLESIDED_ON
Platform defines: SHADER_API_DESKTOP UNITY_ENABLE_DETAIL_NORMALMAP UNITY_ENABLE_REFLECTION_BUFFERS UNITY_LIGHTMAP_FULL_HDR UNITY_LIGHT_PROBE_PROXY_VOLUME UNITY_PASS_SHADOWCASTER UNITY_PBS_USE_BRDF1 UNITY_PLATFORM_SUPPORTS_DEPTH_FETCH UNITY_SPECCUBE_BLENDING UNITY_SPECCUBE_BOX_PROJECTION UNITY_USE_DITHER_MASK_FOR_ALPHABLENDED_SHADOWS
Disabled keywords: DOTS_INSTANCING_ON HAIR_VERTEX_STATIC INSTANCING_ON PROCEDURAL_INSTANCING_ON SHADER_API_GLES30 SHADER_API_GLES31 SHADER_API_GLES32 UNITY_ASTC_NORMALMAP_ENCODING UNITY_COLORSPACE_GAMMA UNITY_FRAMEBUFFER_FETCH_AVAILABLE UNITY_HARDWARE_TIER1 UNITY_HARDWARE_TIER2 UNITY_HARDWARE_TIER3 UNITY_LIGHTMAP_DLDR_ENCODING UNITY_LIGHTMAP_RGBM_ENCODING UNITY_METAL_SHADOWS_USE_POINT_FILTERING UNITY_NO_DXT5nm UNITY_NO_SCREENSPACE_SHADOWS UNITY_PBS_USE_BRDF2 UNITY_PBS_USE_BRDF3 UNITY_PRETRANSFORM_TO_DISPLAY_ORIENTATION UNITY_UNIFIED_SHADER_PRECISION_MODEL UNITY_VIRTUAL_TEXTURING
Shader error in 'Krag Kings/Native Groom/NativeFurAuthored': 'floor': no matching 0 parameter intrinsic function; Possible intrinsic functions are: floor(float|half|min10float|min16float) at Assets/NativeGroom/NativeFurAuthored.shadergraph(400) (on d3d11)

Compiling Subshader: 0, Pass: ShadowCaster, Vertex program with HAIR_VERTEX_LIVE _DOUBLESIDED_ON
Platform defines: SHADER_API_DESKTOP UNITY_ENABLE_DETAIL_NORMALMAP UNITY_ENABLE_REFLECTION_BUFFERS UNITY_LIGHTMAP_FULL_HDR UNITY_LIGHT_PROBE_PROXY_VOLUME UNITY_PASS_SHADOWCASTER UNITY_PBS_USE_BRDF1 UNITY_PLATFORM_SUPPORTS_DEPTH_FETCH UNITY_SPECCUBE_BLENDING UNITY_SPECCUBE_BOX_PROJECTION UNITY_USE_DITHER_MASK_FOR_ALPHABLENDED_SHADOWS
Disabled keywords: DOTS_INSTANCING_ON HAIR_VERTEX_STATIC INSTANCING_ON PROCEDURAL_INSTANCING_ON SHADER_API_GLES30 SHADER_API_GLES31 SHADER_API_GLES32 UNITY_ASTC_NORMALMAP_ENCODING UNITY_COLORSPACE_GAMMA UNITY_FRAMEBUFFER_FETCH_AVAILABLE UNITY_HARDWARE_TIER1 UNITY_HARDWARE_TIER2 UNITY_HARDWARE_TIER3 UNITY_LIGHTMAP_DLDR_ENCODING UNITY_LIGHTMAP_RGBM_ENCODING UNITY_METAL_SHADOWS_USE_POINT_FILTERING UNITY_NO_DXT5nm UNITY_NO_SCREENSPACE_SHADOWS UNITY_PBS_USE_BRDF2 UNITY_PBS_USE_BRDF3 UNITY_PRETRANSFORM_TO_DISPLAY_ORIENTATION UNITY_UNIFIED_SHADER_PRECISION_MODEL UNITY_VIRTUAL_TEXTURING
Shader error in 'Krag Kings/Native Groom/NativeFurAuthored': syntax error: unexpected token 'point' at Assets/NativeGroom/NativeFurAuthored.shadergraph(400) (on d3d11)

Compiling Subshader: 0, Pass: ShadowCaster, Vertex program with HAIR_VERTEX_LIVE _DOUBLESIDED_ON
Platform defines: SHADER_API_DESKTOP UNITY_ENABLE_DETAIL_NORMALMAP UNITY_ENABLE_REFLECTION_BUFFERS UNITY_LIGHTMAP_FULL_HDR UNITY_LIGHT_PROBE_PROXY_VOLUME UNITY_PASS_SHADOWCASTER UNITY_PBS_USE_BRDF1 UNITY_PLATFORM_SUPPORTS_DEPTH_FETCH UNITY_SPECCUBE_BLENDING UNITY_SPECCUBE_BOX_PROJECTION UNITY_USE_DITHER_MASK_FOR_ALPHABLENDED_SHADOWS
Disabled keywords: DOTS_INSTANCING_ON HAIR_VERTEX_STATIC INSTANCING_ON PROCEDURAL_INSTANCING_ON SHADER_API_GLES30 SHADER_API_GLES31 SHADER_API_GLES32 UNITY_ASTC_NORMALMAP_ENCODING UNITY_COLORSPACE_GAMMA UNITY_FRAMEBUFFER_FETCH_AVAILABLE UNITY_HARDWARE_TIER1 UNITY_HARDWARE_TIER2 UNITY_HARDWARE_TIER3 UNITY_LIGHTMAP_DLDR_ENCODING UNITY_LIGHTMAP_RGBM_ENCODING UNITY_METAL_SHADOWS_USE_POINT_FILTERING UNITY_NO_DXT5nm UNITY_NO_SCREENSPACE_SHADOWS UNITY_PBS_USE_BRDF2 UNITY_PBS_USE_BRDF3 UNITY_PRETRANSFORM_TO_DISPLAY_ORIENTATION UNITY_UNIFIED_SHADER_PRECISION_MODEL UNITY_VIRTUAL_TEXTURING
Shader error in 'Krag Kings/Native Groom/NativeFurAuthored': syntax error: unexpected token 'point' at Assets/NativeGroom/NativeFurAuthored.shadergraph(1375) (on d3d11)

Compiling Subshader: 0, Pass: META, Vertex program with HAIR_VERTEX_LIVE _DOUBLESIDED_ON _SURFACE_TYPE_TRANSPARENT
Platform defines: SHADER_API_DESKTOP UNITY_ENABLE_DETAIL_NORMALMAP UNITY_ENABLE_REFLECTION_BUFFERS UNITY_LIGHTMAP_FULL_HDR UNITY_LIGHT_PROBE_PROXY_VOLUME UNITY_PASS_META UNITY_PBS_USE_BRDF1 UNITY_PLATFORM_SUPPORTS_DEPTH_FETCH UNITY_SPECCUBE_BLENDING UNITY_SPECCUBE_BOX_PROJECTION UNITY_USE_DITHER_MASK_FOR_ALPHABLENDED_SHADOWS
Disabled keywords: DOTS_INSTANCING_ON EDITOR_VISUALIZATION HAIR_VERTEX_STATIC INSTANCING_ON PROCEDURAL_INSTANCING_ON SHADER_API_GLES30 SHADER_API_GLES31 SHADER_API_GLES32 UNITY_ASTC_NORMALMAP_ENCODING UNITY_COLORSPACE_GAMMA UNITY_FRAMEBUFFER_FETCH_AVAILABLE UNITY_HARDWARE_TIER1 UNITY_HARDWARE_TIER2 UNITY_HARDWARE_TIER3 UNITY_LIGHTMAP_DLDR_ENCODING UNITY_LIGHTMAP_RGBM_ENCODING UNITY_METAL_SHADOWS_USE_POINT_FILTERING UNITY_NO_DXT5nm UNITY_NO_SCREENSPACE_SHADOWS UNITY_PBS_USE_BRDF2 UNITY_PBS_USE_BRDF3 UNITY_PRETRANSFORM_TO_DISPLAY_ORIENTATION UNITY_UNIFIED_SHADER_PRECISION_MODEL UNITY_VIRTUAL_TEXTURING
Shader error in 'Krag Kings/Native Groom/NativeFurAuthored': 'floor': no matching 0 parameter intrinsic function; Possible intrinsic functions are: floor(float|half|min10float|min16float) at Assets/NativeGroom/NativeFurAuthored.shadergraph(1376) (on d3d11)

Compiling Subshader: 0, Pass: META, Vertex program with HAIR_VERTEX_LIVE _DOUBLESIDED_ON _SURFACE_TYPE_TRANSPARENT
Platform defines: SHADER_API_DESKTOP UNITY_ENABLE_DETAIL_NORMALMAP UNITY_ENABLE_REFLECTION_BUFFERS UNITY_LIGHTMAP_FULL_HDR UNITY_LIGHT_PROBE_PROXY_VOLUME UNITY_PASS_META UNITY_PBS_USE_BRDF1 UNITY_PLATFORM_SUPPORTS_DEPTH_FETCH UNITY_SPECCUBE_BLENDING UNITY_SPECCUBE_BOX_PROJECTION UNITY_USE_DITHER_MASK_FOR_ALPHABLENDED_SHADOWS
Disabled keywords: DOTS_INSTANCING_ON EDITOR_VISUALIZATION HAIR_VERTEX_STATIC INSTANCING_ON PROCEDURAL_INSTANCING_ON SHADER_API_GLES30 SHADER_API_GLES31 SHADER_API_GLES32 UNITY_ASTC_NORMALMAP_ENCODING UNITY_COLORSPACE_GAMMA UNITY_FRAMEBUFFER_FETCH_AVAILABLE UNITY_HARDWARE_TIER1 UNITY_HARDWARE_TIER2 UNITY_HARDWARE_TIER3 UNITY_LIGHTMAP_DLDR_ENCODING UNITY_LIGHTMAP_RGBM_ENCODING UNITY_METAL_SHADOWS_USE_POINT_FILTERING UNITY_NO_DXT5nm UNITY_NO_SCREENSPACE_SHADOWS UNITY_PBS_USE_BRDF2 UNITY_PBS_USE_BRDF3 UNITY_PRETRANSFORM_TO_DISPLAY_ORIENTATION UNITY_UNIFIED_SHADER_PRECISION_MODEL UNITY_VIRTUAL_TEXTURING
Shader error in 'Krag Kings/Native Groom/NativeFurAuthored': syntax error: unexpected token 'point' at Assets/NativeGroom/NativeFurAuthored.shadergraph(1376) (on d3d11)

Compiling Subshader: 0, Pass: META, Vertex program with HAIR_VERTEX_LIVE _DOUBLESIDED_ON _SURFACE_TYPE_TRANSPARENT
Platform defines: SHADER_API_DESKTOP UNITY_ENABLE_DETAIL_NORMALMAP UNITY_ENABLE_REFLECTION_BUFFERS UNITY_LIGHTMAP_FULL_HDR UNITY_LIGHT_PROBE_PROXY_VOLUME UNITY_PASS_META UNITY_PBS_USE_BRDF1 UNITY_PLATFORM_SUPPORTS_DEPTH_FETCH UNITY_SPECCUBE_BLENDING UNITY_SPECCUBE_BOX_PROJECTION UNITY_USE_DITHER_MASK_FOR_ALPHABLENDED_SHADOWS
Disabled keywords: DOTS_INSTANCING_ON EDITOR_VISUALIZATION HAIR_VERTEX_STATIC INSTANCING_ON PROCEDURAL_INSTANCING_ON SHADER_API_GLES30 SHADER_API_GLES31 SHADER_API_GLES32 UNITY_ASTC_NORMALMAP_ENCODING UNITY_COLORSPACE_GAMMA UNITY_FRAMEBUFFER_FETCH_AVAILABLE UNITY_HARDWARE_TIER1 UNITY_HARDWARE_TIER2 UNITY_HARDWARE_TIER3 UNITY_LIGHTMAP_DLDR_ENCODING UNITY_LIGHTMAP_RGBM_ENCODING UNITY_METAL_SHADOWS_USE_POINT_FILTERING UNITY_NO_DXT5nm UNITY_NO_SCREENSPACE_SHADOWS UNITY_PBS_USE_BRDF2 UNITY_PBS_USE_BRDF3 UNITY_PRETRANSFORM_TO_DISPLAY_ORIENTATION UNITY_UNIFIED_SHADER_PRECISION_MODEL UNITY_VIRTUAL_TEXTURING
Shader error in 'Krag Kings/Native Groom/NativeFurAuthored': syntax error: unexpected token 'point' at Assets/NativeGroom/NativeFurAuthored.shadergraph(2326) (on d3d11)

Compiling Subshader: 0, Pass: ScenePickingPass, Vertex program with HAIR_VERTEX_LIVE _DOUBLESIDED_ON
Platform defines: SHADER_API_DESKTOP UNITY_ENABLE_DETAIL_NORMALMAP UNITY_ENABLE_REFLECTION_BUFFERS UNITY_LIGHTMAP_FULL_HDR UNITY_LIGHT_PROBE_PROXY_VOLUME UNITY_PBS_USE_BRDF1 UNITY_PLATFORM_SUPPORTS_DEPTH_FETCH UNITY_SPECCUBE_BLENDING UNITY_SPECCUBE_BOX_PROJECTION UNITY_USE_DITHER_MASK_FOR_ALPHABLENDED_SHADOWS
Disabled keywords: DOTS_INSTANCING_ON HAIR_VERTEX_STATIC INSTANCING_ON PROCEDURAL_INSTANCING_ON SHADER_API_GLES30 SHADER_API_GLES31 SHADER_API_GLES32 UNITY_ASTC_NORMALMAP_ENCODING UNITY_COLORSPACE_GAMMA UNITY_FRAMEBUFFER_FETCH_AVAILABLE UNITY_HARDWARE_TIER1 UNITY_HARDWARE_TIER2 UNITY_HARDWARE_TIER3 UNITY_LIGHTMAP_DLDR_ENCODING UNITY_LIGHTMAP_RGBM_ENCODING UNITY_METAL_SHADOWS_USE_POINT_FILTERING UNITY_NO_DXT5nm UNITY_NO_SCREENSPACE_SHADOWS UNITY_PBS_USE_BRDF2 UNITY_PBS_USE_BRDF3 UNITY_PRETRANSFORM_TO_DISPLAY_ORIENTATION UNITY_UNIFIED_SHADER_PRECISION_MODEL UNITY_VIRTUAL_TEXTURING
Shader error in 'Krag Kings/Native Groom/NativeFurAuthored': 'floor': no matching 0 parameter intrinsic function; Possible intrinsic functions are: floor(float|half|min10float|min16float) at Assets/NativeGroom/NativeFurAuthored.shadergraph(2327) (on d3d11)

Compiling Subshader: 0, Pass: ScenePickingPass, Vertex program with HAIR_VERTEX_LIVE _DOUBLESIDED_ON
Platform defines: SHADER_API_DESKTOP UNITY_ENABLE_DETAIL_NORMALMAP UNITY_ENABLE_REFLECTION_BUFFERS UNITY_LIGHTMAP_FULL_HDR UNITY_LIGHT_PROBE_PROXY_VOLUME UNITY_PBS_USE_BRDF1 UNITY_PLATFORM_SUPPORTS_DEPTH_FETCH UNITY_SPECCUBE_BLENDING UNITY_SPECCUBE_BOX_PROJECTION UNITY_USE_DITHER_MASK_FOR_ALPHABLENDED_SHADOWS
Disabled keywords: DOTS_INSTANCING_ON HAIR_VERTEX_STATIC INSTANCING_ON PROCEDURAL_INSTANCING_ON SHADER_API_GLES30 SHADER_API_GLES31 SHADER_API_GLES32 UNITY_ASTC_NORMALMAP_ENCODING UNITY_COLORSPACE_GAMMA UNITY_FRAMEBUFFER_FETCH_AVAILABLE UNITY_HARDWARE_TIER1 UNITY_HARDWARE_TIER2 UNITY_HARDWARE_TIER3 UNITY_LIGHTMAP_DLDR_ENCODING UNITY_LIGHTMAP_RGBM_ENCODING UNITY_METAL_SHADOWS_USE_POINT_FILTERING UNITY_NO_DXT5nm UNITY_NO_SCREENSPACE_SHADOWS UNITY_PBS_USE_BRDF2 UNITY_PBS_USE_BRDF3 UNITY_PRETRANSFORM_TO_DISPLAY_ORIENTATION UNITY_UNIFIED_SHADER_PRECISION_MODEL UNITY_VIRTUAL_TEXTURING
Shader error in 'Krag Kings/Native Groom/NativeFurAuthored': syntax error: unexpected token 'point' at Assets/NativeGroom/NativeFurAuthored.shadergraph(2327) (on d3d11)

Compiling Subshader: 0, Pass: ScenePickingPass, Vertex program with HAIR_VERTEX_LIVE _DOUBLESIDED_ON
Platform defines: SHADER_API_DESKTOP UNITY_ENABLE_DETAIL_NORMALMAP UNITY_ENABLE_REFLECTION_BUFFERS UNITY_LIGHTMAP_FULL_HDR UNITY_LIGHT_PROBE_PROXY_VOLUME UNITY_PBS_USE_BRDF1 UNITY_PLATFORM_SUPPORTS_DEPTH_FETCH UNITY_SPECCUBE_BLENDING UNITY_SPECCUBE_BOX_PROJECTION UNITY_USE_DITHER_MASK_FOR_ALPHABLENDED_SHADOWS
Disabled keywords: DOTS_INSTANCING_ON HAIR_VERTEX_STATIC INSTANCING_ON PROCEDURAL_INSTANCING_ON SHADER_API_GLES30 SHADER_API_GLES31 SHADER_API_GLES32 UNITY_ASTC_NORMALMAP_ENCODING UNITY_COLORSPACE_GAMMA UNITY_FRAMEBUFFER_FETCH_AVAILABLE UNITY_HARDWARE_TIER1 UNITY_HARDWARE_TIER2 UNITY_HARDWARE_TIER3 UNITY_LIGHTMAP_DLDR_ENCODING UNITY_LIGHTMAP_RGBM_ENCODING UNITY_METAL_SHADOWS_USE_POINT_FILTERING UNITY_NO_DXT5nm UNITY_NO_SCREENSPACE_SHADOWS UNITY_PBS_USE_BRDF2 UNITY_PBS_USE_BRDF3 UNITY_PRETRANSFORM_TO_DISPLAY_ORIENTATION UNITY_UNIFIED_SHADER_PRECISION_MODEL UNITY_VIRTUAL_TEXTURING
Shader error in 'Krag Kings/Native Groom/NativeFurAuthored': syntax error: unexpected token 'point' at Assets/NativeGroom/NativeFurAuthored.shadergraph(3310) (on d3d11)

Compiling Subshader: 0, Pass: SceneSelectionPass, Vertex program with HAIR_VERTEX_LIVE _DOUBLESIDED_ON
Platform defines: SHADER_API_DESKTOP UNITY_ENABLE_DETAIL_NORMALMAP UNITY_ENABLE_REFLECTION_BUFFERS UNITY_LIGHTMAP_FULL_HDR UNITY_LIGHT_PROBE_PROXY_VOLUME UNITY_PBS_USE_BRDF1 UNITY_PLATFORM_SUPPORTS_DEPTH_FETCH UNITY_SPECCUBE_BLENDING UNITY_SPECCUBE_BOX_PROJECTION UNITY_USE_DITHER_MASK_FOR_ALPHABLENDED_SHADOWS
Disabled keywords: DOTS_INSTANCING_ON HAIR_VERTEX_STATIC INSTANCING_ON PROCEDURAL_INSTANCING_ON SHADER_API_GLES30 SHADER_API_GLES31 SHADER_API_GLES32 UNITY_ASTC_NORMALMAP_ENCODING UNITY_COLORSPACE_GAMMA UNITY_FRAMEBUFFER_FETCH_AVAILABLE UNITY_HARDWARE_TIER1 UNITY_HARDWARE_TIER2 UNITY_HARDWARE_TIER3 UNITY_LIGHTMAP_DLDR_ENCODING UNITY_LIGHTMAP_RGBM_ENCODING UNITY_METAL_SHADOWS_USE_POINT_FILTERING UNITY_NO_DXT5nm UNITY_NO_SCREENSPACE_SHADOWS UNITY_PBS_USE_BRDF2 UNITY_PBS_USE_BRDF3 UNITY_PRETRANSFORM_TO_DISPLAY_ORIENTATION UNITY_UNIFIED_SHADER_PRECISION_MODEL UNITY_VIRTUAL_TEXTURING
Shader error in 'Krag Kings/Native Groom/NativeFurAuthored': 'floor': no matching 0 parameter intrinsic function; Possible intrinsic functions are: floor(float|half|min10float|min16float) at Assets/NativeGroom/NativeFurAuthored.shadergraph(3311) (on d3d11)

Compiling Subshader: 0, Pass: SceneSelectionPass, Vertex program with HAIR_VERTEX_LIVE _DOUBLESIDED_ON
Platform defines: SHADER_API_DESKTOP UNITY_ENABLE_DETAIL_NORMALMAP UNITY_ENABLE_REFLECTION_BUFFERS UNITY_LIGHTMAP_FULL_HDR UNITY_LIGHT_PROBE_PROXY_VOLUME UNITY_PBS_USE_BRDF1 UNITY_PLATFORM_SUPPORTS_DEPTH_FETCH UNITY_SPECCUBE_BLENDING UNITY_SPECCUBE_BOX_PROJECTION UNITY_USE_DITHER_MASK_FOR_ALPHABLENDED_SHADOWS
Disabled keywords: DOTS_INSTANCING_ON HAIR_VERTEX_STATIC INSTANCING_ON PROCEDURAL_INSTANCING_ON SHADER_API_GLES30 SHADER_API_GLES31 SHADER_API_GLES32 UNITY_ASTC_NORMALMAP_ENCODING UNITY_COLORSPACE_GAMMA UNITY_FRAMEBUFFER_FETCH_AVAILABLE UNITY_HARDWARE_TIER1 UNITY_HARDWARE_TIER2 UNITY_HARDWARE_TIER3 UNITY_LIGHTMAP_DLDR_ENCODING UNITY_LIGHTMAP_RGBM_ENCODING UNITY_METAL_SHADOWS_USE_POINT_FILTERING UNITY_NO_DXT5nm UNITY_NO_SCREENSPACE_SHADOWS UNITY_PBS_USE_BRDF2 UNITY_PBS_USE_BRDF3 UNITY_PRETRANSFORM_TO_DISPLAY_ORIENTATION UNITY_UNIFIED_SHADER_PRECISION_MODEL UNITY_VIRTUAL_TEXTURING
Shader error in 'Krag Kings/Native Groom/NativeFurAuthored': syntax error: unexpected token 'point' at Assets/NativeGroom/NativeFurAuthored.shadergraph(3311) (on d3d11)

Compiling Subshader: 0, Pass: SceneSelectionPass, Vertex program with HAIR_VERTEX_LIVE _DOUBLESIDED_ON
Platform defines: SHADER_API_DESKTOP UNITY_ENABLE_DETAIL_NORMALMAP UNITY_ENABLE_REFLECTION_BUFFERS UNITY_LIGHTMAP_FULL_HDR UNITY_LIGHT_PROBE_PROXY_VOLUME UNITY_PBS_USE_BRDF1 UNITY_PLATFORM_SUPPORTS_DEPTH_FETCH UNITY_SPECCUBE_BLENDING UNITY_SPECCUBE_BOX_PROJECTION UNITY_USE_DITHER_MASK_FOR_ALPHABLENDED_SHADOWS
Disabled keywords: DOTS_INSTANCING_ON HAIR_VERTEX_STATIC INSTANCING_ON PROCEDURAL_INSTANCING_ON SHADER_API_GLES30 SHADER_API_GLES31 SHADER_API_GLES32 UNITY_ASTC_NORMALMAP_ENCODING UNITY_COLORSPACE_GAMMA UNITY_FRAMEBUFFER_FETCH_AVAILABLE UNITY_HARDWARE_TIER1 UNITY_HARDWARE_TIER2 UNITY_HARDWARE_TIER3 UNITY_LIGHTMAP_DLDR_ENCODING UNITY_LIGHTMAP_RGBM_ENCODING UNITY_METAL_SHADOWS_USE_POINT_FILTERING UNITY_NO_DXT5nm UNITY_NO_SCREENSPACE_SHADOWS UNITY_PBS_USE_BRDF2 UNITY_PBS_USE_BRDF3 UNITY_PRETRANSFORM_TO_DISPLAY_ORIENTATION UNITY_UNIFIED_SHADER_PRECISION_MODEL UNITY_VIRTUAL_TEXTURING
Shader error in 'Krag Kings/Native Groom/NativeFurAuthored': syntax error: unexpected token 'point' at Assets/NativeGroom/NativeFurAuthored.shadergraph(4306) (on d3d11)

Compiling Subshader: 0, Pass: MotionVectors, Vertex program with HAIR_VERTEX_LIVE _DOUBLESIDED_ON _SURFACE_TYPE_TRANSPARENT
Platform defines: SHADER_API_DESKTOP UNITY_ENABLE_DETAIL_NORMALMAP UNITY_ENABLE_REFLECTION_BUFFERS UNITY_LIGHTMAP_FULL_HDR UNITY_LIGHT_PROBE_PROXY_VOLUME UNITY_PASS_MOTIONVECTORS UNITY_PBS_USE_BRDF1 UNITY_PLATFORM_SUPPORTS_DEPTH_FETCH UNITY_SPECCUBE_BLENDING UNITY_SPECCUBE_BOX_PROJECTION UNITY_USE_DITHER_MASK_FOR_ALPHABLENDED_SHADOWS
Disabled keywords: DOTS_INSTANCING_ON HAIR_VERTEX_STATIC INSTANCING_ON PROCEDURAL_INSTANCING_ON SHADER_API_GLES30 SHADER_API_GLES31 SHADER_API_GLES32 UNITY_ASTC_NORMALMAP_ENCODING UNITY_COLORSPACE_GAMMA UNITY_FRAMEBUFFER_FETCH_AVAILABLE UNITY_HARDWARE_TIER1 UNITY_HARDWARE_TIER2 UNITY_HARDWARE_TIER3 UNITY_LIGHTMAP_DLDR_ENCODING UNITY_LIGHTMAP_RGBM_ENCODING UNITY_METAL_SHADOWS_USE_POINT_FILTERING UNITY_NO_DXT5nm UNITY_NO_SCREENSPACE_SHADOWS UNITY_PBS_USE_BRDF2 UNITY_PBS_USE_BRDF3 UNITY_PRETRANSFORM_TO_DISPLAY_ORIENTATION UNITY_UNIFIED_SHADER_PRECISION_MODEL UNITY_VIRTUAL_TEXTURING _ADD_PRECOMPUTED_VELOCITY _TRANSPARENT_REFRACTIVE_SORT _TRANSPARENT_WRITES_MOTION_VEC
Shader error in 'Krag Kings/Native Groom/NativeFurAuthored': 'floor': no matching 0 parameter intrinsic function; Possible intrinsic functions are: floor(float|half|min10float|min16float) at Assets/NativeGroom/NativeFurAuthored.shadergraph(4307) (on d3d11)

Compiling Subshader: 0, Pass: MotionVectors, Vertex program with HAIR_VERTEX_LIVE _DOUBLESIDED_ON _SURFACE_TYPE_TRANSPARENT
Platform defines: SHADER_API_DESKTOP UNITY_ENABLE_DETAIL_NORMALMAP UNITY_ENABLE_REFLECTION_BUFFERS UNITY_LIGHTMAP_FULL_HDR UNITY_LIGHT_PROBE_PROXY_VOLUME UNITY_PASS_MOTIONVECTORS UNITY_PBS_USE_BRDF1 UNITY_PLATFORM_SUPPORTS_DEPTH_FETCH UNITY_SPECCUBE_BLENDING UNITY_SPECCUBE_BOX_PROJECTION UNITY_USE_DITHER_MASK_FOR_ALPHABLENDED_SHADOWS
Disabled keywords: DOTS_INSTANCING_ON HAIR_VERTEX_STATIC INSTANCING_ON PROCEDURAL_INSTANCING_ON SHADER_API_GLES30 SHADER_API_GLES31 SHADER_API_GLES32 UNITY_ASTC_NORMALMAP_ENCODING UNITY_COLORSPACE_GAMMA UNITY_FRAMEBUFFER_FETCH_AVAILABLE UNITY_HARDWARE_TIER1 UNITY_HARDWARE_TIER2 UNITY_HARDWARE_TIER3 UNITY_LIGHTMAP_DLDR_ENCODING UNITY_LIGHTMAP_RGBM_ENCODING UNITY_METAL_SHADOWS_USE_POINT_FILTERING UNITY_NO_DXT5nm UNITY_NO_SCREENSPACE_SHADOWS UNITY_PBS_USE_BRDF2 UNITY_PBS_USE_BRDF3 UNITY_PRETRANSFORM_TO_DISPLAY_ORIENTATION UNITY_UNIFIED_SHADER_PRECISION_MODEL UNITY_VIRTUAL_TEXTURING _ADD_PRECOMPUTED_VELOCITY _TRANSPARENT_REFRACTIVE_SORT _TRANSPARENT_WRITES_MOTION_VEC
Shader error in 'Krag Kings/Native Groom/NativeFurAuthored': syntax error: unexpected token 'point' at Assets/NativeGroom/NativeFurAuthored.shadergraph(4307) (on d3d11)

Compiling Subshader: 0, Pass: MotionVectors, Vertex program with HAIR_VERTEX_LIVE _DOUBLESIDED_ON _SURFACE_TYPE_TRANSPARENT
Platform defines: SHADER_API_DESKTOP UNITY_ENABLE_DETAIL_NORMALMAP UNITY_ENABLE_REFLECTION_BUFFERS UNITY_LIGHTMAP_FULL_HDR UNITY_LIGHT_PROBE_PROXY_VOLUME UNITY_PASS_MOTIONVECTORS UNITY_PBS_USE_BRDF1 UNITY_PLATFORM_SUPPORTS_DEPTH_FETCH UNITY_SPECCUBE_BLENDING UNITY_SPECCUBE_BOX_PROJECTION UNITY_USE_DITHER_MASK_FOR_ALPHABLENDED_SHADOWS
Disabled keywords: DOTS_INSTANCING_ON HAIR_VERTEX_STATIC INSTANCING_ON PROCEDURAL_INSTANCING_ON SHADER_API_GLES30 SHADER_API_GLES31 SHADER_API_GLES32 UNITY_ASTC_NORMALMAP_ENCODING UNITY_COLORSPACE_GAMMA UNITY_FRAMEBUFFER_FETCH_AVAILABLE UNITY_HARDWARE_TIER1 UNITY_HARDWARE_TIER2 UNITY_HARDWARE_TIER3 UNITY_LIGHTMAP_DLDR_ENCODING UNITY_LIGHTMAP_RGBM_ENCODING UNITY_METAL_SHADOWS_USE_POINT_FILTERING UNITY_NO_DXT5nm UNITY_NO_SCREENSPACE_SHADOWS UNITY_PBS_USE_BRDF2 UNITY_PBS_USE_BRDF3 UNITY_PRETRANSFORM_TO_DISPLAY_ORIENTATION UNITY_UNIFIED_SHADER_PRECISION_MODEL UNITY_VIRTUAL_TEXTURING _ADD_PRECOMPUTED_VELOCITY _TRANSPARENT_REFRACTIVE_SORT _TRANSPARENT_WRITES_MOTION_VEC
Shader error in 'Krag Kings/Native Groom/NativeFurAuthored': syntax error: unexpected token 'point' at Assets/NativeGroom/NativeFurAuthored.shadergraph(5300) (on d3d11)

Compiling Subshader: 0, Pass: TransparentDepthPrepass, Vertex program with HAIR_VERTEX_LIVE _DOUBLESIDED_ON _SURFACE_TYPE_TRANSPARENT
Platform defines: SHADER_API_DESKTOP UNITY_ENABLE_DETAIL_NORMALMAP UNITY_ENABLE_REFLECTION_BUFFERS UNITY_LIGHTMAP_FULL_HDR UNITY_LIGHT_PROBE_PROXY_VOLUME UNITY_PBS_USE_BRDF1 UNITY_PLATFORM_SUPPORTS_DEPTH_FETCH UNITY_SPECCUBE_BLENDING UNITY_SPECCUBE_BOX_PROJECTION UNITY_USE_DITHER_MASK_FOR_ALPHABLENDED_SHADOWS
Disabled keywords: DOTS_INSTANCING_ON HAIR_VERTEX_STATIC INSTANCING_ON PROCEDURAL_INSTANCING_ON SHADER_API_GLES30 SHADER_API_GLES31 SHADER_API_GLES32 UNITY_ASTC_NORMALMAP_ENCODING UNITY_COLORSPACE_GAMMA UNITY_FRAMEBUFFER_FETCH_AVAILABLE UNITY_HARDWARE_TIER1 UNITY_HARDWARE_TIER2 UNITY_HARDWARE_TIER3 UNITY_LIGHTMAP_DLDR_ENCODING UNITY_LIGHTMAP_RGBM_ENCODING UNITY_METAL_SHADOWS_USE_POINT_FILTERING UNITY_NO_DXT5nm UNITY_NO_SCREENSPACE_SHADOWS UNITY_PBS_USE_BRDF2 UNITY_PBS_USE_BRDF3 UNITY_PRETRANSFORM_TO_DISPLAY_ORIENTATION UNITY_UNIFIED_SHADER_PRECISION_MODEL UNITY_VIRTUAL_TEXTURING _TRANSPARENT_REFRACTIVE_SORT _TRANSPARENT_WRITES_MOTION_VEC
Shader error in 'Krag Kings/Native Groom/NativeFurAuthored': 'floor': no matching 0 parameter intrinsic function; Possible intrinsic functions are: floor(float|half|min10float|min16float) at Assets/NativeGroom/NativeFurAuthored.shadergraph(5301) (on d3d11)

Compiling Subshader: 0, Pass: TransparentDepthPrepass, Vertex program with HAIR_VERTEX_LIVE _DOUBLESIDED_ON _SURFACE_TYPE_TRANSPARENT
Platform defines: SHADER_API_DESKTOP UNITY_ENABLE_DETAIL_NORMALMAP UNITY_ENABLE_REFLECTION_BUFFERS UNITY_LIGHTMAP_FULL_HDR UNITY_LIGHT_PROBE_PROXY_VOLUME UNITY_PBS_USE_BRDF1 UNITY_PLATFORM_SUPPORTS_DEPTH_FETCH UNITY_SPECCUBE_BLENDING UNITY_SPECCUBE_BOX_PROJECTION UNITY_USE_DITHER_MASK_FOR_ALPHABLENDED_SHADOWS
Disabled keywords: DOTS_INSTANCING_ON HAIR_VERTEX_STATIC INSTANCING_ON PROCEDURAL_INSTANCING_ON SHADER_API_GLES30 SHADER_API_GLES31 SHADER_API_GLES32 UNITY_ASTC_NORMALMAP_ENCODING UNITY_COLORSPACE_GAMMA UNITY_FRAMEBUFFER_FETCH_AVAILABLE UNITY_HARDWARE_TIER1 UNITY_HARDWARE_TIER2 UNITY_HARDWARE_TIER3 UNITY_LIGHTMAP_DLDR_ENCODING UNITY_LIGHTMAP_RGBM_ENCODING UNITY_METAL_SHADOWS_USE_POINT_FILTERING UNITY_NO_DXT5nm UNITY_NO_SCREENSPACE_SHADOWS UNITY_PBS_USE_BRDF2 UNITY_PBS_USE_BRDF3 UNITY_PRETRANSFORM_TO_DISPLAY_ORIENTATION UNITY_UNIFIED_SHADER_PRECISION_MODEL UNITY_VIRTUAL_TEXTURING _TRANSPARENT_REFRACTIVE_SORT _TRANSPARENT_WRITES_MOTION_VEC
Shader error in 'Krag Kings/Native Groom/NativeFurAuthored': syntax error: unexpected token 'point' at Assets/NativeGroom/NativeFurAuthored.shadergraph(5301) (on d3d11)

Compiling Subshader: 0, Pass: TransparentDepthPrepass, Vertex program with HAIR_VERTEX_LIVE _DOUBLESIDED_ON _SURFACE_TYPE_TRANSPARENT
Platform defines: SHADER_API_DESKTOP UNITY_ENABLE_DETAIL_NORMALMAP UNITY_ENABLE_REFLECTION_BUFFERS UNITY_LIGHTMAP_FULL_HDR UNITY_LIGHT_PROBE_PROXY_VOLUME UNITY_PBS_USE_BRDF1 UNITY_PLATFORM_SUPPORTS_DEPTH_FETCH UNITY_SPECCUBE_BLENDING UNITY_SPECCUBE_BOX_PROJECTION UNITY_USE_DITHER_MASK_FOR_ALPHABLENDED_SHADOWS
Disabled keywords: DOTS_INSTANCING_ON HAIR_VERTEX_STATIC INSTANCING_ON PROCEDURAL_INSTANCING_ON SHADER_API_GLES30 SHADER_API_GLES31 SHADER_API_GLES32 UNITY_ASTC_NORMALMAP_ENCODING UNITY_COLORSPACE_GAMMA UNITY_FRAMEBUFFER_FETCH_AVAILABLE UNITY_HARDWARE_TIER1 UNITY_HARDWARE_TIER2 UNITY_HARDWARE_TIER3 UNITY_LIGHTMAP_DLDR_ENCODING UNITY_LIGHTMAP_RGBM_ENCODING UNITY_METAL_SHADOWS_USE_POINT_FILTERING UNITY_NO_DXT5nm UNITY_NO_SCREENSPACE_SHADOWS UNITY_PBS_USE_BRDF2 UNITY_PBS_USE_BRDF3 UNITY_PRETRANSFORM_TO_DISPLAY_ORIENTATION UNITY_UNIFIED_SHADER_PRECISION_MODEL UNITY_VIRTUAL_TEXTURING _TRANSPARENT_REFRACTIVE_SORT _TRANSPARENT_WRITES_MOTION_VEC
Shader error in 'Krag Kings/Native Groom/NativeFurAuthored': syntax error: unexpected token 'point' at Assets/NativeGroom/NativeFurAuthored.shadergraph(6271) (on d3d11)

Compiling Subshader: 0, Pass: DepthForwardOnly, Vertex program with HAIR_VERTEX_LIVE _DOUBLESIDED_ON
Platform defines: SHADER_API_DESKTOP UNITY_ENABLE_DETAIL_NORMALMAP UNITY_ENABLE_REFLECTION_BUFFERS UNITY_LIGHTMAP_FULL_HDR UNITY_LIGHT_PROBE_PROXY_VOLUME UNITY_PBS_USE_BRDF1 UNITY_PLATFORM_SUPPORTS_DEPTH_FETCH UNITY_SPECCUBE_BLENDING UNITY_SPECCUBE_BOX_PROJECTION UNITY_USE_DITHER_MASK_FOR_ALPHABLENDED_SHADOWS
Disabled keywords: DOTS_INSTANCING_ON HAIR_VERTEX_STATIC INSTANCING_ON PROCEDURAL_INSTANCING_ON SHADER_API_GLES30 SHADER_API_GLES31 SHADER_API_GLES32 UNITY_ASTC_NORMALMAP_ENCODING UNITY_COLORSPACE_GAMMA UNITY_FRAMEBUFFER_FETCH_AVAILABLE UNITY_HARDWARE_TIER1 UNITY_HARDWARE_TIER2 UNITY_HARDWARE_TIER3 UNITY_LIGHTMAP_DLDR_ENCODING UNITY_LIGHTMAP_RGBM_ENCODING UNITY_METAL_SHADOWS_USE_POINT_FILTERING UNITY_NO_DXT5nm UNITY_NO_SCREENSPACE_SHADOWS UNITY_PBS_USE_BRDF2 UNITY_PBS_USE_BRDF3 UNITY_PRETRANSFORM_TO_DISPLAY_ORIENTATION UNITY_UNIFIED_SHADER_PRECISION_MODEL UNITY_VIRTUAL_TEXTURING
Shader error in 'Krag Kings/Native Groom/NativeFurAuthored': 'floor': no matching 0 parameter intrinsic function; Possible intrinsic functions are: floor(float|half|min10float|min16float) at Assets/NativeGroom/NativeFurAuthored.shadergraph(6272) (on d3d11)

Compiling Subshader: 0, Pass: DepthForwardOnly, Vertex program with HAIR_VERTEX_LIVE _DOUBLESIDED_ON
Platform defines: SHADER_API_DESKTOP UNITY_ENABLE_DETAIL_NORMALMAP UNITY_ENABLE_REFLECTION_BUFFERS UNITY_LIGHTMAP_FULL_HDR UNITY_LIGHT_PROBE_PROXY_VOLUME UNITY_PBS_USE_BRDF1 UNITY_PLATFORM_SUPPORTS_DEPTH_FETCH UNITY_SPECCUBE_BLENDING UNITY_SPECCUBE_BOX_PROJECTION UNITY_USE_DITHER_MASK_FOR_ALPHABLENDED_SHADOWS
Disabled keywords: DOTS_INSTANCING_ON HAIR_VERTEX_STATIC INSTANCING_ON PROCEDURAL_INSTANCING_ON SHADER_API_GLES30 SHADER_API_GLES31 SHADER_API_GLES32 UNITY_ASTC_NORMALMAP_ENCODING UNITY_COLORSPACE_GAMMA UNITY_FRAMEBUFFER_FETCH_AVAILABLE UNITY_HARDWARE_TIER1 UNITY_HARDWARE_TIER2 UNITY_HARDWARE_TIER3 UNITY_LIGHTMAP_DLDR_ENCODING UNITY_LIGHTMAP_RGBM_ENCODING UNITY_METAL_SHADOWS_USE_POINT_FILTERING UNITY_NO_DXT5nm UNITY_NO_SCREENSPACE_SHADOWS UNITY_PBS_USE_BRDF2 UNITY_PBS_USE_BRDF3 UNITY_PRETRANSFORM_TO_DISPLAY_ORIENTATION UNITY_UNIFIED_SHADER_PRECISION_MODEL UNITY_VIRTUAL_TEXTURING
Shader error in 'Krag Kings/Native Groom/NativeFurAuthored': syntax error: unexpected token 'point' at Assets/NativeGroom/NativeFurAuthored.shadergraph(6272) (on d3d11)

Compiling Subshader: 0, Pass: DepthForwardOnly, Vertex program with HAIR_VERTEX_LIVE _DOUBLESIDED_ON
Platform defines: SHADER_API_DESKTOP UNITY_ENABLE_DETAIL_NORMALMAP UNITY_ENABLE_REFLECTION_BUFFERS UNITY_LIGHTMAP_FULL_HDR UNITY_LIGHT_PROBE_PROXY_VOLUME UNITY_PBS_USE_BRDF1 UNITY_PLATFORM_SUPPORTS_DEPTH_FETCH UNITY_SPECCUBE_BLENDING UNITY_SPECCUBE_BOX_PROJECTION UNITY_USE_DITHER_MASK_FOR_ALPHABLENDED_SHADOWS
Disabled keywords: DOTS_INSTANCING_ON HAIR_VERTEX_STATIC INSTANCING_ON PROCEDURAL_INSTANCING_ON SHADER_API_GLES30 SHADER_API_GLES31 SHADER_API_GLES32 UNITY_ASTC_NORMALMAP_ENCODING UNITY_COLORSPACE_GAMMA UNITY_FRAMEBUFFER_FETCH_AVAILABLE UNITY_HARDWARE_TIER1 UNITY_HARDWARE_TIER2 UNITY_HARDWARE_TIER3 UNITY_LIGHTMAP_DLDR_ENCODING UNITY_LIGHTMAP_RGBM_ENCODING UNITY_METAL_SHADOWS_USE_POINT_FILTERING UNITY_NO_DXT5nm UNITY_NO_SCREENSPACE_SHADOWS UNITY_PBS_USE_BRDF2 UNITY_PBS_USE_BRDF3 UNITY_PRETRANSFORM_TO_DISPLAY_ORIENTATION UNITY_UNIFIED_SHADER_PRECISION_MODEL UNITY_VIRTUAL_TEXTURING
Shader error in 'Krag Kings/Native Groom/NativeFurAuthored': syntax error: unexpected token 'point' at Assets/NativeGroom/NativeFurAuthored.shadergraph(7316) (on d3d11)

Compiling Subshader: 0, Pass: ForwardOnly, Vertex program with HAIR_VERTEX_LIVE _DOUBLESIDED_ON _SURFACE_TYPE_TRANSPARENT
Platform defines: SHADER_API_DESKTOP UNITY_ENABLE_DETAIL_NORMALMAP UNITY_ENABLE_REFLECTION_BUFFERS UNITY_LIGHTMAP_FULL_HDR UNITY_LIGHT_PROBE_PROXY_VOLUME UNITY_PBS_USE_BRDF1 UNITY_PLATFORM_SUPPORTS_DEPTH_FETCH UNITY_SPECCUBE_BLENDING UNITY_SPECCUBE_BOX_PROJECTION UNITY_USE_DITHER_MASK_FOR_ALPHABLENDED_SHADOWS
Disabled keywords: DEBUG_DISPLAY DIRLIGHTMAP_COMBINED DOTS_INSTANCING_ON DYNAMICLIGHTMAP_ON HAIR_VERTEX_STATIC INSTANCING_ON LIGHTMAP_BICUBIC_SAMPLING LIGHTMAP_ON PROCEDURAL_INSTANCING_ON SHADER_API_GLES30 SHADER_API_GLES31 SHADER_API_GLES32 UNITY_ASTC_NORMALMAP_ENCODING UNITY_COLORSPACE_GAMMA UNITY_FRAMEBUFFER_FETCH_AVAILABLE UNITY_HARDWARE_TIER1 UNITY_HARDWARE_TIER2 UNITY_HARDWARE_TIER3 UNITY_LIGHTMAP_DLDR_ENCODING UNITY_LIGHTMAP_RGBM_ENCODING UNITY_METAL_SHADOWS_USE_POINT_FILTERING UNITY_NO_DXT5nm UNITY_NO_SCREENSPACE_SHADOWS UNITY_PBS_USE_BRDF2 UNITY_PBS_USE_BRDF3 UNITY_PRETRANSFORM_TO_DISPLAY_ORIENTATION UNITY_UNIFIED_SHADER_PRECISION_MODEL UNITY_VIRTUAL_TEXTURING USE_LEGACY_LIGHTMAPS _ADD_PRECOMPUTED_VELOCITY _TRANSPARENT_REFRACTIVE_SORT _TRANSPARENT_WRITES_MOTION_VEC
Shader error in 'Krag Kings/Native Groom/NativeFurAuthored': 'floor': no matching 0 parameter intrinsic function; Possible intrinsic functions are: floor(float|half|min10float|min16float) at Assets/NativeGroom/NativeFurAuthored.shadergraph(7317) (on d3d11)

Compiling Subshader: 0, Pass: ForwardOnly, Vertex program with HAIR_VERTEX_LIVE _DOUBLESIDED_ON _SURFACE_TYPE_TRANSPARENT
Platform defines: SHADER_API_DESKTOP UNITY_ENABLE_DETAIL_NORMALMAP UNITY_ENABLE_REFLECTION_BUFFERS UNITY_LIGHTMAP_FULL_HDR UNITY_LIGHT_PROBE_PROXY_VOLUME UNITY_PBS_USE_BRDF1 UNITY_PLATFORM_SUPPORTS_DEPTH_FETCH UNITY_SPECCUBE_BLENDING UNITY_SPECCUBE_BOX_PROJECTION UNITY_USE_DITHER_MASK_FOR_ALPHABLENDED_SHADOWS
Disabled keywords: DEBUG_DISPLAY DIRLIGHTMAP_COMBINED DOTS_INSTANCING_ON DYNAMICLIGHTMAP_ON HAIR_VERTEX_STATIC INSTANCING_ON LIGHTMAP_BICUBIC_SAMPLING LIGHTMAP_ON PROCEDURAL_INSTANCING_ON SHADER_API_GLES30 SHADER_API_GLES31 SHADER_API_GLES32 UNITY_ASTC_NORMALMAP_ENCODING UNITY_COLORSPACE_GAMMA UNITY_FRAMEBUFFER_FETCH_AVAILABLE UNITY_HARDWARE_TIER1 UNITY_HARDWARE_TIER2 UNITY_HARDWARE_TIER3 UNITY_LIGHTMAP_DLDR_ENCODING UNITY_LIGHTMAP_RGBM_ENCODING UNITY_METAL_SHADOWS_USE_POINT_FILTERING UNITY_NO_DXT5nm UNITY_NO_SCREENSPACE_SHADOWS UNITY_PBS_USE_BRDF2 UNITY_PBS_USE_BRDF3 UNITY_PRETRANSFORM_TO_DISPLAY_ORIENTATION UNITY_UNIFIED_SHADER_PRECISION_MODEL UNITY_VIRTUAL_TEXTURING USE_LEGACY_LIGHTMAPS _ADD_PRECOMPUTED_VELOCITY _TRANSPARENT_REFRACTIVE_SORT _TRANSPARENT_WRITES_MOTION_VEC
Shader error in 'Krag Kings/Native Groom/NativeFurAuthored': syntax error: unexpected token 'point' at Assets/NativeGroom/NativeFurAuthored.shadergraph(7317) (on d3d11)

Compiling Subshader: 0, Pass: ForwardOnly, Vertex program with HAIR_VERTEX_LIVE _DOUBLESIDED_ON _SURFACE_TYPE_TRANSPARENT
Platform defines: SHADER_API_DESKTOP UNITY_ENABLE_DETAIL_NORMALMAP UNITY_ENABLE_REFLECTION_BUFFERS UNITY_LIGHTMAP_FULL_HDR UNITY_LIGHT_PROBE_PROXY_VOLUME UNITY_PBS_USE_BRDF1 UNITY_PLATFORM_SUPPORTS_DEPTH_FETCH UNITY_SPECCUBE_BLENDING UNITY_SPECCUBE_BOX_PROJECTION UNITY_USE_DITHER_MASK_FOR_ALPHABLENDED_SHADOWS
Disabled keywords: DEBUG_DISPLAY DIRLIGHTMAP_COMBINED DOTS_INSTANCING_ON DYNAMICLIGHTMAP_ON HAIR_VERTEX_STATIC INSTANCING_ON LIGHTMAP_BICUBIC_SAMPLING LIGHTMAP_ON PROCEDURAL_INSTANCING_ON SHADER_API_GLES30 SHADER_API_GLES31 SHADER_API_GLES32 UNITY_ASTC_NORMALMAP_ENCODING UNITY_COLORSPACE_GAMMA UNITY_FRAMEBUFFER_FETCH_AVAILABLE UNITY_HARDWARE_TIER1 UNITY_HARDWARE_TIER2 UNITY_HARDWARE_TIER3 UNITY_LIGHTMAP_DLDR_ENCODING UNITY_LIGHTMAP_RGBM_ENCODING UNITY_METAL_SHADOWS_USE_POINT_FILTERING UNITY_NO_DXT5nm UNITY_NO_SCREENSPACE_SHADOWS UNITY_PBS_USE_BRDF2 UNITY_PBS_USE_BRDF3 UNITY_PRETRANSFORM_TO_DISPLAY_ORIENTATION UNITY_UNIFIED_SHADER_PRECISION_MODEL UNITY_VIRTUAL_TEXTURING USE_LEGACY_LIGHTMAPS _ADD_PRECOMPUTED_VELOCITY _TRANSPARENT_REFRACTIVE_SORT _TRANSPARENT_WRITES_MOTION_VEC
Shader error in 'Krag Kings/Native Groom/NativeFurAuthored': expected unqualified-id at Assets/NativeGroom/NativeFurAuthored.shadergraph(8366) (on d3d11)

Compiling Subshader: 0, Pass: LineRenderingOffscreenShading, Vertex program with HAIR_VERTEX_LIVE UNITY_DEVICE_SUPPORTS_NATIVE_16BIT _DOUBLESIDED_ON _SURFACE_TYPE_TRANSPARENT
Platform defines: SHADER_API_DESKTOP UNITY_ENABLE_DETAIL_NORMALMAP UNITY_ENABLE_REFLECTION_BUFFERS UNITY_LIGHTMAP_FULL_HDR UNITY_LIGHT_PROBE_PROXY_VOLUME UNITY_PBS_USE_BRDF1 UNITY_PLATFORM_SUPPORTS_DEPTH_FETCH UNITY_SPECCUBE_BLENDING UNITY_SPECCUBE_BOX_PROJECTION UNITY_USE_DITHER_MASK_FOR_ALPHABLENDED_SHADOWS
Disabled keywords: DEBUG_DISPLAY DIRLIGHTMAP_COMBINED DOTS_INSTANCING_ON DYNAMICLIGHTMAP_ON HAIR_VERTEX_STATIC INSTANCING_ON LIGHTMAP_BICUBIC_SAMPLING LIGHTMAP_ON PROCEDURAL_INSTANCING_ON SHADER_API_GLES30 SHADER_API_GLES31 SHADER_API_GLES32 UNITY_ASTC_NORMALMAP_ENCODING UNITY_COLORSPACE_GAMMA UNITY_FRAMEBUFFER_FETCH_AVAILABLE UNITY_HARDWARE_TIER1 UNITY_HARDWARE_TIER2 UNITY_HARDWARE_TIER3 UNITY_LIGHTMAP_DLDR_ENCODING UNITY_LIGHTMAP_RGBM_ENCODING UNITY_METAL_SHADOWS_USE_POINT_FILTERING UNITY_NO_DXT5nm UNITY_NO_SCREENSPACE_SHADOWS UNITY_PBS_USE_BRDF2 UNITY_PBS_USE_BRDF3 UNITY_PRETRANSFORM_TO_DISPLAY_ORIENTATION UNITY_UNIFIED_SHADER_PRECISION_MODEL UNITY_VIRTUAL_TEXTURING USE_LEGACY_LIGHTMAPS _ADD_PRECOMPUTED_VELOCITY _TRANSPARENT_REFRACTIVE_SORT _TRANSPARENT_WRITES_MOTION_VEC
Shader error in 'Krag Kings/Native Groom/NativeFurAuthored': modifiers must appear before type at Assets/NativeGroom/NativeFurAuthored.shadergraph(8366) (on d3d11)

Compiling Subshader: 0, Pass: LineRenderingOffscreenShading, Vertex program with HAIR_VERTEX_LIVE UNITY_DEVICE_SUPPORTS_NATIVE_16BIT _DOUBLESIDED_ON _SURFACE_TYPE_TRANSPARENT
Platform defines: SHADER_API_DESKTOP UNITY_ENABLE_DETAIL_NORMALMAP UNITY_ENABLE_REFLECTION_BUFFERS UNITY_LIGHTMAP_FULL_HDR UNITY_LIGHT_PROBE_PROXY_VOLUME UNITY_PBS_USE_BRDF1 UNITY_PLATFORM_SUPPORTS_DEPTH_FETCH UNITY_SPECCUBE_BLENDING UNITY_SPECCUBE_BOX_PROJECTION UNITY_USE_DITHER_MASK_FOR_ALPHABLENDED_SHADOWS
Disabled keywords: DEBUG_DISPLAY DIRLIGHTMAP_COMBINED DOTS_INSTANCING_ON DYNAMICLIGHTMAP_ON HAIR_VERTEX_STATIC INSTANCING_ON LIGHTMAP_BICUBIC_SAMPLING LIGHTMAP_ON PROCEDURAL_INSTANCING_ON SHADER_API_GLES30 SHADER_API_GLES31 SHADER_API_GLES32 UNITY_ASTC_NORMALMAP_ENCODING UNITY_COLORSPACE_GAMMA UNITY_FRAMEBUFFER_FETCH_AVAILABLE UNITY_HARDWARE_TIER1 UNITY_HARDWARE_TIER2 UNITY_HARDWARE_TIER3 UNITY_LIGHTMAP_DLDR_ENCODING UNITY_LIGHTMAP_RGBM_ENCODING UNITY_METAL_SHADOWS_USE_POINT_FILTERING UNITY_NO_DXT5nm UNITY_NO_SCREENSPACE_SHADOWS UNITY_PBS_USE_BRDF2 UNITY_PBS_USE_BRDF3 UNITY_PRETRANSFORM_TO_DISPLAY_ORIENTATION UNITY_UNIFIED_SHADER_PRECISION_MODEL UNITY_VIRTUAL_TEXTURING USE_LEGACY_LIGHTMAPS _ADD_PRECOMPUTED_VELOCITY _TRANSPARENT_REFRACTIVE_SORT _TRANSPARENT_WRITES_MOTION_VEC
Shader error in 'Krag Kings/Native Groom/NativeFurAuthored': expected expression at Assets/NativeGroom/NativeFurAuthored.shadergraph(8367) (on d3d11)

Compiling Subshader: 0, Pass: LineRenderingOffscreenShading, Vertex program with HAIR_VERTEX_LIVE UNITY_DEVICE_SUPPORTS_NATIVE_16BIT _DOUBLESIDED_ON _SURFACE_TYPE_TRANSPARENT
Platform defines: SHADER_API_DESKTOP UNITY_ENABLE_DETAIL_NORMALMAP UNITY_ENABLE_REFLECTION_BUFFERS UNITY_LIGHTMAP_FULL_HDR UNITY_LIGHT_PROBE_PROXY_VOLUME UNITY_PBS_USE_BRDF1 UNITY_PLATFORM_SUPPORTS_DEPTH_FETCH UNITY_SPECCUBE_BLENDING UNITY_SPECCUBE_BOX_PROJECTION UNITY_USE_DITHER_MASK_FOR_ALPHABLENDED_SHADOWS
Disabled keywords: DEBUG_DISPLAY DIRLIGHTMAP_COMBINED DOTS_INSTANCING_ON DYNAMICLIGHTMAP_ON HAIR_VERTEX_STATIC INSTANCING_ON LIGHTMAP_BICUBIC_SAMPLING LIGHTMAP_ON PROCEDURAL_INSTANCING_ON SHADER_API_GLES30 SHADER_API_GLES31 SHADER_API_GLES32 UNITY_ASTC_NORMALMAP_ENCODING UNITY_COLORSPACE_GAMMA UNITY_FRAMEBUFFER_FETCH_AVAILABLE UNITY_HARDWARE_TIER1 UNITY_HARDWARE_TIER2 UNITY_HARDWARE_TIER3 UNITY_LIGHTMAP_DLDR_ENCODING UNITY_LIGHTMAP_RGBM_ENCODING UNITY_METAL_SHADOWS_USE_POINT_FILTERING UNITY_NO_DXT5nm UNITY_NO_SCREENSPACE_SHADOWS UNITY_PBS_USE_BRDF2 UNITY_PBS_USE_BRDF3 UNITY_PRETRANSFORM_TO_DISPLAY_ORIENTATION UNITY_UNIFIED_SHADER_PRECISION_MODEL UNITY_VIRTUAL_TEXTURING USE_LEGACY_LIGHTMAPS _ADD_PRECOMPUTED_VELOCITY _TRANSPARENT_REFRACTIVE_SORT _TRANSPARENT_WRITES_MOTION_VEC
Shader error in 'Krag Kings/Native Groom/NativeFurAuthored': expected expression at Assets/NativeGroom/NativeFurAuthored.shadergraph(8369) (on d3d11)

Compiling Subshader: 0, Pass: LineRenderingOffscreenShading, Vertex program with HAIR_VERTEX_LIVE UNITY_DEVICE_SUPPORTS_NATIVE_16BIT _DOUBLESIDED_ON _SURFACE_TYPE_TRANSPARENT
Platform defines: SHADER_API_DESKTOP UNITY_ENABLE_DETAIL_NORMALMAP UNITY_ENABLE_REFLECTION_BUFFERS UNITY_LIGHTMAP_FULL_HDR UNITY_LIGHT_PROBE_PROXY_VOLUME UNITY_PBS_USE_BRDF1 UNITY_PLATFORM_SUPPORTS_DEPTH_FETCH UNITY_SPECCUBE_BLENDING UNITY_SPECCUBE_BOX_PROJECTION UNITY_USE_DITHER_MASK_FOR_ALPHABLENDED_SHADOWS
Disabled keywords: DEBUG_DISPLAY DIRLIGHTMAP_COMBINED DOTS_INSTANCING_ON DYNAMICLIGHTMAP_ON HAIR_VERTEX_STATIC INSTANCING_ON LIGHTMAP_BICUBIC_SAMPLING LIGHTMAP_ON PROCEDURAL_INSTANCING_ON SHADER_API_GLES30 SHADER_API_GLES31 SHADER_API_GLES32 UNITY_ASTC_NORMALMAP_ENCODING UNITY_COLORSPACE_GAMMA UNITY_FRAMEBUFFER_FETCH_AVAILABLE UNITY_HARDWARE_TIER1 UNITY_HARDWARE_TIER2 UNITY_HARDWARE_TIER3 UNITY_LIGHTMAP_DLDR_ENCODING UNITY_LIGHTMAP_RGBM_ENCODING UNITY_METAL_SHADOWS_USE_POINT_FILTERING UNITY_NO_DXT5nm UNITY_NO_SCREENSPACE_SHADOWS UNITY_PBS_USE_BRDF2 UNITY_PBS_USE_BRDF3 UNITY_PRETRANSFORM_TO_DISPLAY_ORIENTATION UNITY_UNIFIED_SHADER_PRECISION_MODEL UNITY_VIRTUAL_TEXTURING USE_LEGACY_LIGHTMAPS _ADD_PRECOMPUTED_VELOCITY _TRANSPARENT_REFRACTIVE_SORT _TRANSPARENT_WRITES_MOTION_VEC
Shader error in 'Krag Kings/Native Groom/NativeFurAuthored': syntax error: unexpected token 'point' at Assets/NativeGroom/NativeFurAuthored.shadergraph(9355) (on d3d11)

Compiling Subshader: 0, Pass: FullScreenDebug, Vertex program with HAIR_VERTEX_LIVE _DOUBLESIDED_ON
Platform defines: SHADER_API_DESKTOP UNITY_ENABLE_DETAIL_NORMALMAP UNITY_ENABLE_REFLECTION_BUFFERS UNITY_LIGHTMAP_FULL_HDR UNITY_LIGHT_PROBE_PROXY_VOLUME UNITY_PBS_USE_BRDF1 UNITY_PLATFORM_SUPPORTS_DEPTH_FETCH UNITY_SPECCUBE_BLENDING UNITY_SPECCUBE_BOX_PROJECTION UNITY_USE_DITHER_MASK_FOR_ALPHABLENDED_SHADOWS
Disabled keywords: DOTS_INSTANCING_ON HAIR_VERTEX_STATIC INSTANCING_ON PROCEDURAL_INSTANCING_ON SHADER_API_GLES30 SHADER_API_GLES31 SHADER_API_GLES32 UNITY_ASTC_NORMALMAP_ENCODING UNITY_COLORSPACE_GAMMA UNITY_FRAMEBUFFER_FETCH_AVAILABLE UNITY_HARDWARE_TIER1 UNITY_HARDWARE_TIER2 UNITY_HARDWARE_TIER3 UNITY_LIGHTMAP_DLDR_ENCODING UNITY_LIGHTMAP_RGBM_ENCODING UNITY_METAL_SHADOWS_USE_POINT_FILTERING UNITY_NO_DXT5nm UNITY_NO_SCREENSPACE_SHADOWS UNITY_PBS_USE_BRDF2 UNITY_PBS_USE_BRDF3 UNITY_PRETRANSFORM_TO_DISPLAY_ORIENTATION UNITY_UNIFIED_SHADER_PRECISION_MODEL UNITY_VIRTUAL_TEXTURING
Shader error in 'Krag Kings/Native Groom/NativeFurAuthored': 'floor': no matching 0 parameter intrinsic function; Possible intrinsic functions are: floor(float|half|min10float|min16float) at Assets/NativeGroom/NativeFurAuthored.shadergraph(9356) (on d3d11)

Compiling Subshader: 0, Pass: FullScreenDebug, Vertex program with HAIR_VERTEX_LIVE _DOUBLESIDED_ON
Platform defines: SHADER_API_DESKTOP UNITY_ENABLE_DETAIL_NORMALMAP UNITY_ENABLE_REFLECTION_BUFFERS UNITY_LIGHTMAP_FULL_HDR UNITY_LIGHT_PROBE_PROXY_VOLUME UNITY_PBS_USE_BRDF1 UNITY_PLATFORM_SUPPORTS_DEPTH_FETCH UNITY_SPECCUBE_BLENDING UNITY_SPECCUBE_BOX_PROJECTION UNITY_USE_DITHER_MASK_FOR_ALPHABLENDED_SHADOWS
Disabled keywords: DOTS_INSTANCING_ON HAIR_VERTEX_STATIC INSTANCING_ON PROCEDURAL_INSTANCING_ON SHADER_API_GLES30 SHADER_API_GLES31 SHADER_API_GLES32 UNITY_ASTC_NORMALMAP_ENCODING UNITY_COLORSPACE_GAMMA UNITY_FRAMEBUFFER_FETCH_AVAILABLE UNITY_HARDWARE_TIER1 UNITY_HARDWARE_TIER2 UNITY_HARDWARE_TIER3 UNITY_LIGHTMAP_DLDR_ENCODING UNITY_LIGHTMAP_RGBM_ENCODING UNITY_METAL_SHADOWS_USE_POINT_FILTERING UNITY_NO_DXT5nm UNITY_NO_SCREENSPACE_SHADOWS UNITY_PBS_USE_BRDF2 UNITY_PBS_USE_BRDF3 UNITY_PRETRANSFORM_TO_DISPLAY_ORIENTATION UNITY_UNIFIED_SHADER_PRECISION_MODEL UNITY_VIRTUAL_TEXTURING
Shader error in 'Krag Kings/Native Groom/NativeFurAuthored': syntax error: unexpected token 'point' at Assets/NativeGroom/NativeFurAuthored.shadergraph(9356) (on d3d11)

Compiling Subshader: 0, Pass: FullScreenDebug, Vertex program with HAIR_VERTEX_LIVE _DOUBLESIDED_ON
Platform defines: SHADER_API_DESKTOP UNITY_ENABLE_DETAIL_NORMALMAP UNITY_ENABLE_REFLECTION_BUFFERS UNITY_LIGHTMAP_FULL_HDR UNITY_LIGHT_PROBE_PROXY_VOLUME UNITY_PBS_USE_BRDF1 UNITY_PLATFORM_SUPPORTS_DEPTH_FETCH UNITY_SPECCUBE_BLENDING UNITY_SPECCUBE_BOX_PROJECTION UNITY_USE_DITHER_MASK_FOR_ALPHABLENDED_SHADOWS
Disabled keywords: DOTS_INSTANCING_ON HAIR_VERTEX_STATIC INSTANCING_ON PROCEDURAL_INSTANCING_ON SHADER_API_GLES30 SHADER_API_GLES31 SHADER_API_GLES32 UNITY_ASTC_NORMALMAP_ENCODING UNITY_COLORSPACE_GAMMA UNITY_FRAMEBUFFER_FETCH_AVAILABLE UNITY_HARDWARE_TIER1 UNITY_HARDWARE_TIER2 UNITY_HARDWARE_TIER3 UNITY_LIGHTMAP_DLDR_ENCODING UNITY_LIGHTMAP_RGBM_ENCODING UNITY_METAL_SHADOWS_USE_POINT_FILTERING UNITY_NO_DXT5nm UNITY_NO_SCREENSPACE_SHADOWS UNITY_PBS_USE_BRDF2 UNITY_PBS_USE_BRDF3 UNITY_PRETRANSFORM_TO_DISPLAY_ORIENTATION UNITY_UNIFIED_SHADER_PRECISION_MODEL UNITY_VIRTUAL_TEXTURING
Shader error in 'Krag Kings/Native Groom/NativeFurAuthored': syntax error: unexpected token 'point' at Assets/NativeGroom/NativeFurAuthored.shadergraph(399) (on d3d11)

Compiling Subshader: 0, Pass: ShadowCaster, Vertex program with HAIR_VERTEX_LIVE _DOUBLESIDED_ON
Platform defines: SHADER_API_DESKTOP UNITY_ENABLE_DETAIL_NORMALMAP UNITY_ENABLE_REFLECTION_BUFFERS UNITY_LIGHTMAP_FULL_HDR UNITY_LIGHT_PROBE_PROXY_VOLUME UNITY_PASS_SHADOWCASTER UNITY_PBS_USE_BRDF1 UNITY_PLATFORM_SUPPORTS_DEPTH_FETCH UNITY_SPECCUBE_BLENDING UNITY_SPECCUBE_BOX_PROJECTION UNITY_USE_DITHER_MASK_FOR_ALPHABLENDED_SHADOWS
Disabled keywords: DOTS_INSTANCING_ON HAIR_VERTEX_STATIC INSTANCING_ON PROCEDURAL_INSTANCING_ON SHADER_API_GLES30 SHADER_API_GLES31 SHADER_API_GLES32 UNITY_ASTC_NORMALMAP_ENCODING UNITY_COLORSPACE_GAMMA UNITY_FRAMEBUFFER_FETCH_AVAILABLE UNITY_HARDWARE_TIER1 UNITY_HARDWARE_TIER2 UNITY_HARDWARE_TIER3 UNITY_LIGHTMAP_DLDR_ENCODING UNITY_LIGHTMAP_RGBM_ENCODING UNITY_METAL_SHADOWS_USE_POINT_FILTERING UNITY_NO_DXT5nm UNITY_NO_SCREENSPACE_SHADOWS UNITY_PBS_USE_BRDF2 UNITY_PBS_USE_BRDF3 UNITY_PRETRANSFORM_TO_DISPLAY_ORIENTATION UNITY_UNIFIED_SHADER_PRECISION_MODEL UNITY_VIRTUAL_TEXTURING
Shader error in 'Krag Kings/Native Groom/NativeFurAuthored': 'floor': no matching 0 parameter intrinsic function; Possible intrinsic functions are: floor(float|half|min10float|min16float) at Assets/NativeGroom/NativeFurAuthored.shadergraph(400) (on d3d11)

Compiling Subshader: 0, Pass: ShadowCaster, Vertex program with HAIR_VERTEX_LIVE _DOUBLESIDED_ON
Platform defines: SHADER_API_DESKTOP UNITY_ENABLE_DETAIL_NORMALMAP UNITY_ENABLE_REFLECTION_BUFFERS UNITY_LIGHTMAP_FULL_HDR UNITY_LIGHT_PROBE_PROXY_VOLUME UNITY_PASS_SHADOWCASTER UNITY_PBS_USE_BRDF1 UNITY_PLATFORM_SUPPORTS_DEPTH_FETCH UNITY_SPECCUBE_BLENDING UNITY_SPECCUBE_BOX_PROJECTION UNITY_USE_DITHER_MASK_FOR_ALPHABLENDED_SHADOWS
Disabled keywords: DOTS_INSTANCING_ON HAIR_VERTEX_STATIC INSTANCING_ON PROCEDURAL_INSTANCING_ON SHADER_API_GLES30 SHADER_API_GLES31 SHADER_API_GLES32 UNITY_ASTC_NORMALMAP_ENCODING UNITY_COLORSPACE_GAMMA UNITY_FRAMEBUFFER_FETCH_AVAILABLE UNITY_HARDWARE_TIER1 UNITY_HARDWARE_TIER2 UNITY_HARDWARE_TIER3 UNITY_LIGHTMAP_DLDR_ENCODING UNITY_LIGHTMAP_RGBM_ENCODING UNITY_METAL_SHADOWS_USE_POINT_FILTERING UNITY_NO_DXT5nm UNITY_NO_SCREENSPACE_SHADOWS UNITY_PBS_USE_BRDF2 UNITY_PBS_USE_BRDF3 UNITY_PRETRANSFORM_TO_DISPLAY_ORIENTATION UNITY_UNIFIED_SHADER_PRECISION_MODEL UNITY_VIRTUAL_TEXTURING
Shader error in 'Krag Kings/Native Groom/NativeFurAuthored': syntax error: unexpected token 'point' at Assets/NativeGroom/NativeFurAuthored.shadergraph(400) (on d3d11)

Compiling Subshader: 0, Pass: ShadowCaster, Vertex program with HAIR_VERTEX_LIVE _DOUBLESIDED_ON
Platform defines: SHADER_API_DESKTOP UNITY_ENABLE_DETAIL_NORMALMAP UNITY_ENABLE_REFLECTION_BUFFERS UNITY_LIGHTMAP_FULL_HDR UNITY_LIGHT_PROBE_PROXY_VOLUME UNITY_PASS_SHADOWCASTER UNITY_PBS_USE_BRDF1 UNITY_PLATFORM_SUPPORTS_DEPTH_FETCH UNITY_SPECCUBE_BLENDING UNITY_SPECCUBE_BOX_PROJECTION UNITY_USE_DITHER_MASK_FOR_ALPHABLENDED_SHADOWS
Disabled keywords: DOTS_INSTANCING_ON HAIR_VERTEX_STATIC INSTANCING_ON PROCEDURAL_INSTANCING_ON SHADER_API_GLES30 SHADER_API_GLES31 SHADER_API_GLES32 UNITY_ASTC_NORMALMAP_ENCODING UNITY_COLORSPACE_GAMMA UNITY_FRAMEBUFFER_FETCH_AVAILABLE UNITY_HARDWARE_TIER1 UNITY_HARDWARE_TIER2 UNITY_HARDWARE_TIER3 UNITY_LIGHTMAP_DLDR_ENCODING UNITY_LIGHTMAP_RGBM_ENCODING UNITY_METAL_SHADOWS_USE_POINT_FILTERING UNITY_NO_DXT5nm UNITY_NO_SCREENSPACE_SHADOWS UNITY_PBS_USE_BRDF2 UNITY_PBS_USE_BRDF3 UNITY_PRETRANSFORM_TO_DISPLAY_ORIENTATION UNITY_UNIFIED_SHADER_PRECISION_MODEL UNITY_VIRTUAL_TEXTURING
Shader error in 'Krag Kings/Native Groom/NativeFurAuthored': syntax error: unexpected token 'point' at Assets/NativeGroom/NativeFurAuthored.shadergraph(1375) (on d3d11)

Compiling Subshader: 0, Pass: META, Vertex program with HAIR_VERTEX_LIVE _DOUBLESIDED_ON _SURFACE_TYPE_TRANSPARENT
Platform defines: SHADER_API_DESKTOP UNITY_ENABLE_DETAIL_NORMALMAP UNITY_ENABLE_REFLECTION_BUFFERS UNITY_LIGHTMAP_FULL_HDR UNITY_LIGHT_PROBE_PROXY_VOLUME UNITY_PASS_META UNITY_PBS_USE_BRDF1 UNITY_PLATFORM_SUPPORTS_DEPTH_FETCH UNITY_SPECCUBE_BLENDING UNITY_SPECCUBE_BOX_PROJECTION UNITY_USE_DITHER_MASK_FOR_ALPHABLENDED_SHADOWS
Disabled keywords: DOTS_INSTANCING_ON EDITOR_VISUALIZATION HAIR_VERTEX_STATIC INSTANCING_ON PROCEDURAL_INSTANCING_ON SHADER_API_GLES30 SHADER_API_GLES31 SHADER_API_GLES32 UNITY_ASTC_NORMALMAP_ENCODING UNITY_COLORSPACE_GAMMA UNITY_FRAMEBUFFER_FETCH_AVAILABLE UNITY_HARDWARE_TIER1 UNITY_HARDWARE_TIER2 UNITY_HARDWARE_TIER3 UNITY_LIGHTMAP_DLDR_ENCODING UNITY_LIGHTMAP_RGBM_ENCODING UNITY_METAL_SHADOWS_USE_POINT_FILTERING UNITY_NO_DXT5nm UNITY_NO_SCREENSPACE_SHADOWS UNITY_PBS_USE_BRDF2 UNITY_PBS_USE_BRDF3 UNITY_PRETRANSFORM_TO_DISPLAY_ORIENTATION UNITY_UNIFIED_SHADER_PRECISION_MODEL UNITY_VIRTUAL_TEXTURING
Shader error in 'Krag Kings/Native Groom/NativeFurAuthored': 'floor': no matching 0 parameter intrinsic function; Possible intrinsic functions are: floor(float|half|min10float|min16float) at Assets/NativeGroom/NativeFurAuthored.shadergraph(1376) (on d3d11)

Compiling Subshader: 0, Pass: META, Vertex program with HAIR_VERTEX_LIVE _DOUBLESIDED_ON _SURFACE_TYPE_TRANSPARENT
Platform defines: SHADER_API_DESKTOP UNITY_ENABLE_DETAIL_NORMALMAP UNITY_ENABLE_REFLECTION_BUFFERS UNITY_LIGHTMAP_FULL_HDR UNITY_LIGHT_PROBE_PROXY_VOLUME UNITY_PASS_META UNITY_PBS_USE_BRDF1 UNITY_PLATFORM_SUPPORTS_DEPTH_FETCH UNITY_SPECCUBE_BLENDING UNITY_SPECCUBE_BOX_PROJECTION UNITY_USE_DITHER_MASK_FOR_ALPHABLENDED_SHADOWS
Disabled keywords: DOTS_INSTANCING_ON EDITOR_VISUALIZATION HAIR_VERTEX_STATIC INSTANCING_ON PROCEDURAL_INSTANCING_ON SHADER_API_GLES30 SHADER_API_GLES31 SHADER_API_GLES32 UNITY_ASTC_NORMALMAP_ENCODING UNITY_COLORSPACE_GAMMA UNITY_FRAMEBUFFER_FETCH_AVAILABLE UNITY_HARDWARE_TIER1 UNITY_HARDWARE_TIER2 UNITY_HARDWARE_TIER3 UNITY_LIGHTMAP_DLDR_ENCODING UNITY_LIGHTMAP_RGBM_ENCODING UNITY_METAL_SHADOWS_USE_POINT_FILTERING UNITY_NO_DXT5nm UNITY_NO_SCREENSPACE_SHADOWS UNITY_PBS_USE_BRDF2 UNITY_PBS_USE_BRDF3 UNITY_PRETRANSFORM_TO_DISPLAY_ORIENTATION UNITY_UNIFIED_SHADER_PRECISION_MODEL UNITY_VIRTUAL_TEXTURING
Shader error in 'Krag Kings/Native Groom/NativeFurAuthored': syntax error: unexpected token 'point' at Assets/NativeGroom/NativeFurAuthored.shadergraph(1376) (on d3d11)

Compiling Subshader: 0, Pass: META, Vertex program with HAIR_VERTEX_LIVE _DOUBLESIDED_ON _SURFACE_TYPE_TRANSPARENT
Platform defines: SHADER_API_DESKTOP UNITY_ENABLE_DETAIL_NORMALMAP UNITY_ENABLE_REFLECTION_BUFFERS UNITY_LIGHTMAP_FULL_HDR UNITY_LIGHT_PROBE_PROXY_VOLUME UNITY_PASS_META UNITY_PBS_USE_BRDF1 UNITY_PLATFORM_SUPPORTS_DEPTH_FETCH UNITY_SPECCUBE_BLENDING UNITY_SPECCUBE_BOX_PROJECTION UNITY_USE_DITHER_MASK_FOR_ALPHABLENDED_SHADOWS
Disabled keywords: DOTS_INSTANCING_ON EDITOR_VISUALIZATION HAIR_VERTEX_STATIC INSTANCING_ON PROCEDURAL_INSTANCING_ON SHADER_API_GLES30 SHADER_API_GLES31 SHADER_API_GLES32 UNITY_ASTC_NORMALMAP_ENCODING UNITY_COLORSPACE_GAMMA UNITY_FRAMEBUFFER_FETCH_AVAILABLE UNITY_HARDWARE_TIER1 UNITY_HARDWARE_TIER2 UNITY_HARDWARE_TIER3 UNITY_LIGHTMAP_DLDR_ENCODING UNITY_LIGHTMAP_RGBM_ENCODING UNITY_METAL_SHADOWS_USE_POINT_FILTERING UNITY_NO_DXT5nm UNITY_NO_SCREENSPACE_SHADOWS UNITY_PBS_USE_BRDF2 UNITY_PBS_USE_BRDF3 UNITY_PRETRANSFORM_TO_DISPLAY_ORIENTATION UNITY_UNIFIED_SHADER_PRECISION_MODEL UNITY_VIRTUAL_TEXTURING
Shader error in 'Krag Kings/Native Groom/NativeFurAuthored': syntax error: unexpected token 'point' at Assets/NativeGroom/NativeFurAuthored.shadergraph(2326) (on d3d11)

Compiling Subshader: 0, Pass: ScenePickingPass, Vertex program with HAIR_VERTEX_LIVE _DOUBLESIDED_ON
Platform defines: SHADER_API_DESKTOP UNITY_ENABLE_DETAIL_NORMALMAP UNITY_ENABLE_REFLECTION_BUFFERS UNITY_LIGHTMAP_FULL_HDR UNITY_LIGHT_PROBE_PROXY_VOLUME UNITY_PBS_USE_BRDF1 UNITY_PLATFORM_SUPPORTS_DEPTH_FETCH UNITY_SPECCUBE_BLENDING UNITY_SPECCUBE_BOX_PROJECTION UNITY_USE_DITHER_MASK_FOR_ALPHABLENDED_SHADOWS
Disabled keywords: DOTS_INSTANCING_ON HAIR_VERTEX_STATIC INSTANCING_ON PROCEDURAL_INSTANCING_ON SHADER_API_GLES30 SHADER_API_GLES31 SHADER_API_GLES32 UNITY_ASTC_NORMALMAP_ENCODING UNITY_COLORSPACE_GAMMA UNITY_FRAMEBUFFER_FETCH_AVAILABLE UNITY_HARDWARE_TIER1 UNITY_HARDWARE_TIER2 UNITY_HARDWARE_TIER3 UNITY_LIGHTMAP_DLDR_ENCODING UNITY_LIGHTMAP_RGBM_ENCODING UNITY_METAL_SHADOWS_USE_POINT_FILTERING UNITY_NO_DXT5nm UNITY_NO_SCREENSPACE_SHADOWS UNITY_PBS_USE_BRDF2 UNITY_PBS_USE_BRDF3 UNITY_PRETRANSFORM_TO_DISPLAY_ORIENTATION UNITY_UNIFIED_SHADER_PRECISION_MODEL UNITY_VIRTUAL_TEXTURING
Shader error in 'Krag Kings/Native Groom/NativeFurAuthored': 'floor': no matching 0 parameter intrinsic function; Possible intrinsic functions are: floor(float|half|min10float|min16float) at Assets/NativeGroom/NativeFurAuthored.shadergraph(2327) (on d3d11)

Compiling Subshader: 0, Pass: ScenePickingPass, Vertex program with HAIR_VERTEX_LIVE _DOUBLESIDED_ON
Platform defines: SHADER_API_DESKTOP UNITY_ENABLE_DETAIL_NORMALMAP UNITY_ENABLE_REFLECTION_BUFFERS UNITY_LIGHTMAP_FULL_HDR UNITY_LIGHT_PROBE_PROXY_VOLUME UNITY_PBS_USE_BRDF1 UNITY_PLATFORM_SUPPORTS_DEPTH_FETCH UNITY_SPECCUBE_BLENDING UNITY_SPECCUBE_BOX_PROJECTION UNITY_USE_DITHER_MASK_FOR_ALPHABLENDED_SHADOWS
Disabled keywords: DOTS_INSTANCING_ON HAIR_VERTEX_STATIC INSTANCING_ON PROCEDURAL_INSTANCING_ON SHADER_API_GLES30 SHADER_API_GLES31 SHADER_API_GLES32 UNITY_ASTC_NORMALMAP_ENCODING UNITY_COLORSPACE_GAMMA UNITY_FRAMEBUFFER_FETCH_AVAILABLE UNITY_HARDWARE_TIER1 UNITY_HARDWARE_TIER2 UNITY_HARDWARE_TIER3 UNITY_LIGHTMAP_DLDR_ENCODING UNITY_LIGHTMAP_RGBM_ENCODING UNITY_METAL_SHADOWS_USE_POINT_FILTERING UNITY_NO_DXT5nm UNITY_NO_SCREENSPACE_SHADOWS UNITY_PBS_USE_BRDF2 UNITY_PBS_USE_BRDF3 UNITY_PRETRANSFORM_TO_DISPLAY_ORIENTATION UNITY_UNIFIED_SHADER_PRECISION_MODEL UNITY_VIRTUAL_TEXTURING
Shader error in 'Krag Kings/Native Groom/NativeFurAuthored': syntax error: unexpected token 'point' at Assets/NativeGroom/NativeFurAuthored.shadergraph(2327) (on d3d11)

Compiling Subshader: 0, Pass: ScenePickingPass, Vertex program with HAIR_VERTEX_LIVE _DOUBLESIDED_ON
Platform defines: SHADER_API_DESKTOP UNITY_ENABLE_DETAIL_NORMALMAP UNITY_ENABLE_REFLECTION_BUFFERS UNITY_LIGHTMAP_FULL_HDR UNITY_LIGHT_PROBE_PROXY_VOLUME UNITY_PBS_USE_BRDF1 UNITY_PLATFORM_SUPPORTS_DEPTH_FETCH UNITY_SPECCUBE_BLENDING UNITY_SPECCUBE_BOX_PROJECTION UNITY_USE_DITHER_MASK_FOR_ALPHABLENDED_SHADOWS
Disabled keywords: DOTS_INSTANCING_ON HAIR_VERTEX_STATIC INSTANCING_ON PROCEDURAL_INSTANCING_ON SHADER_API_GLES30 SHADER_API_GLES31 SHADER_API_GLES32 UNITY_ASTC_NORMALMAP_ENCODING UNITY_COLORSPACE_GAMMA UNITY_FRAMEBUFFER_FETCH_AVAILABLE UNITY_HARDWARE_TIER1 UNITY_HARDWARE_TIER2 UNITY_HARDWARE_TIER3 UNITY_LIGHTMAP_DLDR_ENCODING UNITY_LIGHTMAP_RGBM_ENCODING UNITY_METAL_SHADOWS_USE_POINT_FILTERING UNITY_NO_DXT5nm UNITY_NO_SCREENSPACE_SHADOWS UNITY_PBS_USE_BRDF2 UNITY_PBS_USE_BRDF3 UNITY_PRETRANSFORM_TO_DISPLAY_ORIENTATION UNITY_UNIFIED_SHADER_PRECISION_MODEL UNITY_VIRTUAL_TEXTURING
Shader error in 'Krag Kings/Native Groom/NativeFurAuthored': syntax error: unexpected token 'point' at Assets/NativeGroom/NativeFurAuthored.shadergraph(3310) (on d3d11)

Compiling Subshader: 0, Pass: SceneSelectionPass, Vertex program with HAIR_VERTEX_LIVE _DOUBLESIDED_ON
Platform defines: SHADER_API_DESKTOP UNITY_ENABLE_DETAIL_NORMALMAP UNITY_ENABLE_REFLECTION_BUFFERS UNITY_LIGHTMAP_FULL_HDR UNITY_LIGHT_PROBE_PROXY_VOLUME UNITY_PBS_USE_BRDF1 UNITY_PLATFORM_SUPPORTS_DEPTH_FETCH UNITY_SPECCUBE_BLENDING UNITY_SPECCUBE_BOX_PROJECTION UNITY_USE_DITHER_MASK_FOR_ALPHABLENDED_SHADOWS
Disabled keywords: DOTS_INSTANCING_ON HAIR_VERTEX_STATIC INSTANCING_ON PROCEDURAL_INSTANCING_ON SHADER_API_GLES30 SHADER_API_GLES31 SHADER_API_GLES32 UNITY_ASTC_NORMALMAP_ENCODING UNITY_COLORSPACE_GAMMA UNITY_FRAMEBUFFER_FETCH_AVAILABLE UNITY_HARDWARE_TIER1 UNITY_HARDWARE_TIER2 UNITY_HARDWARE_TIER3 UNITY_LIGHTMAP_DLDR_ENCODING UNITY_LIGHTMAP_RGBM_ENCODING UNITY_METAL_SHADOWS_USE_POINT_FILTERING UNITY_NO_DXT5nm UNITY_NO_SCREENSPACE_SHADOWS UNITY_PBS_USE_BRDF2 UNITY_PBS_USE_BRDF3 UNITY_PRETRANSFORM_TO_DISPLAY_ORIENTATION UNITY_UNIFIED_SHADER_PRECISION_MODEL UNITY_VIRTUAL_TEXTURING
Shader error in 'Krag Kings/Native Groom/NativeFurAuthored': 'floor': no matching 0 parameter intrinsic function; Possible intrinsic functions are: floor(float|half|min10float|min16float) at Assets/NativeGroom/NativeFurAuthored.shadergraph(3311) (on d3d11)

Compiling Subshader: 0, Pass: SceneSelectionPass, Vertex program with HAIR_VERTEX_LIVE _DOUBLESIDED_ON
Platform defines: SHADER_API_DESKTOP UNITY_ENABLE_DETAIL_NORMALMAP UNITY_ENABLE_REFLECTION_BUFFERS UNITY_LIGHTMAP_FULL_HDR UNITY_LIGHT_PROBE_PROXY_VOLUME UNITY_PBS_USE_BRDF1 UNITY_PLATFORM_SUPPORTS_DEPTH_FETCH UNITY_SPECCUBE_BLENDING UNITY_SPECCUBE_BOX_PROJECTION UNITY_USE_DITHER_MASK_FOR_ALPHABLENDED_SHADOWS
Disabled keywords: DOTS_INSTANCING_ON HAIR_VERTEX_STATIC INSTANCING_ON PROCEDURAL_INSTANCING_ON SHADER_API_GLES30 SHADER_API_GLES31 SHADER_API_GLES32 UNITY_ASTC_NORMALMAP_ENCODING UNITY_COLORSPACE_GAMMA UNITY_FRAMEBUFFER_FETCH_AVAILABLE UNITY_HARDWARE_TIER1 UNITY_HARDWARE_TIER2 UNITY_HARDWARE_TIER3 UNITY_LIGHTMAP_DLDR_ENCODING UNITY_LIGHTMAP_RGBM_ENCODING UNITY_METAL_SHADOWS_USE_POINT_FILTERING UNITY_NO_DXT5nm UNITY_NO_SCREENSPACE_SHADOWS UNITY_PBS_USE_BRDF2 UNITY_PBS_USE_BRDF3 UNITY_PRETRANSFORM_TO_DISPLAY_ORIENTATION UNITY_UNIFIED_SHADER_PRECISION_MODEL UNITY_VIRTUAL_TEXTURING
Shader error in 'Krag Kings/Native Groom/NativeFurAuthored': syntax error: unexpected token 'point' at Assets/NativeGroom/NativeFurAuthored.shadergraph(3311) (on d3d11)

Compiling Subshader: 0, Pass: SceneSelectionPass, Vertex program with HAIR_VERTEX_LIVE _DOUBLESIDED_ON
Platform defines: SHADER_API_DESKTOP UNITY_ENABLE_DETAIL_NORMALMAP UNITY_ENABLE_REFLECTION_BUFFERS UNITY_LIGHTMAP_FULL_HDR UNITY_LIGHT_PROBE_PROXY_VOLUME UNITY_PBS_USE_BRDF1 UNITY_PLATFORM_SUPPORTS_DEPTH_FETCH UNITY_SPECCUBE_BLENDING UNITY_SPECCUBE_BOX_PROJECTION UNITY_USE_DITHER_MASK_FOR_ALPHABLENDED_SHADOWS
Disabled keywords: DOTS_INSTANCING_ON HAIR_VERTEX_STATIC INSTANCING_ON PROCEDURAL_INSTANCING_ON SHADER_API_GLES30 SHADER_API_GLES31 SHADER_API_GLES32 UNITY_ASTC_NORMALMAP_ENCODING UNITY_COLORSPACE_GAMMA UNITY_FRAMEBUFFER_FETCH_AVAILABLE UNITY_HARDWARE_TIER1 UNITY_HARDWARE_TIER2 UNITY_HARDWARE_TIER3 UNITY_LIGHTMAP_DLDR_ENCODING UNITY_LIGHTMAP_RGBM_ENCODING UNITY_METAL_SHADOWS_USE_POINT_FILTERING UNITY_NO_DXT5nm UNITY_NO_SCREENSPACE_SHADOWS UNITY_PBS_USE_BRDF2 UNITY_PBS_USE_BRDF3 UNITY_PRETRANSFORM_TO_DISPLAY_ORIENTATION UNITY_UNIFIED_SHADER_PRECISION_MODEL UNITY_VIRTUAL_TEXTURING
Shader error in 'Krag Kings/Native Groom/NativeFurAuthored': syntax error: unexpected token 'point' at Assets/NativeGroom/NativeFurAuthored.shadergraph(4306) (on d3d11)

Compiling Subshader: 0, Pass: MotionVectors, Vertex program with HAIR_VERTEX_LIVE _DOUBLESIDED_ON _SURFACE_TYPE_TRANSPARENT
Platform defines: SHADER_API_DESKTOP UNITY_ENABLE_DETAIL_NORMALMAP UNITY_ENABLE_REFLECTION_BUFFERS UNITY_LIGHTMAP_FULL_HDR UNITY_LIGHT_PROBE_PROXY_VOLUME UNITY_PASS_MOTIONVECTORS UNITY_PBS_USE_BRDF1 UNITY_PLATFORM_SUPPORTS_DEPTH_FETCH UNITY_SPECCUBE_BLENDING UNITY_SPECCUBE_BOX_PROJECTION UNITY_USE_DITHER_MASK_FOR_ALPHABLENDED_SHADOWS
Disabled keywords: DOTS_INSTANCING_ON HAIR_VERTEX_STATIC INSTANCING_ON PROCEDURAL_INSTANCING_ON SHADER_API_GLES30 SHADER_API_GLES31 SHADER_API_GLES32 UNITY_ASTC_NORMALMAP_ENCODING UNITY_COLORSPACE_GAMMA UNITY_FRAMEBUFFER_FETCH_AVAILABLE UNITY_HARDWARE_TIER1 UNITY_HARDWARE_TIER2 UNITY_HARDWARE_TIER3 UNITY_LIGHTMAP_DLDR_ENCODING UNITY_LIGHTMAP_RGBM_ENCODING UNITY_METAL_SHADOWS_USE_POINT_FILTERING UNITY_NO_DXT5nm UNITY_NO_SCREENSPACE_SHADOWS UNITY_PBS_USE_BRDF2 UNITY_PBS_USE_BRDF3 UNITY_PRETRANSFORM_TO_DISPLAY_ORIENTATION UNITY_UNIFIED_SHADER_PRECISION_MODEL UNITY_VIRTUAL_TEXTURING _ADD_PRECOMPUTED_VELOCITY _TRANSPARENT_REFRACTIVE_SORT _TRANSPARENT_WRITES_MOTION_VEC
Shader error in 'Krag Kings/Native Groom/NativeFurAuthored': 'floor': no matching 0 parameter intrinsic function; Possible intrinsic functions are: floor(float|half|min10float|min16float) at Assets/NativeGroom/NativeFurAuthored.shadergraph(4307) (on d3d11)

Compiling Subshader: 0, Pass: MotionVectors, Vertex program with HAIR_VERTEX_LIVE _DOUBLESIDED_ON _SURFACE_TYPE_TRANSPARENT
Platform defines: SHADER_API_DESKTOP UNITY_ENABLE_DETAIL_NORMALMAP UNITY_ENABLE_REFLECTION_BUFFERS UNITY_LIGHTMAP_FULL_HDR UNITY_LIGHT_PROBE_PROXY_VOLUME UNITY_PASS_MOTIONVECTORS UNITY_PBS_USE_BRDF1 UNITY_PLATFORM_SUPPORTS_DEPTH_FETCH UNITY_SPECCUBE_BLENDING UNITY_SPECCUBE_BOX_PROJECTION UNITY_USE_DITHER_MASK_FOR_ALPHABLENDED_SHADOWS
Disabled keywords: DOTS_INSTANCING_ON HAIR_VERTEX_STATIC INSTANCING_ON PROCEDURAL_INSTANCING_ON SHADER_API_GLES30 SHADER_API_GLES31 SHADER_API_GLES32 UNITY_ASTC_NORMALMAP_ENCODING UNITY_COLORSPACE_GAMMA UNITY_FRAMEBUFFER_FETCH_AVAILABLE UNITY_HARDWARE_TIER1 UNITY_HARDWARE_TIER2 UNITY_HARDWARE_TIER3 UNITY_LIGHTMAP_DLDR_ENCODING UNITY_LIGHTMAP_RGBM_ENCODING UNITY_METAL_SHADOWS_USE_POINT_FILTERING UNITY_NO_DXT5nm UNITY_NO_SCREENSPACE_SHADOWS UNITY_PBS_USE_BRDF2 UNITY_PBS_USE_BRDF3 UNITY_PRETRANSFORM_TO_DISPLAY_ORIENTATION UNITY_UNIFIED_SHADER_PRECISION_MODEL UNITY_VIRTUAL_TEXTURING _ADD_PRECOMPUTED_VELOCITY _TRANSPARENT_REFRACTIVE_SORT _TRANSPARENT_WRITES_MOTION_VEC
Shader error in 'Krag Kings/Native Groom/NativeFurAuthored': syntax error: unexpected token 'point' at Assets/NativeGroom/NativeFurAuthored.shadergraph(4307) (on d3d11)

Compiling Subshader: 0, Pass: MotionVectors, Vertex program with HAIR_VERTEX_LIVE _DOUBLESIDED_ON _SURFACE_TYPE_TRANSPARENT
Platform defines: SHADER_API_DESKTOP UNITY_ENABLE_DETAIL_NORMALMAP UNITY_ENABLE_REFLECTION_BUFFERS UNITY_LIGHTMAP_FULL_HDR UNITY_LIGHT_PROBE_PROXY_VOLUME UNITY_PASS_MOTIONVECTORS UNITY_PBS_USE_BRDF1 UNITY_PLATFORM_SUPPORTS_DEPTH_FETCH UNITY_SPECCUBE_BLENDING UNITY_SPECCUBE_BOX_PROJECTION UNITY_USE_DITHER_MASK_FOR_ALPHABLENDED_SHADOWS
Disabled keywords: DOTS_INSTANCING_ON HAIR_VERTEX_STATIC INSTANCING_ON PROCEDURAL_INSTANCING_ON SHADER_API_GLES30 SHADER_API_GLES31 SHADER_API_GLES32 UNITY_ASTC_NORMALMAP_ENCODING UNITY_COLORSPACE_GAMMA UNITY_FRAMEBUFFER_FETCH_AVAILABLE UNITY_HARDWARE_TIER1 UNITY_HARDWARE_TIER2 UNITY_HARDWARE_TIER3 UNITY_LIGHTMAP_DLDR_ENCODING UNITY_LIGHTMAP_RGBM_ENCODING UNITY_METAL_SHADOWS_USE_POINT_FILTERING UNITY_NO_DXT5nm UNITY_NO_SCREENSPACE_SHADOWS UNITY_PBS_USE_BRDF2 UNITY_PBS_USE_BRDF3 UNITY_PRETRANSFORM_TO_DISPLAY_ORIENTATION UNITY_UNIFIED_SHADER_PRECISION_MODEL UNITY_VIRTUAL_TEXTURING _ADD_PRECOMPUTED_VELOCITY _TRANSPARENT_REFRACTIVE_SORT _TRANSPARENT_WRITES_MOTION_VEC
Shader error in 'Krag Kings/Native Groom/NativeFurAuthored': syntax error: unexpected token 'point' at Assets/NativeGroom/NativeFurAuthored.shadergraph(5300) (on d3d11)

Compiling Subshader: 0, Pass: TransparentDepthPrepass, Vertex program with HAIR_VERTEX_LIVE _DOUBLESIDED_ON _SURFACE_TYPE_TRANSPARENT
Platform defines: SHADER_API_DESKTOP UNITY_ENABLE_DETAIL_NORMALMAP UNITY_ENABLE_REFLECTION_BUFFERS UNITY_LIGHTMAP_FULL_HDR UNITY_LIGHT_PROBE_PROXY_VOLUME UNITY_PBS_USE_BRDF1 UNITY_PLATFORM_SUPPORTS_DEPTH_FETCH UNITY_SPECCUBE_BLENDING UNITY_SPECCUBE_BOX_PROJECTION UNITY_USE_DITHER_MASK_FOR_ALPHABLENDED_SHADOWS
Disabled keywords: DOTS_INSTANCING_ON HAIR_VERTEX_STATIC INSTANCING_ON PROCEDURAL_INSTANCING_ON SHADER_API_GLES30 SHADER_API_GLES31 SHADER_API_GLES32 UNITY_ASTC_NORMALMAP_ENCODING UNITY_COLORSPACE_GAMMA UNITY_FRAMEBUFFER_FETCH_AVAILABLE UNITY_HARDWARE_TIER1 UNITY_HARDWARE_TIER2 UNITY_HARDWARE_TIER3 UNITY_LIGHTMAP_DLDR_ENCODING UNITY_LIGHTMAP_RGBM_ENCODING UNITY_METAL_SHADOWS_USE_POINT_FILTERING UNITY_NO_DXT5nm UNITY_NO_SCREENSPACE_SHADOWS UNITY_PBS_USE_BRDF2 UNITY_PBS_USE_BRDF3 UNITY_PRETRANSFORM_TO_DISPLAY_ORIENTATION UNITY_UNIFIED_SHADER_PRECISION_MODEL UNITY_VIRTUAL_TEXTURING _TRANSPARENT_REFRACTIVE_SORT _TRANSPARENT_WRITES_MOTION_VEC
Shader error in 'Krag Kings/Native Groom/NativeFurAuthored': 'floor': no matching 0 parameter intrinsic function; Possible intrinsic functions are: floor(float|half|min10float|min16float) at Assets/NativeGroom/NativeFurAuthored.shadergraph(5301) (on d3d11)

Compiling Subshader: 0, Pass: TransparentDepthPrepass, Vertex program with HAIR_VERTEX_LIVE _DOUBLESIDED_ON _SURFACE_TYPE_TRANSPARENT
Platform defines: SHADER_API_DESKTOP UNITY_ENABLE_DETAIL_NORMALMAP UNITY_ENABLE_REFLECTION_BUFFERS UNITY_LIGHTMAP_FULL_HDR UNITY_LIGHT_PROBE_PROXY_VOLUME UNITY_PBS_USE_BRDF1 UNITY_PLATFORM_SUPPORTS_DEPTH_FETCH UNITY_SPECCUBE_BLENDING UNITY_SPECCUBE_BOX_PROJECTION UNITY_USE_DITHER_MASK_FOR_ALPHABLENDED_SHADOWS
Disabled keywords: DOTS_INSTANCING_ON HAIR_VERTEX_STATIC INSTANCING_ON PROCEDURAL_INSTANCING_ON SHADER_API_GLES30 SHADER_API_GLES31 SHADER_API_GLES32 UNITY_ASTC_NORMALMAP_ENCODING UNITY_COLORSPACE_GAMMA UNITY_FRAMEBUFFER_FETCH_AVAILABLE UNITY_HARDWARE_TIER1 UNITY_HARDWARE_TIER2 UNITY_HARDWARE_TIER3 UNITY_LIGHTMAP_DLDR_ENCODING UNITY_LIGHTMAP_RGBM_ENCODING UNITY_METAL_SHADOWS_USE_POINT_FILTERING UNITY_NO_DXT5nm UNITY_NO_SCREENSPACE_SHADOWS UNITY_PBS_USE_BRDF2 UNITY_PBS_USE_BRDF3 UNITY_PRETRANSFORM_TO_DISPLAY_ORIENTATION UNITY_UNIFIED_SHADER_PRECISION_MODEL UNITY_VIRTUAL_TEXTURING _TRANSPARENT_REFRACTIVE_SORT _TRANSPARENT_WRITES_MOTION_VEC
Shader error in 'Krag Kings/Native Groom/NativeFurAuthored': syntax error: unexpected token 'point' at Assets/NativeGroom/NativeFurAuthored.shadergraph(5301) (on d3d11)

Compiling Subshader: 0, Pass: TransparentDepthPrepass, Vertex program with HAIR_VERTEX_LIVE _DOUBLESIDED_ON _SURFACE_TYPE_TRANSPARENT
Platform defines: SHADER_API_DESKTOP UNITY_ENABLE_DETAIL_NORMALMAP UNITY_ENABLE_REFLECTION_BUFFERS UNITY_LIGHTMAP_FULL_HDR UNITY_LIGHT_PROBE_PROXY_VOLUME UNITY_PBS_USE_BRDF1 UNITY_PLATFORM_SUPPORTS_DEPTH_FETCH UNITY_SPECCUBE_BLENDING UNITY_SPECCUBE_BOX_PROJECTION UNITY_USE_DITHER_MASK_FOR_ALPHABLENDED_SHADOWS
Disabled keywords: DOTS_INSTANCING_ON HAIR_VERTEX_STATIC INSTANCING_ON PROCEDURAL_INSTANCING_ON SHADER_API_GLES30 SHADER_API_GLES31 SHADER_API_GLES32 UNITY_ASTC_NORMALMAP_ENCODING UNITY_COLORSPACE_GAMMA UNITY_FRAMEBUFFER_FETCH_AVAILABLE UNITY_HARDWARE_TIER1 UNITY_HARDWARE_TIER2 UNITY_HARDWARE_TIER3 UNITY_LIGHTMAP_DLDR_ENCODING UNITY_LIGHTMAP_RGBM_ENCODING UNITY_METAL_SHADOWS_USE_POINT_FILTERING UNITY_NO_DXT5nm UNITY_NO_SCREENSPACE_SHADOWS UNITY_PBS_USE_BRDF2 UNITY_PBS_USE_BRDF3 UNITY_PRETRANSFORM_TO_DISPLAY_ORIENTATION UNITY_UNIFIED_SHADER_PRECISION_MODEL UNITY_VIRTUAL_TEXTURING _TRANSPARENT_REFRACTIVE_SORT _TRANSPARENT_WRITES_MOTION_VEC
Shader error in 'Krag Kings/Native Groom/NativeFurAuthored': syntax error: unexpected token 'point' at Assets/NativeGroom/NativeFurAuthored.shadergraph(6271) (on d3d11)

Compiling Subshader: 0, Pass: DepthForwardOnly, Vertex program with HAIR_VERTEX_LIVE _DOUBLESIDED_ON
Platform defines: SHADER_API_DESKTOP UNITY_ENABLE_DETAIL_NORMALMAP UNITY_ENABLE_REFLECTION_BUFFERS UNITY_LIGHTMAP_FULL_HDR UNITY_LIGHT_PROBE_PROXY_VOLUME UNITY_PBS_USE_BRDF1 UNITY_PLATFORM_SUPPORTS_DEPTH_FETCH UNITY_SPECCUBE_BLENDING UNITY_SPECCUBE_BOX_PROJECTION UNITY_USE_DITHER_MASK_FOR_ALPHABLENDED_SHADOWS
Disabled keywords: DOTS_INSTANCING_ON HAIR_VERTEX_STATIC INSTANCING_ON PROCEDURAL_INSTANCING_ON SHADER_API_GLES30 SHADER_API_GLES31 SHADER_API_GLES32 UNITY_ASTC_NORMALMAP_ENCODING UNITY_COLORSPACE_GAMMA UNITY_FRAMEBUFFER_FETCH_AVAILABLE UNITY_HARDWARE_TIER1 UNITY_HARDWARE_TIER2 UNITY_HARDWARE_TIER3 UNITY_LIGHTMAP_DLDR_ENCODING UNITY_LIGHTMAP_RGBM_ENCODING UNITY_METAL_SHADOWS_USE_POINT_FILTERING UNITY_NO_DXT5nm UNITY_NO_SCREENSPACE_SHADOWS UNITY_PBS_USE_BRDF2 UNITY_PBS_USE_BRDF3 UNITY_PRETRANSFORM_TO_DISPLAY_ORIENTATION UNITY_UNIFIED_SHADER_PRECISION_MODEL UNITY_VIRTUAL_TEXTURING
Shader error in 'Krag Kings/Native Groom/NativeFurAuthored': 'floor': no matching 0 parameter intrinsic function; Possible intrinsic functions are: floor(float|half|min10float|min16float) at Assets/NativeGroom/NativeFurAuthored.shadergraph(6272) (on d3d11)

Compiling Subshader: 0, Pass: DepthForwardOnly, Vertex program with HAIR_VERTEX_LIVE _DOUBLESIDED_ON
Platform defines: SHADER_API_DESKTOP UNITY_ENABLE_DETAIL_NORMALMAP UNITY_ENABLE_REFLECTION_BUFFERS UNITY_LIGHTMAP_FULL_HDR UNITY_LIGHT_PROBE_PROXY_VOLUME UNITY_PBS_USE_BRDF1 UNITY_PLATFORM_SUPPORTS_DEPTH_FETCH UNITY_SPECCUBE_BLENDING UNITY_SPECCUBE_BOX_PROJECTION UNITY_USE_DITHER_MASK_FOR_ALPHABLENDED_SHADOWS
Disabled keywords: DOTS_INSTANCING_ON HAIR_VERTEX_STATIC INSTANCING_ON PROCEDURAL_INSTANCING_ON SHADER_API_GLES30 SHADER_API_GLES31 SHADER_API_GLES32 UNITY_ASTC_NORMALMAP_ENCODING UNITY_COLORSPACE_GAMMA UNITY_FRAMEBUFFER_FETCH_AVAILABLE UNITY_HARDWARE_TIER1 UNITY_HARDWARE_TIER2 UNITY_HARDWARE_TIER3 UNITY_LIGHTMAP_DLDR_ENCODING UNITY_LIGHTMAP_RGBM_ENCODING UNITY_METAL_SHADOWS_USE_POINT_FILTERING UNITY_NO_DXT5nm UNITY_NO_SCREENSPACE_SHADOWS UNITY_PBS_USE_BRDF2 UNITY_PBS_USE_BRDF3 UNITY_PRETRANSFORM_TO_DISPLAY_ORIENTATION UNITY_UNIFIED_SHADER_PRECISION_MODEL UNITY_VIRTUAL_TEXTURING
Shader error in 'Krag Kings/Native Groom/NativeFurAuthored': syntax error: unexpected token 'point' at Assets/NativeGroom/NativeFurAuthored.shadergraph(6272) (on d3d11)

Compiling Subshader: 0, Pass: DepthForwardOnly, Vertex program with HAIR_VERTEX_LIVE _DOUBLESIDED_ON
Platform defines: SHADER_API_DESKTOP UNITY_ENABLE_DETAIL_NORMALMAP UNITY_ENABLE_REFLECTION_BUFFERS UNITY_LIGHTMAP_FULL_HDR UNITY_LIGHT_PROBE_PROXY_VOLUME UNITY_PBS_USE_BRDF1 UNITY_PLATFORM_SUPPORTS_DEPTH_FETCH UNITY_SPECCUBE_BLENDING UNITY_SPECCUBE_BOX_PROJECTION UNITY_USE_DITHER_MASK_FOR_ALPHABLENDED_SHADOWS
Disabled keywords: DOTS_INSTANCING_ON HAIR_VERTEX_STATIC INSTANCING_ON PROCEDURAL_INSTANCING_ON SHADER_API_GLES30 SHADER_API_GLES31 SHADER_API_GLES32 UNITY_ASTC_NORMALMAP_ENCODING UNITY_COLORSPACE_GAMMA UNITY_FRAMEBUFFER_FETCH_AVAILABLE UNITY_HARDWARE_TIER1 UNITY_HARDWARE_TIER2 UNITY_HARDWARE_TIER3 UNITY_LIGHTMAP_DLDR_ENCODING UNITY_LIGHTMAP_RGBM_ENCODING UNITY_METAL_SHADOWS_USE_POINT_FILTERING UNITY_NO_DXT5nm UNITY_NO_SCREENSPACE_SHADOWS UNITY_PBS_USE_BRDF2 UNITY_PBS_USE_BRDF3 UNITY_PRETRANSFORM_TO_DISPLAY_ORIENTATION UNITY_UNIFIED_SHADER_PRECISION_MODEL UNITY_VIRTUAL_TEXTURING
Shader error in 'Krag Kings/Native Groom/NativeFurAuthored': syntax error: unexpected token 'point' at Assets/NativeGroom/NativeFurAuthored.shadergraph(7316) (on d3d11)

Compiling Subshader: 0, Pass: ForwardOnly, Vertex program with HAIR_VERTEX_LIVE _DOUBLESIDED_ON _SURFACE_TYPE_TRANSPARENT
Platform defines: SHADER_API_DESKTOP UNITY_ENABLE_DETAIL_NORMALMAP UNITY_ENABLE_REFLECTION_BUFFERS UNITY_LIGHTMAP_FULL_HDR UNITY_LIGHT_PROBE_PROXY_VOLUME UNITY_PBS_USE_BRDF1 UNITY_PLATFORM_SUPPORTS_DEPTH_FETCH UNITY_SPECCUBE_BLENDING UNITY_SPECCUBE_BOX_PROJECTION UNITY_USE_DITHER_MASK_FOR_ALPHABLENDED_SHADOWS
Disabled keywords: DEBUG_DISPLAY DIRLIGHTMAP_COMBINED DOTS_INSTANCING_ON DYNAMICLIGHTMAP_ON HAIR_VERTEX_STATIC INSTANCING_ON LIGHTMAP_BICUBIC_SAMPLING LIGHTMAP_ON PROCEDURAL_INSTANCING_ON SHADER_API_GLES30 SHADER_API_GLES31 SHADER_API_GLES32 UNITY_ASTC_NORMALMAP_ENCODING UNITY_COLORSPACE_GAMMA UNITY_FRAMEBUFFER_FETCH_AVAILABLE UNITY_HARDWARE_TIER1 UNITY_HARDWARE_TIER2 UNITY_HARDWARE_TIER3 UNITY_LIGHTMAP_DLDR_ENCODING UNITY_LIGHTMAP_RGBM_ENCODING UNITY_METAL_SHADOWS_USE_POINT_FILTERING UNITY_NO_DXT5nm UNITY_NO_SCREENSPACE_SHADOWS UNITY_PBS_USE_BRDF2 UNITY_PBS_USE_BRDF3 UNITY_PRETRANSFORM_TO_DISPLAY_ORIENTATION UNITY_UNIFIED_SHADER_PRECISION_MODEL UNITY_VIRTUAL_TEXTURING USE_LEGACY_LIGHTMAPS _ADD_PRECOMPUTED_VELOCITY _TRANSPARENT_REFRACTIVE_SORT _TRANSPARENT_WRITES_MOTION_VEC
Shader error in 'Krag Kings/Native Groom/NativeFurAuthored': 'floor': no matching 0 parameter intrinsic function; Possible intrinsic functions are: floor(float|half|min10float|min16float) at Assets/NativeGroom/NativeFurAuthored.shadergraph(7317) (on d3d11)

Compiling Subshader: 0, Pass: ForwardOnly, Vertex program with HAIR_VERTEX_LIVE _DOUBLESIDED_ON _SURFACE_TYPE_TRANSPARENT
Platform defines: SHADER_API_DESKTOP UNITY_ENABLE_DETAIL_NORMALMAP UNITY_ENABLE_REFLECTION_BUFFERS UNITY_LIGHTMAP_FULL_HDR UNITY_LIGHT_PROBE_PROXY_VOLUME UNITY_PBS_USE_BRDF1 UNITY_PLATFORM_SUPPORTS_DEPTH_FETCH UNITY_SPECCUBE_BLENDING UNITY_SPECCUBE_BOX_PROJECTION UNITY_USE_DITHER_MASK_FOR_ALPHABLENDED_SHADOWS
Disabled keywords: DEBUG_DISPLAY DIRLIGHTMAP_COMBINED DOTS_INSTANCING_ON DYNAMICLIGHTMAP_ON HAIR_VERTEX_STATIC INSTANCING_ON LIGHTMAP_BICUBIC_SAMPLING LIGHTMAP_ON PROCEDURAL_INSTANCING_ON SHADER_API_GLES30 SHADER_API_GLES31 SHADER_API_GLES32 UNITY_ASTC_NORMALMAP_ENCODING UNITY_COLORSPACE_GAMMA UNITY_FRAMEBUFFER_FETCH_AVAILABLE UNITY_HARDWARE_TIER1 UNITY_HARDWARE_TIER2 UNITY_HARDWARE_TIER3 UNITY_LIGHTMAP_DLDR_ENCODING UNITY_LIGHTMAP_RGBM_ENCODING UNITY_METAL_SHADOWS_USE_POINT_FILTERING UNITY_NO_DXT5nm UNITY_NO_SCREENSPACE_SHADOWS UNITY_PBS_USE_BRDF2 UNITY_PBS_USE_BRDF3 UNITY_PRETRANSFORM_TO_DISPLAY_ORIENTATION UNITY_UNIFIED_SHADER_PRECISION_MODEL UNITY_VIRTUAL_TEXTURING USE_LEGACY_LIGHTMAPS _ADD_PRECOMPUTED_VELOCITY _TRANSPARENT_REFRACTIVE_SORT _TRANSPARENT_WRITES_MOTION_VEC
Shader error in 'Krag Kings/Native Groom/NativeFurAuthored': syntax error: unexpected token 'point' at Assets/NativeGroom/NativeFurAuthored.shadergraph(7317) (on d3d11)

Compiling Subshader: 0, Pass: ForwardOnly, Vertex program with HAIR_VERTEX_LIVE _DOUBLESIDED_ON _SURFACE_TYPE_TRANSPARENT
Platform defines: SHADER_API_DESKTOP UNITY_ENABLE_DETAIL_NORMALMAP UNITY_ENABLE_REFLECTION_BUFFERS UNITY_LIGHTMAP_FULL_HDR UNITY_LIGHT_PROBE_PROXY_VOLUME UNITY_PBS_USE_BRDF1 UNITY_PLATFORM_SUPPORTS_DEPTH_FETCH UNITY_SPECCUBE_BLENDING UNITY_SPECCUBE_BOX_PROJECTION UNITY_USE_DITHER_MASK_FOR_ALPHABLENDED_SHADOWS
Disabled keywords: DEBUG_DISPLAY DIRLIGHTMAP_COMBINED DOTS_INSTANCING_ON DYNAMICLIGHTMAP_ON HAIR_VERTEX_STATIC INSTANCING_ON LIGHTMAP_BICUBIC_SAMPLING LIGHTMAP_ON PROCEDURAL_INSTANCING_ON SHADER_API_GLES30 SHADER_API_GLES31 SHADER_API_GLES32 UNITY_ASTC_NORMALMAP_ENCODING UNITY_COLORSPACE_GAMMA UNITY_FRAMEBUFFER_FETCH_AVAILABLE UNITY_HARDWARE_TIER1 UNITY_HARDWARE_TIER2 UNITY_HARDWARE_TIER3 UNITY_LIGHTMAP_DLDR_ENCODING UNITY_LIGHTMAP_RGBM_ENCODING UNITY_METAL_SHADOWS_USE_POINT_FILTERING UNITY_NO_DXT5nm UNITY_NO_SCREENSPACE_SHADOWS UNITY_PBS_USE_BRDF2 UNITY_PBS_USE_BRDF3 UNITY_PRETRANSFORM_TO_DISPLAY_ORIENTATION UNITY_UNIFIED_SHADER_PRECISION_MODEL UNITY_VIRTUAL_TEXTURING USE_LEGACY_LIGHTMAPS _ADD_PRECOMPUTED_VELOCITY _TRANSPARENT_REFRACTIVE_SORT _TRANSPARENT_WRITES_MOTION_VEC
Shader error in 'Krag Kings/Native Groom/NativeFurAuthored': expected unqualified-id at Assets/NativeGroom/NativeFurAuthored.shadergraph(8366) (on d3d11)

Compiling Subshader: 0, Pass: LineRenderingOffscreenShading, Vertex program with HAIR_VERTEX_LIVE UNITY_DEVICE_SUPPORTS_NATIVE_16BIT _DOUBLESIDED_ON _SURFACE_TYPE_TRANSPARENT
Platform defines: SHADER_API_DESKTOP UNITY_ENABLE_DETAIL_NORMALMAP UNITY_ENABLE_REFLECTION_BUFFERS UNITY_LIGHTMAP_FULL_HDR UNITY_LIGHT_PROBE_PROXY_VOLUME UNITY_PBS_USE_BRDF1 UNITY_PLATFORM_SUPPORTS_DEPTH_FETCH UNITY_SPECCUBE_BLENDING UNITY_SPECCUBE_BOX_PROJECTION UNITY_USE_DITHER_MASK_FOR_ALPHABLENDED_SHADOWS
Disabled keywords: DEBUG_DISPLAY DIRLIGHTMAP_COMBINED DOTS_INSTANCING_ON DYNAMICLIGHTMAP_ON HAIR_VERTEX_STATIC INSTANCING_ON LIGHTMAP_BICUBIC_SAMPLING LIGHTMAP_ON PROCEDURAL_INSTANCING_ON SHADER_API_GLES30 SHADER_API_GLES31 SHADER_API_GLES32 UNITY_ASTC_NORMALMAP_ENCODING UNITY_COLORSPACE_GAMMA UNITY_FRAMEBUFFER_FETCH_AVAILABLE UNITY_HARDWARE_TIER1 UNITY_HARDWARE_TIER2 UNITY_HARDWARE_TIER3 UNITY_LIGHTMAP_DLDR_ENCODING UNITY_LIGHTMAP_RGBM_ENCODING UNITY_METAL_SHADOWS_USE_POINT_FILTERING UNITY_NO_DXT5nm UNITY_NO_SCREENSPACE_SHADOWS UNITY_PBS_USE_BRDF2 UNITY_PBS_USE_BRDF3 UNITY_PRETRANSFORM_TO_DISPLAY_ORIENTATION UNITY_UNIFIED_SHADER_PRECISION_MODEL UNITY_VIRTUAL_TEXTURING USE_LEGACY_LIGHTMAPS _ADD_PRECOMPUTED_VELOCITY _TRANSPARENT_REFRACTIVE_SORT _TRANSPARENT_WRITES_MOTION_VEC
Shader error in 'Krag Kings/Native Groom/NativeFurAuthored': modifiers must appear before type at Assets/NativeGroom/NativeFurAuthored.shadergraph(8366) (on d3d11)

Compiling Subshader: 0, Pass: LineRenderingOffscreenShading, Vertex program with HAIR_VERTEX_LIVE UNITY_DEVICE_SUPPORTS_NATIVE_16BIT _DOUBLESIDED_ON _SURFACE_TYPE_TRANSPARENT
Platform defines: SHADER_API_DESKTOP UNITY_ENABLE_DETAIL_NORMALMAP UNITY_ENABLE_REFLECTION_BUFFERS UNITY_LIGHTMAP_FULL_HDR UNITY_LIGHT_PROBE_PROXY_VOLUME UNITY_PBS_USE_BRDF1 UNITY_PLATFORM_SUPPORTS_DEPTH_FETCH UNITY_SPECCUBE_BLENDING UNITY_SPECCUBE_BOX_PROJECTION UNITY_USE_DITHER_MASK_FOR_ALPHABLENDED_SHADOWS
Disabled keywords: DEBUG_DISPLAY DIRLIGHTMAP_COMBINED DOTS_INSTANCING_ON DYNAMICLIGHTMAP_ON HAIR_VERTEX_STATIC INSTANCING_ON LIGHTMAP_BICUBIC_SAMPLING LIGHTMAP_ON PROCEDURAL_INSTANCING_ON SHADER_API_GLES30 SHADER_API_GLES31 SHADER_API_GLES32 UNITY_ASTC_NORMALMAP_ENCODING UNITY_COLORSPACE_GAMMA UNITY_FRAMEBUFFER_FETCH_AVAILABLE UNITY_HARDWARE_TIER1 UNITY_HARDWARE_TIER2 UNITY_HARDWARE_TIER3 UNITY_LIGHTMAP_DLDR_ENCODING UNITY_LIGHTMAP_RGBM_ENCODING UNITY_METAL_SHADOWS_USE_POINT_FILTERING UNITY_NO_DXT5nm UNITY_NO_SCREENSPACE_SHADOWS UNITY_PBS_USE_BRDF2 UNITY_PBS_USE_BRDF3 UNITY_PRETRANSFORM_TO_DISPLAY_ORIENTATION UNITY_UNIFIED_SHADER_PRECISION_MODEL UNITY_VIRTUAL_TEXTURING USE_LEGACY_LIGHTMAPS _ADD_PRECOMPUTED_VELOCITY _TRANSPARENT_REFRACTIVE_SORT _TRANSPARENT_WRITES_MOTION_VEC
Shader error in 'Krag Kings/Native Groom/NativeFurAuthored': expected expression at Assets/NativeGroom/NativeFurAuthored.shadergraph(8367) (on d3d11)

Compiling Subshader: 0, Pass: LineRenderingOffscreenShading, Vertex program with HAIR_VERTEX_LIVE UNITY_DEVICE_SUPPORTS_NATIVE_16BIT _DOUBLESIDED_ON _SURFACE_TYPE_TRANSPARENT
Platform defines: SHADER_API_DESKTOP UNITY_ENABLE_DETAIL_NORMALMAP UNITY_ENABLE_REFLECTION_BUFFERS UNITY_LIGHTMAP_FULL_HDR UNITY_LIGHT_PROBE_PROXY_VOLUME UNITY_PBS_USE_BRDF1 UNITY_PLATFORM_SUPPORTS_DEPTH_FETCH UNITY_SPECCUBE_BLENDING UNITY_SPECCUBE_BOX_PROJECTION UNITY_USE_DITHER_MASK_FOR_ALPHABLENDED_SHADOWS
Disabled keywords: DEBUG_DISPLAY DIRLIGHTMAP_COMBINED DOTS_INSTANCING_ON DYNAMICLIGHTMAP_ON HAIR_VERTEX_STATIC INSTANCING_ON LIGHTMAP_BICUBIC_SAMPLING LIGHTMAP_ON PROCEDURAL_INSTANCING_ON SHADER_API_GLES30 SHADER_API_GLES31 SHADER_API_GLES32 UNITY_ASTC_NORMALMAP_ENCODING UNITY_COLORSPACE_GAMMA UNITY_FRAMEBUFFER_FETCH_AVAILABLE UNITY_HARDWARE_TIER1 UNITY_HARDWARE_TIER2 UNITY_HARDWARE_TIER3 UNITY_LIGHTMAP_DLDR_ENCODING UNITY_LIGHTMAP_RGBM_ENCODING UNITY_METAL_SHADOWS_USE_POINT_FILTERING UNITY_NO_DXT5nm UNITY_NO_SCREENSPACE_SHADOWS UNITY_PBS_USE_BRDF2 UNITY_PBS_USE_BRDF3 UNITY_PRETRANSFORM_TO_DISPLAY_ORIENTATION UNITY_UNIFIED_SHADER_PRECISION_MODEL UNITY_VIRTUAL_TEXTURING USE_LEGACY_LIGHTMAPS _ADD_PRECOMPUTED_VELOCITY _TRANSPARENT_REFRACTIVE_SORT _TRANSPARENT_WRITES_MOTION_VEC
Shader error in 'Krag Kings/Native Groom/NativeFurAuthored': expected expression at Assets/NativeGroom/NativeFurAuthored.shadergraph(8369) (on d3d11)

Compiling Subshader: 0, Pass: LineRenderingOffscreenShading, Vertex program with HAIR_VERTEX_LIVE UNITY_DEVICE_SUPPORTS_NATIVE_16BIT _DOUBLESIDED_ON _SURFACE_TYPE_TRANSPARENT
Platform defines: SHADER_API_DESKTOP UNITY_ENABLE_DETAIL_NORMALMAP UNITY_ENABLE_REFLECTION_BUFFERS UNITY_LIGHTMAP_FULL_HDR UNITY_LIGHT_PROBE_PROXY_VOLUME UNITY_PBS_USE_BRDF1 UNITY_PLATFORM_SUPPORTS_DEPTH_FETCH UNITY_SPECCUBE_BLENDING UNITY_SPECCUBE_BOX_PROJECTION UNITY_USE_DITHER_MASK_FOR_ALPHABLENDED_SHADOWS
Disabled keywords: DEBUG_DISPLAY DIRLIGHTMAP_COMBINED DOTS_INSTANCING_ON DYNAMICLIGHTMAP_ON HAIR_VERTEX_STATIC INSTANCING_ON LIGHTMAP_BICUBIC_SAMPLING LIGHTMAP_ON PROCEDURAL_INSTANCING_ON SHADER_API_GLES30 SHADER_API_GLES31 SHADER_API_GLES32 UNITY_ASTC_NORMALMAP_ENCODING UNITY_COLORSPACE_GAMMA UNITY_FRAMEBUFFER_FETCH_AVAILABLE UNITY_HARDWARE_TIER1 UNITY_HARDWARE_TIER2 UNITY_HARDWARE_TIER3 UNITY_LIGHTMAP_DLDR_ENCODING UNITY_LIGHTMAP_RGBM_ENCODING UNITY_METAL_SHADOWS_USE_POINT_FILTERING UNITY_NO_DXT5nm UNITY_NO_SCREENSPACE_SHADOWS UNITY_PBS_USE_BRDF2 UNITY_PBS_USE_BRDF3 UNITY_PRETRANSFORM_TO_DISPLAY_ORIENTATION UNITY_UNIFIED_SHADER_PRECISION_MODEL UNITY_VIRTUAL_TEXTURING USE_LEGACY_LIGHTMAPS _ADD_PRECOMPUTED_VELOCITY _TRANSPARENT_REFRACTIVE_SORT _TRANSPARENT_WRITES_MOTION_VEC
Shader error in 'Krag Kings/Native Groom/NativeFurAuthored': syntax error: unexpected token 'point' at Assets/NativeGroom/NativeFurAuthored.shadergraph(9355) (on d3d11)

Compiling Subshader: 0, Pass: FullScreenDebug, Vertex program with HAIR_VERTEX_LIVE _DOUBLESIDED_ON
Platform defines: SHADER_API_DESKTOP UNITY_ENABLE_DETAIL_NORMALMAP UNITY_ENABLE_REFLECTION_BUFFERS UNITY_LIGHTMAP_FULL_HDR UNITY_LIGHT_PROBE_PROXY_VOLUME UNITY_PBS_USE_BRDF1 UNITY_PLATFORM_SUPPORTS_DEPTH_FETCH UNITY_SPECCUBE_BLENDING UNITY_SPECCUBE_BOX_PROJECTION UNITY_USE_DITHER_MASK_FOR_ALPHABLENDED_SHADOWS
Disabled keywords: DOTS_INSTANCING_ON HAIR_VERTEX_STATIC INSTANCING_ON PROCEDURAL_INSTANCING_ON SHADER_API_GLES30 SHADER_API_GLES31 SHADER_API_GLES32 UNITY_ASTC_NORMALMAP_ENCODING UNITY_COLORSPACE_GAMMA UNITY_FRAMEBUFFER_FETCH_AVAILABLE UNITY_HARDWARE_TIER1 UNITY_HARDWARE_TIER2 UNITY_HARDWARE_TIER3 UNITY_LIGHTMAP_DLDR_ENCODING UNITY_LIGHTMAP_RGBM_ENCODING UNITY_METAL_SHADOWS_USE_POINT_FILTERING UNITY_NO_DXT5nm UNITY_NO_SCREENSPACE_SHADOWS UNITY_PBS_USE_BRDF2 UNITY_PBS_USE_BRDF3 UNITY_PRETRANSFORM_TO_DISPLAY_ORIENTATION UNITY_UNIFIED_SHADER_PRECISION_MODEL UNITY_VIRTUAL_TEXTURING
Shader error in 'Krag Kings/Native Groom/NativeFurAuthored': 'floor': no matching 0 parameter intrinsic function; Possible intrinsic functions are: floor(float|half|min10float|min16float) at Assets/NativeGroom/NativeFurAuthored.shadergraph(9356) (on d3d11)

Compiling Subshader: 0, Pass: FullScreenDebug, Vertex program with HAIR_VERTEX_LIVE _DOUBLESIDED_ON
Platform defines: SHADER_API_DESKTOP UNITY_ENABLE_DETAIL_NORMALMAP UNITY_ENABLE_REFLECTION_BUFFERS UNITY_LIGHTMAP_FULL_HDR UNITY_LIGHT_PROBE_PROXY_VOLUME UNITY_PBS_USE_BRDF1 UNITY_PLATFORM_SUPPORTS_DEPTH_FETCH UNITY_SPECCUBE_BLENDING UNITY_SPECCUBE_BOX_PROJECTION UNITY_USE_DITHER_MASK_FOR_ALPHABLENDED_SHADOWS
Disabled keywords: DOTS_INSTANCING_ON HAIR_VERTEX_STATIC INSTANCING_ON PROCEDURAL_INSTANCING_ON SHADER_API_GLES30 SHADER_API_GLES31 SHADER_API_GLES32 UNITY_ASTC_NORMALMAP_ENCODING UNITY_COLORSPACE_GAMMA UNITY_FRAMEBUFFER_FETCH_AVAILABLE UNITY_HARDWARE_TIER1 UNITY_HARDWARE_TIER2 UNITY_HARDWARE_TIER3 UNITY_LIGHTMAP_DLDR_ENCODING UNITY_LIGHTMAP_RGBM_ENCODING UNITY_METAL_SHADOWS_USE_POINT_FILTERING UNITY_NO_DXT5nm UNITY_NO_SCREENSPACE_SHADOWS UNITY_PBS_USE_BRDF2 UNITY_PBS_USE_BRDF3 UNITY_PRETRANSFORM_TO_DISPLAY_ORIENTATION UNITY_UNIFIED_SHADER_PRECISION_MODEL UNITY_VIRTUAL_TEXTURING
Shader error in 'Krag Kings/Native Groom/NativeFurAuthored': syntax error: unexpected token 'point' at Assets/NativeGroom/NativeFurAuthored.shadergraph(9356) (on d3d11)

Compiling Subshader: 0, Pass: FullScreenDebug, Vertex program with HAIR_VERTEX_LIVE _DOUBLESIDED_ON
Platform defines: SHADER_API_DESKTOP UNITY_ENABLE_DETAIL_NORMALMAP UNITY_ENABLE_REFLECTION_BUFFERS UNITY_LIGHTMAP_FULL_HDR UNITY_LIGHT_PROBE_PROXY_VOLUME UNITY_PBS_USE_BRDF1 UNITY_PLATFORM_SUPPORTS_DEPTH_FETCH UNITY_SPECCUBE_BLENDING UNITY_SPECCUBE_BOX_PROJECTION UNITY_USE_DITHER_MASK_FOR_ALPHABLENDED_SHADOWS
Disabled keywords: DOTS_INSTANCING_ON HAIR_VERTEX_STATIC INSTANCING_ON PROCEDURAL_INSTANCING_ON SHADER_API_GLES30 SHADER_API_GLES31 SHADER_API_GLES32 UNITY_ASTC_NORMALMAP_ENCODING UNITY_COLORSPACE_GAMMA UNITY_FRAMEBUFFER_FETCH_AVAILABLE UNITY_HARDWARE_TIER1 UNITY_HARDWARE_TIER2 UNITY_HARDWARE_TIER3 UNITY_LIGHTMAP_DLDR_ENCODING UNITY_LIGHTMAP_RGBM_ENCODING UNITY_METAL_SHADOWS_USE_POINT_FILTERING UNITY_NO_DXT5nm UNITY_NO_SCREENSPACE_SHADOWS UNITY_PBS_USE_BRDF2 UNITY_PBS_USE_BRDF3 UNITY_PRETRANSFORM_TO_DISPLAY_ORIENTATION UNITY_UNIFIED_SHADER_PRECISION_MODEL UNITY_VIRTUAL_TEXTURING
Exception: Authored hair shader prewarm failed
  at KragKings.StrandPilot.CharacterRenderProbe.Run () [0x00903] in D:\Dev\Krag-Kings\benchmark\local\unity-strand-hair-pilot\project\Assets\Editor\CharacterRenderProbe.cs:127 
UnityEngine.DebugLogHandler:Internal_LogException_Injected(Exception, IntPtr)
UnityEngine.DebugLogHandler:Internal_LogException(Exception, Object)
UnityEngine.DebugLogHandler:LogException(Exception, Object)
UnityEngine.Logger:LogException(Exception, Object)
UnityEngine.Debug:LogException(Exception)
KragKings.StrandPilot.CharacterRenderProbe:Fail(Exception) (at Assets\Editor\CharacterRenderProbe.cs:186)
KragKings.StrandPilot.CharacterRenderProbe:Run() (at Assets\Editor\CharacterRenderProbe.cs:132)

(Filename: Assets/Editor/CharacterRenderProbe.cs Line: 186)

Start importing ProjectSettings/GraphicsSettings.asset using Guid(00000000000000006100000000000000) (LibraryAssetImporter) -> (Import Result ID: 'fc8e63ea8ddc7ad6001aef54ee729bf7') in 0.0166015 seconds [static dependencies only]. Details - ImportResultOutputID=5bd38efc7568c0c855c21a11ad435b27 DependenciesID=3f1491af1b9eeaeaad5ea917e7c76bed StaticDependenciesID=aeeacb038682447ae222969de5249b16 
Start importing Assets/CharacterRenderOutput/EarInnerCream_L.mat using Guid(2158e03fbe9b1e643bbf4f35dfb5e295) (NativeFormatImporter) -> (Import Result ID: '21936cae36994f0cc28ec9217cc43c36') in 0.0023323 seconds [static dependencies only]. Details - ImportResultOutputID=4395e40b118a386d259229648f81bb62 DependenciesID=9833b7735158f64929ff54acdf4e788e StaticDependenciesID=cbf12bc328bb8e2bdf573c3a06e7e395 
Start importing Assets/CharacterRenderOutput/EarInnerCream_R.mat using Guid(d5f25dac8a6d92347b274a9e832f2a36) (NativeFormatImporter) -> (Import Result ID: '9c1e71d96cdb4f35038a719959067afc') in 0.0039723 seconds [static dependencies only]. Details - ImportResultOutputID=e4ef3d4ebff84b617cd1e74b1581027d DependenciesID=3ec76f138e59a4721bcafde0382935c3 StaticDependenciesID=42ce23b42221fb8abba5f9c58dbeb864 
Start importing Assets/CharacterRenderOutput/EarOuterTawny_L.mat using Guid(774f56f3b5c570249a64e6beff1b20bf) (NativeFormatImporter) -> (Import Result ID: 'b508f8fc5fdc8cb9aafde71c0343b530') in 0.0020108 seconds [static dependencies only]. Details - ImportResultOutputID=9e0cfe258888383e9b573d26cfe1dd39 DependenciesID=48cc6738f1a54462e68de868670f2935 StaticDependenciesID=d525a0ab66f4193876bb7a7d190d2b7e 
Start importing Assets/CharacterRenderOutput/HeadCream.mat using Guid(099824bfe2e2f184d917ad901bde3085) (NativeFormatImporter) -> (Import Result ID: '68f907c0ff56eecd747504a2961fe20f') in 0.0017337 seconds [static dependencies only]. Details - ImportResultOutputID=6d1c0b35f3f52d364902fd5094b7cb85 DependenciesID=72ad2959143f4421dceee5d8d690c709 StaticDependenciesID=5faabf17b3fc6fd949d414acabddedae 
Start importing Assets/CharacterRenderOutput/EarOuterTawny_R.mat using Guid(e99cee3ce4847b348962f034eac60725) (NativeFormatImporter) -> (Import Result ID: 'f864e1e44d5f5b4389d359d3f014608a') in 0.0019124 seconds [static dependencies only]. Details - ImportResultOutputID=e7401aff45ac2e197abd05fcd0b95bb7 DependenciesID=3e41ca110d70ba1823063552cd4594e9 StaticDependenciesID=51e64a76922be2e527e360f966f50ae1 
Start importing Assets/CharacterProbeOutput/EarInnerCream_L-hair.asset using Guid(135e4d1c13639234784c8cb8f2024438) (NativeFormatImporter) -> (Import Result ID: '75d5c4f26078e7acf4e4bfe6f60436e8') in 0.0018998 seconds [static dependencies only]. Details - ImportResultOutputID=66900c1d70657927c3efce93f8afc459 DependenciesID=e1bf457773bcc0ae900cc19c17091e4f StaticDependenciesID=62de2f438012f75f1032f0c7cc195ef4 
Start importing Assets/CharacterProbeOutput/EarInnerCream_R-hair.asset using Guid(4569bbfd2a6645e4586f20288c0ca238) (NativeFormatImporter) -> (Import Result ID: '280aef15460c89c89039038e8b6b98ae') in 0.0019609 seconds [static dependencies only]. Details - ImportResultOutputID=3d4c40a418fd8be95b1d3d00da847e9b DependenciesID=9f2533dd9d958662dcf39fc828be96f8 StaticDependenciesID=6817b6a7054aeb3e48b99038d6187cf5 
Start importing Assets/CharacterProbeOutput/HeadCream-hair.asset using Guid(86c9514c3e48ab84b904ccc141e04468) (NativeFormatImporter) -> (Import Result ID: '1f1639698aa73e6679c558c26e07dc2f') in 0.0017134 seconds [static dependencies only]. Details - ImportResultOutputID=f876b712652010b891f003b8a379fd0a DependenciesID=846faa0ae9adf25a03fecc72fe3294e8 StaticDependenciesID=73f19dcf53c8c3ee08d5775461a2d1e6 
Start importing Assets/CharacterProbeOutput/EarOuterTawny_R-hair.asset using Guid(575018729788e964580783a312f3c61d) (NativeFormatImporter) -> (Import Result ID: '7d715672a8b8076212e81b52b2e758e1') in 0.0015933 seconds [static dependencies only]. Details - ImportResultOutputID=a65b4521759e55ede331150ae0f8a4c1 DependenciesID=eaf69d979b72b3a84645f849e0406800 StaticDependenciesID=80a9f60841879fe679f358c1a16a9baa 
Start importing Assets/CharacterProbeOutput/EarOuterTawny_L-hair.asset using Guid(3ceab83421d5e934392e434b4245d995) (NativeFormatImporter) -> (Import Result ID: '74646922481af1df993e1395b61465b0') in 0.0018194 seconds [static dependencies only]. Details - ImportResultOutputID=8d67dead7566e108c2ca18cdc0482bd6 DependenciesID=30ceda1751c78849ed06f0ad6f20f341 StaticDependenciesID=1655aca50b0035f87b7e2b327cf6d0a8 
Asset Pipeline Refresh (id=e8cf2f21f9cdb634d9141a3623b2e4b2): Total: 0.125 seconds - Initiated by StopAssetImportingV2(NoUpdateAssetOptions)
[Physics::Module] Cleanup current backend.
[Physics::Module] Id: 0xf2b8ea05
Input System module state changed to: ShutdownInProgress.
Input Polling Thread exited.
Input System module state changed to: Shutdown.
[Licensing::IpcConnector] LicenseClient-Matthew-notifications channel disconnected successfully.
[Licensing::IpcConnector] LicenseClient-Matthew channel disconnected successfully.
AcceleratorClientConnectionCallback - disconnected - :0
Cleanup mono
CodeReloadManager destroyed
Checking for leaked weakptr:
  Found no leaked weakptrs.
[Package Manager] Server process was shutdown
##utp:{"type":"MemoryLeaks","version":2,"phase":"Immediate","time":1791317376091,"processId":17372,"allocatedMemory":17046770,"memoryLabels":[{"Default":225308},{"Permanent":15276},{"NewDelete":65787},{"Thread":4238000},{"Manager":1406669},{"VertexData":8},{"Geometry":816},{"Texture":24},{"Shader":847508},{"Material":24},{"GfxDevice":57713},{"Animation":392},{"Audio":3008},{"FreeType":8},{"FontEngine":736},{"Physics":2090},{"Physics2D":16},{"Serialization":1328},{"Input":9880},{"JobScheduler":33024},{"TextLib":216},{"Mono":32},{"MonoCode":64},{"ScriptingNativeRuntime":155052},{"BaseObject":1620368},{"Resource":1184},{"Renderer":3008},{"Transform":4685},{"File":1088},{"WebCam":616},{"Culling":32},{"Terrain":11394},{"Wind":24},{"STL":40},{"String":122332},{"StaticString":6718},{"Utility":2672774},{"Curl":2478},{"PoolAlloc":2552},{"AI":80},{"TypeTree":13637},{"ScriptManager":448},{"RuntimeInitializeOnLoadManager":64},{"SpriteAtlas":120},{"GI":7792},{"Director":8320},{"CloudService":46256},{"WebRequest":845},{"VR":48050},{"SceneManager":504},{"Video":64},{"LazyScriptCache":32},{"Camera":17},{"Secure":2113},{"SerializationCache":1576},{"APIUpdating":10320},{"Subsystems":336},{"VirtualTexturing":57888},{"StaticSafetyDebugInfo":278528},{"Analytics":464},{"Hierarchy":608},{"CoreStats":13032},{"Identifiers":12960},{"Gui":128},{"EditorUtility":109670},{"VersionControl":4},{"Undo":931},{"AssetDatabase":4865093},{"EditorGi":328},{"UnityConnect":37753},{"Upm":1912},{"UpmDiagnostics":8},{"AssetCompliance":64},{"DrivenProperties":72},{"LocalIPC":213},{"ProfilerEditor":9746},{"CoreBusinessMetrics":2874},{"Windowing":456},{"Licensing":1232},{"AssetReference":32},{"IPCStream":32}]}
