[Licensing::Module] Trying to connect to existing licensing client channel...
Built from '6000.4/staging' branch; Version is '6000.4.4f1 (360f97ecca93) revision 3542935'; Using compiler version '194234433'; Build Type 'Release'
[Licensing::IpcConnector] Channel LicenseClient-Matthew doesn't exist
OS: 'Windows 11  (10.0.26200) Professional' Language: 'fr' Physical Memory: 32553 MB
BatchMode: 1, IsHumanControllingUs: 0, StartBugReporterOnCrash: 0, Is64bit: 1
System  architecture: x64
Process architecture: x64
Date: 2026-10-06T06:21:10Z
[Licensing::Module] Successfully launched the LicensingClient (PId: 32360)

COMMAND LINE ARGUMENTS:
D:\Unity\Hub\6000.4.4f1\Editor\Unity.exe
-projectPath
D:\Dev\Krag-Kings\benchmark\unity
-logFile
D:\Dev\Krag-Kings\benchmark\local\logs\unity-action-bust-build.log
-accept-apiupdate
-batchmode
-quit
-nographics
-job-worker-count
2
-executeMethod
KragKings.Editor.BenchmarkBuild.BuildPrepared
Successfully changed project path to: D:\Dev\Krag-Kings\benchmark\unity
D:/Dev/Krag-Kings/benchmark/unity
[UnityMemory] Configuration Parameters - Can be set up in boot.config
    "memorysetup-temp-allocator-size-gi-baking-worker=262144"
    "memorysetup-temp-allocator-size-gi-baking-worker=262144"
    "memorysetup-temp-allocator-size-gi-baking-worker=262144"
    "memorysetup-temp-allocator-size-gi-baking-worker=262144"
    "memorysetup-temp-allocator-size-gi-baking-worker=262144"
    "memorysetup-temp-allocator-size-nav-mesh-worker=65536"
    "memorysetup-temp-allocator-size-audio-worker=65536"
    "memorysetup-temp-allocator-size-cloud-worker=32768"
    "memorysetup-temp-allocator-size-gfx=262144"
    "memorysetup-temp-allocator-size-preload-manager=33554432"
    "memorysetup-temp-allocator-size-job-worker=262144"
    "memorysetup-temp-allocator-size-background-worker=32768"
    "memorysetup-allocator-temp-initial-block-size-main=262144"
    "memorysetup-allocator-temp-initial-block-size-worker=262144"
    "memorysetup-bucket-allocator-granularity=16"
    "memorysetup-bucket-allocator-bucket-count=8"
    "memorysetup-bucket-allocator-block-size=33554432"
    "memorysetup-bucket-allocator-block-count=8"
    "memorysetup-main-allocator-block-size=16777216"
    "memorysetup-thread-allocator-block-size=16777216"
    "memorysetup-gfx-main-allocator-block-size=16777216"
    "memorysetup-gfx-thread-allocator-block-size=16777216"
    "memorysetup-cache-allocator-block-size=4194304"
    "memorysetup-typetree-allocator-block-size=2097152"
    "memorysetup-profiler-bucket-allocator-granularity=16"
    "memorysetup-profiler-bucket-allocator-bucket-count=8"
    "memorysetup-profiler-bucket-allocator-block-size=33554432"
    "memorysetup-profiler-bucket-allocator-block-count=8"
    "memorysetup-profiler-allocator-block-size=16777216"
    "memorysetup-profiler-editor-allocator-block-size=1048576"
    "memorysetup-temp-allocator-size-main=16777216"
    "memorysetup-job-temp-allocator-block-size=2097152"
    "memorysetup-job-temp-allocator-block-size-background=1048576"
    "memorysetup-job-temp-allocator-reduction-small-platforms=262144"
Player connection [23844]  Target information:

Player connection [23844]  * "[IP] 172.17.32.1 [Port] 55504 [Flags] 2 [Guid] 3202666924 [EditorId] 3202666924 [Version] 1048832 [Id] WindowsEditor(7,LAPTOP-E39AUCND) [Debug] 1 [PackageName] WindowsEditor [ProjectName] Editor" 

Player connection [23844]  * "[IP] 172.26.16.1 [Port] 55504 [Flags] 2 [Guid] 3202666924 [EditorId] 3202666924 [Version] 1048832 [Id] WindowsEditor(7,LAPTOP-E39AUCND) [Debug] 1 [PackageName] WindowsEditor [ProjectName] Editor" 

Player connection [23844]  * "[IP] 192.168.31.40 [Port] 55504 [Flags] 2 [Guid] 3202666924 [EditorId] 3202666924 [Version] 1048832 [Id] WindowsEditor(7,LAPTOP-E39AUCND) [Debug] 1 [PackageName] WindowsEditor [ProjectName] Editor" 

Player connection [23844] Host joined multi-casting on [225.0.0.222:54997]...
Player connection [23844] Host joined alternative multi-casting on [225.0.0.222:34997]...
JobSystem: Creating JobQueue using job-worker-count value 2
Input System module state changed to: Initialized.
[Physics::Module] Initialized fallback backend.
[Physics::Module] Id: 0xdecafbad
[Package Manager] Connected to IPC stream "Upm-32076" after 0.7 seconds.
[Licensing::Module] Licensing is not yet initialized.
[Licensing::IpcConnector] Successfully connected to: "LicenseClient-Matthew" at "2026-10-06T06:21:12.9447803Z"
[Licensing::Client] Handshaking with LicensingClient:
  Version:                 1.18.1+9fbee8e
  Session Id:              6e9505c6f3204190a1eec1587310776f
  Correlation Id:          b8f06e498adb8922b7fcec00d40c8812
  External correlation Id: 4993410810198704156
  Machine Id:              H9ywjWMk/aJPg3YR91m8eMuX6rE=
[Licensing::Module] Successfully connected to LicensingClient on channel: "LicenseClient-Matthew" (connect: 2.91s, validation: 0.06s, handshake: 4.45s)
[Licensing::IpcConnector] Successfully connected to: "LicenseClient-Matthew-notifications" at "2026-10-06T06:21:17.4549008Z"
[Licensing::Module] Connected to LicensingClient (PId: 32360, launch time: 0.03, total connection time: 7.42s)
[Licensing::Module] Error: Access token is unavailable; failed to update
[Licensing::Client] Successfully resolved entitlement details
[Licensing::Module] License group:
  Id: F4-DJ6W-5N43-F9Y2-7JQE-XXXX
  Product: Unity Personal
  Type: ULF
  Expiration: Unlimited
[Licensing::Module] License group:
  Id: 9070992302932-UnityPersXXXX
  Product: Unity Personal
  Type: Assigned
  Expiration: Unlimited
[Licensing::Client] Successfully updated license, isAsync: True, time: 0.01
[Licensing::Client] Successfully resolved entitlement details
[Licensing::Module] License group:
  Id: F4-DJ6W-5N43-F9Y2-7JQE-XXXX
  Product: Unity Personal
  Type: ULF
  Expiration: Unlimited
[Licensing::Module] License group:
  Id: 9070992302932-UnityPersXXXX
  Product: Unity Personal
  Type: Assigned
  Expiration: Unlimited
[Licensing::Module] Licensing Background thread has ended after 7.49s
[Licensing::Module] Licensing is initialized (took 5.68s).
[Licensing::Client] Successfully resolved entitlement details
[Licensing::Module] License group:
  Id: F4-DJ6W-5N43-F9Y2-7JQE-XXXX
  Product: Unity Personal
  Type: ULF
  Expiration: Unlimited
[Licensing::Module] License group:
  Id: 9070992302932-UnityPersXXXX
  Product: Unity Personal
  Type: Assigned
  Expiration: Unlimited
Library Redirect Path: Library/
[Physics::Module] Selected backend.
[Physics::Module] Name: PhysX
[Physics::Module] Id: 0xf2b8ea05
[Physics::Module] SDK Version: 4.1.2
[Physics::Module] Integration Version: 1.0.0
[Physics::Module] Threading Mode: Multi-Threaded
Artifact Garbage Collection - Removed 2 unused hashed content files
Initialize engine version: 6000.4.4f1 (360f97ecca93)
[Subsystems] Discovering subsystems at path D:/Unity/Hub/6000.4.4f1/Editor/Data/Resources/UnitySubsystems
[Subsystems] Discovering subsystems at path D:/Dev/Krag-Kings/benchmark/unity/Assets
Forcing GfxDevice: Null
GfxDevice: creating device client; kGfxThreadingModeNonThreaded
NullGfxDevice:
    Version:  NULL 1.0 [1.0]
    Renderer: Null Device
    Vendor:   Unity Technologies
Initialize mono
Mono path[0] = 'D:/Unity/Hub/6000.4.4f1/Editor/Data/Managed'
Mono path[1] = 'D:/Unity/Hub/6000.4.4f1/Editor/Data/MonoBleedingEdge/lib/mono/unityjit-win32'
Mono config path = 'D:/Unity/Hub/6000.4.4f1/Editor/Data/MonoBleedingEdge/etc'
Using monoOptions --debugger-agent=transport=dt_socket,embedding=1,server=y,suspend=n,address=127.0.0.1:56076
CodeReloadManager initialized
Using cacheserver namespaces - metadata:defaultmetadata, artifacts:defaultartifacts
Using cacheserver namespaces - metadata:defaultmetadata, artifacts:defaultartifacts
ImportWorker Server TCP listen port: 0
AcceleratorClientConnectionCallback - disconnected - :0
Begin MonoManager ReloadAssembly
Registering precompiled unity dll's ...
Register platform support module: D:/Unity/Hub/6000.4.4f1/Editor/Data/PlaybackEngines/WebGLSupport/UnityEditor.WebGL.Extensions.dll
Register platform support module: D:/Unity/Hub/6000.4.4f1/Editor/Data/PlaybackEngines/WindowsStandaloneSupport/UnityEditor.WindowsStandalone.Extensions.dll
Registered in 0.004447 seconds.
Native extension for WindowsStandalone target not found
Native extension for WebGL target not found
Package Manager log level set to [2]
ScheduleIndexationOnStartup MainProcess:False IndexOnStartup:False
Mono: successfully reloaded assembly
- Finished resetting the current domain, in  0.589 seconds
Domain Reload Profiling: 2902ms
	BeginReloadAssembly (374ms)
		CreateAndSetChildDomain (8ms)
	RebuildCommonClasses (550ms)
	RebuildNativeTypeToScriptingClass (14ms)
	initialDomainReloadingComplete (86ms)
	LoadAllAssembliesAndSetupDomain (1285ms)
		LoadAssemblies (372ms)
		AnalyzeDomain (1266ms)
			TypeCache.Refresh (1263ms)
				TypeCache.ScanAssembly (1234ms)
	FinalizeReload (591ms)
		SetupLoadedEditorAssemblies (0ms)
			InitializePlatformSupportModulesInManaged (87ms)
			BeforeProcessingInitializeOnLoad (110ms)
			ProcessInitializeOnLoadAttributes (143ms)
			ProcessInitializeOnLoadMethodAttributes (164ms)
[Licensing::Client] Successfully resolved entitlement details
[Licensing::Module] License group:
  Id: F4-DJ6W-5N43-F9Y2-7JQE-XXXX
  Product: Unity Personal
  Type: ULF
  Expiration: Unlimited
[Licensing::Module] License group:
  Id: 9070992302932-UnityPersXXXX
  Product: Unity Personal
  Type: Assigned
  Expiration: Unlimited
Application.AssetDatabase Initial Refresh Start
[Package Manager] Restoring resolved packages state from cache
[Licensing::Client] Successfully resolved entitlement details
[Package Manager] Registered 29 packages:
  Packages from [https://packages.unity.com]:
    com.unity.inputsystem@1.19.0 (location: D:\Dev\Krag-Kings\benchmark\unity\Library\PackageCache\com.unity.inputsystem@21a28c3a6c83)
    com.unity.searcher@4.9.4 (location: D:\Dev\Krag-Kings\benchmark\unity\Library\PackageCache\com.unity.searcher@d45a78918735)
    com.unity.burst@1.8.29 (location: D:\Dev\Krag-Kings\benchmark\unity\Library\PackageCache\com.unity.burst@6bb9aca3ef38)
    com.unity.mathematics@1.3.3 (location: D:\Dev\Krag-Kings\benchmark\unity\Library\PackageCache\com.unity.mathematics@19a9377c4ffa)
    com.unity.nuget.mono-cecil@1.11.6 (location: D:\Dev\Krag-Kings\benchmark\unity\Library\PackageCache\com.unity.nuget.mono-cecil@ecb9724e46ff)
    com.unity.test-framework.performance@3.4.0 (location: D:\Dev\Krag-Kings\benchmark\unity\Library\PackageCache\com.unity.test-framework.performance@aa81a99c4a75)
  Built-in packages:
    com.unity.render-pipelines.high-definition@17.4.0 (location: D:\Dev\Krag-Kings\benchmark\unity\Library\PackageCache\com.unity.render-pipelines.high-definition@4509f627d0da)
    com.unity.ugui@2.0.0 (location: D:\Dev\Krag-Kings\benchmark\unity\Library\PackageCache\com.unity.ugui@d8a2716f3013)
    com.unity.modules.screencapture@1.0.0 (location: D:\Dev\Krag-Kings\benchmark\unity\Library\PackageCache\com.unity.modules.screencapture)
    com.unity.modules.particlesystem@1.0.0 (location: D:\Dev\Krag-Kings\benchmark\unity\Library\PackageCache\com.unity.modules.particlesystem)
    com.unity.modules.imageconversion@1.0.0 (location: D:\Dev\Krag-Kings\benchmark\unity\Library\PackageCache\com.unity.modules.imageconversion)
    com.unity.modules.uielements@1.0.0 (location: D:\Dev\Krag-Kings\benchmark\unity\Library\PackageCache\com.unity.modules.uielements)
    com.unity.modules.ui@1.0.0 (location: D:\Dev\Krag-Kings\benchmark\unity\Library\PackageCache\com.unity.modules.ui)
    com.unity.modules.imgui@1.0.0 (location: D:\Dev\Krag-Kings\benchmark\unity\Library\PackageCache\com.unity.modules.imgui)
    com.unity.modules.video@1.0.0 (location: D:\Dev\Krag-Kings\benchmark\unity\Library\PackageCache\com.unity.modules.video)
    com.unity.modules.animation@1.0.0 (location: D:\Dev\Krag-Kings\benchmark\unity\Library\PackageCache\com.unity.modules.animation)
    com.unity.modules.physics@1.0.0 (location: D:\Dev\Krag-Kings\benchmark\unity\Library\PackageCache\com.unity.modules.physics)
    com.unity.render-pipelines.core@17.4.0 (location: D:\Dev\Krag-Kings\benchmark\unity\Library\PackageCache\com.unity.render-pipelines.core@2269be549234)
    com.unity.shadergraph@17.4.0 (location: D:\Dev\Krag-Kings\benchmark\unity\Library\PackageCache\com.unity.shadergraph@cd28a7c13031)
    com.unity.visualeffectgraph@17.4.0 (location: D:\Dev\Krag-Kings\benchmark\unity\Library\PackageCache\com.unity.visualeffectgraph@e00a147af410)
    com.unity.render-pipelines.high-definition-config@17.4.0 (location: D:\Dev\Krag-Kings\benchmark\unity\Library\PackageCache\com.unity.render-pipelines.high-definition-config@f2a20abb2a1c)
    com.unity.modules.jsonserialize@1.0.0 (location: D:\Dev\Krag-Kings\benchmark\unity\Library\PackageCache\com.unity.modules.jsonserialize)
    com.unity.modules.hierarchycore@1.0.0 (location: D:\Dev\Krag-Kings\benchmark\unity\Library\PackageCache\com.unity.modules.hierarchycore)
    com.unity.collections@6.4.0 (location: D:\Dev\Krag-Kings\benchmark\unity\Library\PackageCache\com.unity.collections@9c2353fb96f6)
    com.unity.modules.terrain@1.0.0 (location: D:\Dev\Krag-Kings\benchmark\unity\Library\PackageCache\com.unity.modules.terrain)
    com.unity.modules.audio@1.0.0 (location: D:\Dev\Krag-Kings\benchmark\unity\Library\PackageCache\com.unity.modules.audio)
    com.unity.modules.unitywebrequest@1.0.0 (location: D:\Dev\Krag-Kings\benchmark\unity\Library\PackageCache\com.unity.modules.unitywebrequest)
    com.unity.test-framework@1.6.0 (location: D:\Dev\Krag-Kings\benchmark\unity\Library\PackageCache\com.unity.test-framework@76560ee600cb)
    com.unity.ext.nunit@2.0.5 (location: D:\Dev\Krag-Kings\benchmark\unity\Library\PackageCache\com.unity.ext.nunit@d8c07649098d)
[Subsystems] No new subsystems found in resolved package list.
[Package Manager] Done registering packages in 0.01 seconds
[ScriptCompilation] Requested script compilation because: AssetDatabase observed changes in script compilation related files
Starting: D:\Unity\Hub\6000.4.4f1\Editor\Data\Tools\BuildPipeline\bee_backend.exe --ipc --defer-dag-verification --dagfile="Library/Bee/1900b0aE.dag" --continue-on-failure --profile="Library/Bee/backend1.traceevents" ScriptAssemblies
WorkingDir: D:/Dev/Krag-Kings/benchmark/unity
DisplayProgressbar: Compiling Scripts
ExitCode: 0 Duration: 5s843ms
[378/643    0s] WriteResponseFile Library/Bee/artifacts/rsp/4747638433968585886.rsp
[514/643    0s] ILPP-Configuration Library/ilpp-configuration.nevergeneratedoutput
[635/643    3s] Csc Library/Bee/artifacts/1900b0aE.dag/Assembly-CSharp.dll (+2 others)
[636/643    0s] Csc Library/Bee/artifacts/1900b0aE.dag/Assembly-CSharp-Editor.dll (+2 others)
[637/643    2s] ILPostProcess Library/Bee/artifacts/1900b0aE.dag/post-processed/Assembly-CSharp.dll (+pdb)
Processing assembly Library/Bee/artifacts/1900b0aE.dag/Assembly-CSharp.dll, with 139 defines and 276 references

processors: Unity.Jobs.CodeGen.JobsILPostProcessor, zzzUnity.Burst.CodeGen.BurstILPostProcessor

running Unity.Jobs.CodeGen.JobsILPostProcessor

running zzzUnity.Burst.CodeGen.BurstILPostProcessor
[638/643    1s] ILPostProcess Library/Bee/artifacts/1900b0aE.dag/post-processed/Assembly-CSharp-Editor.dll (+pdb)
Processing assembly Library/Bee/artifacts/1900b0aE.dag/Assembly-CSharp-Editor.dll, with 137 defines and 311 references

processors: Unity.Jobs.CodeGen.JobsILPostProcessor, zzzUnity.Burst.CodeGen.BurstILPostProcessor

running Unity.Jobs.CodeGen.JobsILPostProcessor

running zzzUnity.Burst.CodeGen.BurstILPostProcessor
[639/643    0s] CopyFiles Library/ScriptAssemblies/Assembly-CSharp.pdb
[640/643    0s] CopyFiles Library/ScriptAssemblies/Assembly-CSharp-Editor.pdb
[641/643    0s] CopyFiles Library/ScriptAssemblies/Assembly-CSharp.dll
[642/643    0s] CopyFiles Library/ScriptAssemblies/Assembly-CSharp-Editor.dll
*** Tundra build success (5.78 seconds), 10 items updated, 643 evaluated
AssetDatabase: script compilation time: 9.121147s
Begin MonoManager ReloadAssembly
Assembly Assembly-CSharp-Editor-firstpass.dll at Library/ScriptAssemblies/Assembly-CSharp-Editor-firstpass.dll not valid. Loading of assembly skipped.
Assembly Assembly-CSharp-firstpass.dll at Library/ScriptAssemblies/Assembly-CSharp-firstpass.dll not valid. Loading of assembly skipped.
Assembly TestNewCustomAssembly.dll at Library/ScriptAssemblies/TestNewCustomAssembly.dll not valid. Loading of assembly skipped.
Assembly Unity.Collections.BurstCompatibilityGen.dll at Library/ScriptAssemblies/Unity.Collections.BurstCompatibilityGen.dll not valid. Loading of assembly skipped.
Assembly Unity.Collections.DocCodeSamples.dll at Library/ScriptAssemblies/Unity.Collections.DocCodeSamples.dll not valid. Loading of assembly skipped.
Assembly Unity.Collections.PerformanceTests.dll at Library/ScriptAssemblies/Unity.Collections.PerformanceTests.dll not valid. Loading of assembly skipped.
Assembly Unity.Collections.Tests.dll at Library/ScriptAssemblies/Unity.Collections.Tests.dll not valid. Loading of assembly skipped.
Assembly Unity.Collections.Tests.Playmode.dll at Library/ScriptAssemblies/Unity.Collections.Tests.Playmode.dll not valid. Loading of assembly skipped.
Assembly Unity.InputSystem.IntegrationTests.dll at Library/ScriptAssemblies/Unity.InputSystem.IntegrationTests.dll not valid. Loading of assembly skipped.
Assembly Unity.Mathematics.Tests.dll at Library/ScriptAssemblies/Unity.Mathematics.Tests.dll not valid. Loading of assembly skipped.
Assembly Unity.Nuget.Mono-Cecil.dll at Library/ScriptAssemblies/Unity.Nuget.Mono-Cecil.dll not valid. Loading of assembly skipped.
Assembly Unity.PathTracing.Editor.Tests.dll at Library/ScriptAssemblies/Unity.PathTracing.Editor.Tests.dll not valid. Loading of assembly skipped.
Assembly Unity.PathTracing.Runtime.Tests.dll at Library/ScriptAssemblies/Unity.PathTracing.Runtime.Tests.dll not valid. Loading of assembly skipped.
Assembly Unity.RenderPipelines.Core.Editor.Tests.dll at Library/ScriptAssemblies/Unity.RenderPipelines.Core.Editor.Tests.dll not valid. Loading of assembly skipped.
Assembly Unity.RenderPipelines.Core.Runtime.Tests.dll at Library/ScriptAssemblies/Unity.RenderPipelines.Core.Runtime.Tests.dll not valid. Loading of assembly skipped.
Assembly Unity.RenderPipelines.HighDefinition.Editor.Tests.dll at Library/ScriptAssemblies/Unity.RenderPipelines.HighDefinition.Editor.Tests.dll not valid. Loading of assembly skipped.
Assembly Unity.RenderPipelines.HighDefinition.Runtime.Tests.dll at Library/ScriptAssemblies/Unity.RenderPipelines.HighDefinition.Runtime.Tests.dll not valid. Loading of assembly skipped.
Assembly Unity.RenderPipelines.HighDefinitionConfig.Editor.Tests.dll at Library/ScriptAssemblies/Unity.RenderPipelines.HighDefinitionConfig.Editor.Tests.dll not valid. Loading of assembly skipped.
Assembly Unity.Searcher.EditorTests.dll at Library/ScriptAssemblies/Unity.Searcher.EditorTests.dll not valid. Loading of assembly skipped.
Assembly Unity.ShaderGraph.Editor.Tests.dll at Library/ScriptAssemblies/Unity.ShaderGraph.Editor.Tests.dll not valid. Loading of assembly skipped.
Assembly Unity.TextMeshPro.Editor.Tests.dll at Library/ScriptAssemblies/Unity.TextMeshPro.Editor.Tests.dll not valid. Loading of assembly skipped.
Assembly Unity.TextMeshPro.Tests.dll at Library/ScriptAssemblies/Unity.TextMeshPro.Tests.dll not valid. Loading of assembly skipped.
Assembly Unity.UnifiedRayTracing.Editor.Tests.dll at Library/ScriptAssemblies/Unity.UnifiedRayTracing.Editor.Tests.dll not valid. Loading of assembly skipped.
Assembly Unity.VisualEffectGraph.Editor.Tests.dll at Library/ScriptAssemblies/Unity.VisualEffectGraph.Editor.Tests.dll not valid. Loading of assembly skipped.
Assembly Unity.VisualEffectGraph.Runtime.Tests.dll at Library/ScriptAssemblies/Unity.VisualEffectGraph.Runtime.Tests.dll not valid. Loading of assembly skipped.
Assembly UnityEditor.UI.Common.Tests.dll at Library/ScriptAssemblies/UnityEditor.UI.Common.Tests.dll not valid. Loading of assembly skipped.
Assembly UnityEditor.UI.EditorTests.dll at Library/ScriptAssemblies/UnityEditor.UI.EditorTests.dll not valid. Loading of assembly skipped.
Assembly UnityEngine.UI.Tests.dll at Library/ScriptAssemblies/UnityEngine.UI.Tests.dll not valid. Loading of assembly skipped.
Refreshing native plugins compatible for Editor in 13.59 ms, found 0 plugins.
Native extension for WindowsStandalone target not found
Native extension for WebGL target not found
ScheduleIndexationOnStartup MainProcess:True IndexOnStartup:True
Mono: successfully reloaded assembly
- Finished resetting the current domain, in  7.190 seconds
Domain Reload Profiling: 14377ms
	BeginReloadAssembly (407ms)
		DisableScriptedObjects (29ms)
		CreateAndSetChildDomain (182ms)
	RebuildCommonClasses (40ms)
	RebuildNativeTypeToScriptingClass (15ms)
	initialDomainReloadingComplete (4972ms)
	LoadAllAssembliesAndSetupDomain (1751ms)
		LoadAssemblies (1444ms)
		AnalyzeDomain (435ms)
			TypeCache.Refresh (383ms)
				TypeCache.ScanAssembly (373ms)
			BuildScriptInfoCaches (39ms)
			ResolveRequiredComponents (11ms)
	FinalizeReload (7190ms)
		SetupLoadedEditorAssemblies (0ms)
			InitializePlatformSupportModulesInManaged (28ms)
			BeforeProcessingInitializeOnLoad (173ms)
			ProcessInitializeOnLoadAttributes (3286ms)
			ProcessInitializeOnLoadMethodAttributes (3445ms)
			AfterProcessingInitializeOnLoad (3ms)
		AwakeInstancesAfterBackupRestoration (21ms)
(Values over 0.050ms)
Asset Pipeline Refresh (id=34817b656cc2c8843aa433f445c82115): Total: 25.331 seconds - Initiated by InitialRefreshV2(ForceSynchronousImport)
	Summary:
		Imports: total=0 (actual=0, local cache=0, cache server=0)
		Asset DB Process Time: managed=0 ms, native=8601 ms
		Asset DB Callback time: managed=327 ms, native=50 ms
		Scripting: domain reloads=1, domain reload time=7188 ms, compile time=9123 ms, other=38 ms
		Project Asset Count: scripts=1062, non-scripts=2772
		Asset File Changes: new=0, changed=2, moved=0, deleted=0
		Scan Filter Count: 0
	InvokePackagesCallback: 43.659ms
	ApplyChangesToAssetFolders: 0.516ms
	Scan: 233.689ms
	OnSourceAssetsModified: 0.868ms
	CategorizeScriptCompilationAssets: 361.132ms
	ProcessAssetsWithTransientArtifactChanges: 65.492ms
	CategorizeAssets: 82.541ms
	CompileScripts: 9123.046ms
	ImportOutOfDateAssets: 7212.399ms (7208.460ms without children)
		UnloadImportedAssets: 2.700ms
		EnsureUptoDateAssetsAreRegisteredWithGuidPM: 0.670ms
		OnDemandSchedulerStart: 0.526ms
	PostProcessAllAssets: 328.881ms
		VCAutoAddAssetPostprocess 1.405ms
		XRBuildSystem.XRAssetImported 0.086ms
		PostProcessCallbackCreateDeferredMaterials 0.058ms
		MonoPostProcessAllAssets: 326.857ms
			AssetPostprocessor.OnPostprocessAllAssets 221.542ms
			SyncVS.PostprocessSyncProject 30.326ms
			StyleCatalogPostProcessor.OnPostprocessAllAssets 24.989ms
			HDRenderPipelineGlobalSettingsPostprocessor.OnPostprocessAllAssets 13.760ms
			BuilderAssetPostprocessor.OnPostprocessAllAssets 6.909ms
			MaterialPostprocessor.OnPostprocessAllAssets 3.662ms
			SpeedTree9Postprocessor.OnPostprocessAllAssets 2.058ms
			WindowAssetPostprocessingWatcher.OnPostprocessAllAssets 1.844ms
			ShaderGraphAssetPostProcessor.OnPostprocessAllAssets 1.688ms
			RetainedModeAssetPostprocessor.OnPostprocessAllAssets 1.491ms
			AssetChangedListener.OnPostprocessAllAssets 1.303ms
			TMPro_TexturePostProcessor.OnPostprocessAllAssets 1.050ms
			VFXGraphPreprocessor.OnPostprocessAllAssets 0.837ms
			RenderPipelineGlobalSettingsPostprocessor.OnPostprocessAllAssets 0.707ms
			ArtifactBrowserPostProcessor.OnPostprocessAllAssets 0.631ms
			ReferencedClipsPostProcessor.OnPostprocessAllAssets 0.428ms
			TextAssetPostProcessor.OnPostprocessAllAssets 0.396ms
			InputActionAssetPostprocessor.OnPostprocessAllAssets 0.375ms
			AudioMixerPostprocessor.OnPostprocessAllAssets 0.299ms
			InputActionJsonNameModifierAssetProcessor.OnPostprocessAllAssets 0.290ms
			AssetEvents.OnPostprocessAllAssets 0.259ms
			TerrainToolbarOverlayPostProcessor.OnPostprocessAllAssets 0.225ms
			PostProcessor.OnPostprocessAllAssets 0.222ms
			ProjectSettingsPostprocessor.OnPostprocessAllAssets 0.193ms
			AssetDatabaseCallbacks.OnPostprocessAllAssets 0.173ms
			ConfigAssetsTracker.OnPostprocessAllAssets 0.153ms
			SpeedTreePostProcessor.OnPostprocessAllAssets 0.150ms
			ScenarioDriftAssetsTracker.OnPostprocessAllAssets 0.135ms
			AudioContainerPostProcessor.OnPostprocessAllAssets 0.078ms
	PostAssetChangesProfiler: 7.996ms
	UnloadStreamsBegin: 1.987ms
	PersistCurrentRevisions: 0.119ms
	GenerateScriptTypeHashes: 2.900ms
	GenerateScriptTypeSerializationHashes: 5.455ms
	Untracked: 7863.076ms

Application.AssetDatabase Initial Refresh End
Shader Hidden/ChartRasterizerHardware is not supported: GPU does not support conservative rasterization
Shader Hidden/ChartRasterizerHardware is not supported: GPU does not support conservative rasterization
Scanning for USB devices : 6.397ms
Initializing Unity extensions:
[MODES] ModeService[none].Initialize
[MODES] ModeService[none].LoadModes
[MODES] Loading mode Default (0) for mode-current-id-Krag Kings — Engine Comparison
Unloading 70 Unused Serialized files (Serialized files now loaded: 0)
Unloading 4758 unused Assets / (11.5 MB). Loaded Objects now: 5822.
Memory consumption went from 251.0 MB to 239.5 MB.
Total: 14.211800 ms (FindLiveObjects: 0.719300 ms CreateObjectMapping: 0.794400 ms MarkObjects: 5.627000 ms  DeleteObjects: 7.068400 ms)

Opening scene 'Assets/Benchmark/Scenes/Dunes.unity'
Unloading 29 Unused Serialized files (Serialized files now loaded: 0)
Loaded scene 'Assets/Benchmark/Scenes/Dunes.unity'
	Deserialize:            199.109 ms
	Integration:            325.746 ms
	Integration of assets:  597.978 ms
	Thread Wait Time:       19.426 ms
	Total Operation Time:   1142.259 ms
Unloading 1 unused Assets / (0.5 KB). Loaded Objects now: 6963.
Memory consumption went from 0.62 GB to 0.62 GB.
Total: 6.626700 ms (FindLiveObjects: 0.405400 ms CreateObjectMapping: 0.318400 ms MarkObjects: 5.844100 ms  DeleteObjects: 0.057800 ms)

Asset Pipeline Refresh (id=01a7980102a368a4b86d787bc306ec9b): Total: 0.074 seconds - Initiated by RefreshV2(NoUpdateAssetOptions)
Asset Pipeline Refresh (id=271940b4044af7b4d8e7cafcf7bce797): Total: 0.070 seconds - Initiated by RefreshV2(NoUpdateAssetOptions)
Start importing Assets/Benchmark/Generated/KragSkinProfile.asset using Guid(48717835e7b347c4c994a3624138bc08) (NativeFormatImporter) -> (Import Result ID: 'e078049fb04cd3897ea6c339d96053d9') in 0.0136434 seconds [static dependencies only]. Details - ImportResultOutputID=a695d695f632a83deef727215d41c304 DependenciesID=5dd5f40e6c56c43563645d96bbfa76ac StaticDependenciesID=3a892b3ff4772ad3a656dd87823dad47 
Asset Pipeline Refresh (id=d8e9cd3cdf4ef564eac9a90760720336): Total: 0.043 seconds - Initiated by StopAssetImportingV2(NoUpdateAssetOptions)
Start importing Assets/Benchmark/Generated/KragSkinProfile.asset using Guid(48717835e7b347c4c994a3624138bc08) (NativeFormatImporter) -> (Import Result ID: 'e078049fb04cd3897ea6c339d96053d9') in 0.0058741 seconds [static dependencies only]. Details - ImportResultOutputID=a695d695f632a83deef727215d41c304 DependenciesID=5dd5f40e6c56c43563645d96bbfa76ac StaticDependenciesID=3a892b3ff4772ad3a656dd87823dad47 
Asset Pipeline Refresh (id=4dfa89fb8c3ec58419eaf3433b9222d8): Total: 0.020 seconds - Initiated by StopAssetImportingV2(NoUpdateAssetOptions)
Start importing Assets/Benchmark/Generated/NibSkinProfile.asset using Guid(81cb02986b243f64fa87086d24882648) (NativeFormatImporter) -> (Import Result ID: 'a0623815575f5aac1c32ab2b56c5a6bd') in 0.0074369 seconds [static dependencies only]. Details - ImportResultOutputID=ea79b5a382c34e131e19ca4d6cdb6b31 DependenciesID=688171ce19b355bc042e32d97a201301 StaticDependenciesID=1735f6c6c542ffbf6ea7770f93bdd89b 
Asset Pipeline Refresh (id=9db012252af246944b07babbf8b66288): Total: 0.023 seconds - Initiated by StopAssetImportingV2(NoUpdateAssetOptions)
Start importing Assets/Benchmark/Generated/NibSkinProfile.asset using Guid(81cb02986b243f64fa87086d24882648) (NativeFormatImporter) -> (Import Result ID: 'a0623815575f5aac1c32ab2b56c5a6bd') in 0.0023123 seconds [static dependencies only]. Details - ImportResultOutputID=ea79b5a382c34e131e19ca4d6cdb6b31 DependenciesID=688171ce19b355bc042e32d97a201301 StaticDependenciesID=1735f6c6c542ffbf6ea7770f93bdd89b 
Asset Pipeline Refresh (id=4f66c3ee3a255914f8751615a408a958): Total: 0.019 seconds - Initiated by StopAssetImportingV2(NoUpdateAssetOptions)
Start importing Assets/Benchmark/Generated/NibSkinProfile.asset using Guid(81cb02986b243f64fa87086d24882648) (NativeFormatImporter) -> (Import Result ID: 'a0623815575f5aac1c32ab2b56c5a6bd') in 0.0017558 seconds [static dependencies only]. Details - ImportResultOutputID=ea79b5a382c34e131e19ca4d6cdb6b31 DependenciesID=688171ce19b355bc042e32d97a201301 StaticDependenciesID=1735f6c6c542ffbf6ea7770f93bdd89b 
Asset Pipeline Refresh (id=1c26f5073879ab044a0d0013e0a579ff): Total: 0.016 seconds - Initiated by StopAssetImportingV2(NoUpdateAssetOptions)
Start importing ProjectSettings/ProjectSettings.asset using Guid(00000000000000004000000000000000) (LibraryAssetImporter) -> (Import Result ID: '71dd96538bbbc564cd863d79beaa69fe') in 0.002446 seconds [static dependencies only]. Details - ImportResultOutputID=d3ca6db29495033f6ec6c171ea098da8 DependenciesID=5d9ee42149b044f287b1b10674149558 StaticDependenciesID=fca69fca57d69462e8f0d0cb40fa4c47 
Start importing ProjectSettings/GraphicsSettings.asset using Guid(00000000000000006100000000000000) (LibraryAssetImporter) -> (Import Result ID: 'fc8e63ea8ddc7ad6001aef54ee729bf7') in 0.002005 seconds [static dependencies only]. Details - ImportResultOutputID=5bd38efc7568c0c855c21a11ad435b27 DependenciesID=3f1491af1b9eeaeaad5ea917e7c76bed StaticDependenciesID=aeeacb038682447ae222969de5249b16 
Start importing Assets/Benchmark/Generated/Krag_FacialSkin.mat using Guid(d4359cca81b4026418cb4d2c56ca17f6) (NativeFormatImporter) -> (Import Result ID: '659eead5bd7689672a833f53e05d1d66') in 0.0069558 seconds [static dependencies only]. Details - ImportResultOutputID=fd0df4bd944a616d3887caf750b83401 DependenciesID=5700c42271bb79fd54cbcc1bfc4ef8c9 StaticDependenciesID=dd495eb51b7315cb0ee6d496815bb02f 
Start importing Assets/Benchmark/Generated/Nib_EarInner.mat using Guid(07415beb5efd5504a9bfdcb1081961de) (NativeFormatImporter) -> (Import Result ID: '13136c0b83b65fb01ffe20f72143554a') in 0.0091258 seconds [static dependencies only]. Details - ImportResultOutputID=73d8e3f067b4a0a9ae49fe73ac3a8c6c DependenciesID=089b8fd0c6218bc94756cf052481d2b7 StaticDependenciesID=098a53666f1897f4ce4797585c1af15f 
Start importing Assets/Benchmark/Generated/Nib_Muzzle.mat using Guid(2882fd7b59b0d4d4fa9b65efdf922deb) (NativeFormatImporter) -> (Import Result ID: '07bddbce15e4eee972dfa73bab85500e') in 0.0073872 seconds [static dependencies only]. Details - ImportResultOutputID=01fb988658277a2782bd24eb09dd3e4b DependenciesID=4c6bcc1b4068315370e3199460b0e98d StaticDependenciesID=fe0827438d62c1eb3156861a5f68e818 
Start importing Assets/Benchmark/Generated/Nib_Skin.mat using Guid(496a3bbc923997c49a8bb72e9dac7416) (NativeFormatImporter) -> (Import Result ID: '0875f8a42a1f617c882d8e9710d0f2a7') in 0.0064986 seconds [static dependencies only]. Details - ImportResultOutputID=3234b07be43989ec188b9924b567df25 DependenciesID=c9974ba0615f7231c18ad74baa7ac8e7 StaticDependenciesID=3abfe6d2386f893336aa647867142380 
Start importing Assets/Benchmark/Generated/Krag_SandstoneSkin.mat using Guid(ee865862c2f0f064b9bccd11fd7ddf6c) (NativeFormatImporter) -> (Import Result ID: '7ad49b7b76486cc42357e67ca36387e4') in 0.0080312 seconds [static dependencies only]. Details - ImportResultOutputID=0be665f379003497adf7d026a59b97ae DependenciesID=a88955894063bc5a51ef035cbf3824f8 StaticDependenciesID=da915ddb147be25e0b8a48b1f90fc715 
Asset Pipeline Refresh (id=5e8dc4e4e24465f4e9b95ce4374df29f): Total: 0.097 seconds - Initiated by StopAssetImportingV2(NoUpdateAssetOptions)
Start importing Assets/Benchmark/Scenes/Dunes.unity using Guid(e523e6b3ed85d1644b07488d05ac4a97) (DefaultImporter) -> (Import Result ID: 'f307f7588de72b3540ea898e09b44187') in 0.0071276 seconds [static dependencies only]. Details - ImportResultOutputID=83d5fca2754e9b97877a510cd903d122 DependenciesID=f9dbd02485fcccec56e5fb5f07006cd0 StaticDependenciesID=efdea0e333b649d748c762434204c0e3 
Asset Pipeline Refresh (id=6009fb07cc258644fba5f507a07d2531): Total: 0.025 seconds - Initiated by StopAssetImportingV2(NoUpdateAssetOptions)
3 HDRP assets included in build- HDRP High Fidelity - Assets/Settings/HDRP High Fidelity.asset
- HDRP Balanced - Assets/Settings/HDRP Balanced.asset
- HDRP Performant - Assets/Settings/HDRP Performant.asset
UnityEngine.Debug:ExtractStackTraceNoAlloc (byte*,int,string)
UnityEngine.StackTraceUtility:ExtractStackTrace ()
UnityEngine.DebugLogHandler:Internal_Log (UnityEngine.LogType,UnityEngine.LogOption,string,UnityEngine.Object)
UnityEngine.DebugLogHandler:LogFormat (UnityEngine.LogType,UnityEngine.Object,string,object[])
UnityEngine.Logger:Log (UnityEngine.LogType,object)
UnityEngine.Debug:Log (object)
UnityEditor.Rendering.HighDefinition.HDRPPreprocessBuild:LogIncludedAssets (System.Collections.Generic.List`1<UnityEngine.Rendering.HighDefinition.HDRenderPipelineAsset>) (at ./Library/PackageCache/com.unity.render-pipelines.high-definition@4509f627d0da/Editor/BuildProcessors/HDRPPreprocessBuild.cs:78)
UnityEditor.Rendering.HighDefinition.HDRPPreprocessBuild:OnPreprocessBuild (UnityEditor.Build.Reporting.BuildReport) (at ./Library/PackageCache/com.unity.render-pipelines.high-definition@4509f627d0da/Editor/BuildProcessors/HDRPPreprocessBuild.cs:59)
UnityEditor.Build.BuildPipelineInterfaces/<>c__DisplayClass17_0:<OnBuildPreProcess>b__1 (UnityEditor.Build.IPreprocessBuildWithReport)
UnityEditor.Build.BuildPipelineInterfaces:InvokeCallbackInterfacesPair<UnityEditor.Build.IPreprocessBuild, UnityEditor.Build.IPreprocessBuildWithReport> (System.Collections.Generic.List`1<UnityEditor.Build.IPreprocessBuild>,System.Action`1<UnityEditor.Build.IPreprocessBuild>,System.Collections.Generic.List`1<UnityEditor.Build.IPreprocessBuildWithReport>,System.Action`1<UnityEditor.Build.IPreprocessBuildWithReport>,bool)
UnityEditor.Build.BuildPipelineInterfaces:OnBuildPreProcess (UnityEditor.Build.Reporting.BuildReport)
UnityEditor.BuildPipeline:BuildPlayerInternal (string[],string,string,UnityEditor.BuildTargetGroup,UnityEditor.BuildTarget,int,UnityEditor.BuildOptions,string[],bool)
UnityEditor.BuildPipeline:BuildPlayer (UnityEditor.BuildPlayerOptions)
KragKings.Editor.BenchmarkBuild:BuildWindows () (at Assets/Benchmark/Editor/BenchmarkBuild.cs:73)
KragKings.Editor.BenchmarkBuild:BuildPrepared () (at Assets/Benchmark/Editor/BenchmarkBuild.cs:67)

(Filename: ./Library/PackageCache/com.unity.render-pipelines.high-definition@4509f627d0da/Editor/BuildProcessors/HDRPPreprocessBuild.cs Line: 78)

Start importing ProjectSettings/QualitySettings.asset using Guid(00000000000000009000000000000000) (LibraryAssetImporter) -> (Import Result ID: 'b00f765c826da973c5ca3990b57265f2') in 0.0016692 seconds [static dependencies only]. Details - ImportResultOutputID=466ae0066f63be03acd64a7e01d76d9f DependenciesID=d4420bd2bd930907885856fb67d74bd9 StaticDependenciesID=83c76b7cfd12ee3aa8be111fd20549ee 
Start importing ProjectSettings/GraphicsSettings.asset using Guid(00000000000000006100000000000000) (LibraryAssetImporter) -> (Import Result ID: 'fc8e63ea8ddc7ad6001aef54ee729bf7') in 0.0022468 seconds [static dependencies only]. Details - ImportResultOutputID=5bd38efc7568c0c855c21a11ad435b27 DependenciesID=3f1491af1b9eeaeaad5ea917e7c76bed StaticDependenciesID=aeeacb038682447ae222969de5249b16 
Start importing Packages/com.unity.render-pipelines.high-definition/Runtime/RenderPipelineResources/ComputeMaterialLibrary.asset using Guid(833ab0ec618db411699ea8cb1a221d0d) (NativeFormatImporter) -> (Import Result ID: 'b7cbf45f9c558d842b43e9ff31699efb') in 0.0073547 seconds [static dependencies only]. Details - ImportResultOutputID=7280c861847fa7e885484bd7cbc1bd94 DependenciesID=3c02ec07783f5a712919e97d60107010 StaticDependenciesID=d024f37b499c599b9e3bc5b012a3b61c 
Start importing Assets/Settings/HDRP Performant.asset using Guid(168a2336534e4e043b2a210b6f8d379a) (NativeFormatImporter) -> (Import Result ID: '85f4b4d2fbd45c1e4baaf15cda9b53ac') in 0.007522 seconds [static dependencies only]. Details - ImportResultOutputID=cbfc52a9261f57be29a107d33349a676 DependenciesID=db0f1467dc336caf29bb17cc66433226 StaticDependenciesID=d112e78c61c4521881f422492b5d972d 
Start importing Assets/Settings/HDRP High Fidelity.asset using Guid(36dd385e759c96147b6463dcd1149c11) (NativeFormatImporter) -> (Import Result ID: 'ab590be67122fa0ada79dfeb9a6e4a01') in 0.0063654 seconds [static dependencies only]. Details - ImportResultOutputID=8bafe0fd5ae1bde66ab41ff556efb17e DependenciesID=9572490678ec66a7c5d7f3d296808f97 StaticDependenciesID=1428f29b58ba3b3546d949de3ec3eb0d 
Start importing Assets/Settings/HDRPDefaultResources/HDRenderPipelineGlobalSettings.asset using Guid(ac0316ca287ba459492b669ff1317a6f) (NativeFormatImporter) -> (Import Result ID: '44314884fdc1ba6a5514628958847fc2') in 0.0071086 seconds [static dependencies only]. Details - ImportResultOutputID=d0e2e8f752ae6a6051f60395521208fe DependenciesID=7697d7f26de04d9b5530dbbab495c5b8 StaticDependenciesID=d7587f4e891098f14b2cebe8950165a3 
Start importing Assets/Settings/HDRP Balanced.asset using Guid(3e2e6bfc59709614ab90c0cd7d755e48) (NativeFormatImporter) -> (Import Result ID: '907d421118e12ac9b85f2328decf1413') in 0.0068389 seconds [static dependencies only]. Details - ImportResultOutputID=74a98fe62912aa90b82eac453bf385c0 DependenciesID=ecf14f1e262c7e95350a04a46bf61c68 StaticDependenciesID=f76cea37553bedc917bf14da824d0e6f 
Asset Pipeline Refresh (id=9cd68be932532264391269dfc519e42c): Total: 0.063 seconds - Initiated by StopAssetImportingV2(NoUpdateAssetOptions)
Start importing Assets/Resources using Guid(d73609bfc9b4c6e4eb160469d73cc977) (DefaultImporter) -> (Import Result ID: 'fbdaf8a3bacd5f591fe737b6ac0f51af') in 0.0084922 seconds [static dependencies only]. Details - ImportResultOutputID=efe38e28bc76e559bc29a53e88947631 DependenciesID=739397abc7cb734d115212a0238b7ac6 StaticDependenciesID=a22816cef726d77c1db93588d40292a0 
Asset Pipeline Refresh (id=519f61343d2a9ce4e80976b6cbd44142): Total: 0.073 seconds - Initiated by StopAssetImportingV2(NoUpdateAssetOptions)
Start importing ProjectSettings/ProjectSettings.asset using Guid(00000000000000004000000000000000) (LibraryAssetImporter) -> (Import Result ID: 'e97b8b78e2f70a74f1fe0c5c97056ebe') in 0.0030019 seconds [static dependencies only]. Details - ImportResultOutputID=d3ca6db29495033f6ec6c171ea098da8 DependenciesID=a7d6009fd4b6709f370cb4dea8c2093e StaticDependenciesID=642a8429a4ee896d5920907c433eec26 
Asset Pipeline Refresh (id=c9f958f79cf892d4d87c0231531d0ca1): Total: 0.063 seconds - Initiated by StopAssetImportingV2(NoUpdateAssetOptions)
Launched and connected shader compiler UnityShaderCompiler.exe after 0.05 seconds
Starting: D:\Unity\Hub\6000.4.4f1\Editor\Data\Tools\BuildPipeline\bee_backend.exe --ipc --defer-dag-verification --dagfile="Library/Bee/1900b0aESkipCompile.dag" --continue-on-failure --profile="Library/Bee/backend1.traceevents" ScriptAssembliesAndTypeDB
WorkingDir: D:/Dev/Krag-Kings/benchmark/unity
ExitCode: 0 Duration: 2s77ms
[2/3        2s] BuildPlayerDataGenerator Library/BuildPlayerData/Editor/TypeDb-All.json
*** Tundra build success (2.04 seconds), 1 items updated, 3 evaluated
Start importing Assets/Resources/PerformanceTestRunInfo.json using Guid(1c2daf582546b6e418aab072dc86a688) (TextScriptImporter) -> (Import Result ID: '3d36da503884aebba934d8feb053eaea') in 0.0172922 seconds [static dependencies only]. Details - ImportResultOutputID=776d4e6ab095699082f4e9242185b06d DependenciesID=12da62a4371a22e8d3416a41e2dfa92f StaticDependenciesID=4633d1e720a631f7ea4aec4c66820e46 
Start importing Assets/Resources/PerformanceTestRunSettings.json using Guid(2f400fbf8a3ce594a98692dc9b49b94c) (TextScriptImporter) -> (Import Result ID: '234df6df435c9dbfb4bd76b02edfcd25') in 0.0095221 seconds [static dependencies only]. Details - ImportResultOutputID=7092ee772c1f2488edb0125c23eefc62 DependenciesID=641a28def2f18d7dcd08da5fda16aace StaticDependenciesID=0742fec00de6814d0e28bd247868314f 
Asset Pipeline Refresh (id=d3a821773cc21b24bb836735c3b2fad6): Total: 0.111 seconds - Initiated by RefreshV2(NoUpdateAssetOptions)
[ScriptCompilation] Requested script compilation because: Recompiling scripts for player build.
BuildPlayer: start building target 19
Starting: D:\Unity\Hub\6000.4.4f1\Editor\Data\Tools\BuildPipeline\bee_backend.exe --ipc --defer-dag-verification --dagfile="Library/Bee/1900b0aP.dag" --continue-on-failure --profile="Library/Bee/backend1.traceevents" ScriptAssembliesAndTypeDB
WorkingDir: D:/Dev/Krag-Kings/benchmark/unity
Total cache size 267246036
Total cache size after purge 267246036, took 00:00:00.3422956
ExitCode: 0 Duration: 7s23ms
[354/503    0s] WriteResponseFile Library/Bee/artifacts/rsp/4747638433968585886.rsp
[436/503    0s] ILPP-Configuration Library/ilpp-configuration.nevergeneratedoutput
[457/503    0s] CopyFiles Library/Bee/PlayerScriptAssemblies/Unity.SurfaceCache.Runtime.dll
[458/503    0s] CopyFiles Library/Bee/PlayerScriptAssemblies/Unity.RenderPipelines.GPUDriven.Runtime.dll
[459/503    0s] CopyFiles Library/Bee/PlayerScriptAssemblies/Unity.InternalAPIEngineBridge.004.dll
[460/503    0s] CopyFiles Library/Bee/PlayerScriptAssemblies/Unity.InputSystem.ForUI.dll
[461/503    0s] CopyFiles Library/Bee/PlayerScriptAssemblies/Unity.RenderPipelines.ShaderGraph.ShaderGraphLibrary.dll
[462/503    0s] CopyFiles Library/Bee/PlayerScriptAssemblies/Unity.VisualEffectGraph.Runtime.dll
[463/503    0s] CopyFiles Library/Bee/PlayerScriptAssemblies/Unity.InputSystem.dll
[464/503    0s] CopyFiles Library/Bee/PlayerScriptAssemblies/Unity.UnifiedRayTracing.Runtime.dll
[465/503    0s] CopyFiles Library/Bee/PlayerScriptAssemblies/Unity.RenderPipelines.Core.Runtime.dll
[466/503    0s] CopyFiles Library/Bee/PlayerScriptAssemblies/UnityEngine.UI.dll
[467/503    0s] CopyFiles Library/Bee/PlayerScriptAssemblies/Unity.PathTracing.Runtime.dll
[468/503    0s] CopyFiles Library/Bee/PlayerScriptAssemblies/Unity.TextMeshPro.dll
[469/503    0s] CopyFiles Library/Bee/PlayerScriptAssemblies/Unity.Collections.dll
[470/503    0s] CopyFiles Library/Bee/PlayerScriptAssemblies/Unity.InternalAPIEngineBridge.RenderPipelines.Core.Runtime.Shared.dll
[471/503    0s] CopyFiles Library/Bee/PlayerScriptAssemblies/Unity.RenderPipelines.HighDefinition.Config.Runtime.dll
[472/503    0s] CopyFiles Library/Bee/PlayerScriptAssemblies/Unity.RenderPipelines.Core.Runtime.Shared.dll
[473/503    0s] CopyFiles Library/Bee/PlayerScriptAssemblies/Unity.RenderPipelines.Core.ShaderLibrary.dll
[474/503    0s] CopyFiles Library/Bee/PlayerScriptAssemblies/Unity.Mathematics.dll
[475/503    0s] CopyFiles Library/Bee/PlayerScriptAssemblies/Unity.RenderPipelines.HighDefinition.Runtime.dll
[476/503    0s] CopyFiles Library/Bee/PlayerScriptAssemblies/Unity.InternalAPIEngineBridge.004.pdb
[477/503    0s] CopyFiles Library/Bee/PlayerScriptAssemblies/UnityEngine.UI.pdb
[478/503    0s] CopyFiles Library/Bee/PlayerScriptAssemblies/Unity.RenderPipelines.ShaderGraph.ShaderGraphLibrary.pdb
[479/503    0s] CopyFiles Library/Bee/PlayerScriptAssemblies/Unity.TextMeshPro.pdb
[480/503    0s] CopyFiles Library/Bee/PlayerScriptAssemblies/Unity.InputSystem.pdb
[481/503    0s] CopyFiles Library/Bee/PlayerScriptAssemblies/Unity.RenderPipelines.GPUDriven.Runtime.pdb
[482/503    0s] CopyFiles Library/Bee/PlayerScriptAssemblies/Unity.Collections.pdb
[483/503    0s] CopyFiles Library/Bee/PlayerScriptAssemblies/Unity.Burst.dll
[484/503    0s] CopyFiles Library/Bee/PlayerScriptAssemblies/Unity.InputSystem.ForUI.pdb
[485/503    0s] CopyFiles Library/Bee/PlayerScriptAssemblies/Unity.UnifiedRayTracing.Runtime.pdb
[486/503    0s] CopyFiles Library/Bee/PlayerScriptAssemblies/Unity.SurfaceCache.Runtime.pdb
[487/503    0s] CopyFiles Library/Bee/PlayerScriptAssemblies/Unity.RenderPipelines.Core.Runtime.Shared.pdb
[488/503    0s] CopyFiles Library/Bee/PlayerScriptAssemblies/Unity.VisualEffectGraph.Runtime.pdb
[489/503    0s] CopyFiles Library/Bee/PlayerScriptAssemblies/Unity.RenderPipelines.Core.Runtime.pdb
[490/503    0s] CopyFiles Library/Bee/PlayerScriptAssemblies/Unity.PathTracing.Runtime.pdb
[491/503    0s] CopyFiles Library/Bee/PlayerScriptAssemblies/Unity.Burst.pdb
[492/503    0s] CopyFiles Library/Bee/PlayerScriptAssemblies/Unity.Mathematics.pdb
[493/503    0s] CopyFiles Library/Bee/PlayerScriptAssemblies/Unity.RenderPipelines.Core.ShaderLibrary.pdb
[494/503    0s] CopyFiles Library/Bee/PlayerScriptAssemblies/Unity.InternalAPIEngineBridge.RenderPipelines.Core.Runtime.Shared.pdb
[495/503    0s] CopyFiles Library/Bee/PlayerScriptAssemblies/Unity.RenderPipelines.HighDefinition.Config.Runtime.pdb
[496/503    0s] CopyFiles Library/Bee/PlayerScriptAssemblies/Unity.RenderPipelines.HighDefinition.Runtime.pdb
[497/503    3s] Csc Library/Bee/artifacts/1900b0aP.dag/Assembly-CSharp.dll (+2 others)
[498/503    1s] ILPostProcess Library/Bee/artifacts/1900b0aP.dag/post-processed/Assembly-CSharp.dll (+pdb)
Processing assembly Library/Bee/artifacts/1900b0aP.dag/Assembly-CSharp.dll, with 127 defines and 204 references

processors: Unity.Jobs.CodeGen.JobsILPostProcessor, zzzUnity.Burst.CodeGen.BurstILPostProcessor

running Unity.Jobs.CodeGen.JobsILPostProcessor

running zzzUnity.Burst.CodeGen.BurstILPostProcessor
[499/503    0s] CopyFiles Library/Bee/PlayerScriptAssemblies/Assembly-CSharp.pdb
[500/503    0s] CopyFiles Library/Bee/PlayerScriptAssemblies/Assembly-CSharp.dll
[502/503    0s] BuildPlayerDataGenerator Library/BuildPlayerData/Player/RuntimeInitializeOnLoads.json (+1 other)
*** Tundra build success (6.99 seconds), 47 items updated, 503 evaluated
Total cache size 267246036
Total cache size after purge 267246036, took 00:00:00.2816651
Rebuilding Data files because Assets/Resources/PerformanceTestRunSettings.json is dirty (hash)


Mono dependencies included in the build
Dependency assembly - System.Windows.Forms.DataVisualization.dll
Dependency assembly - System.Reflection.TypeExtensions.dll
Dependency assembly - System.Diagnostics.Tools.dll
Dependency assembly - System.Diagnostics.Tracing.dll
Dependency assembly - System.IO.Compression.FileSystem.dll
Dependency assembly - System.ServiceModel.dll
Dependency assembly - System.Web.dll
Dependency assembly - System.Xml.XPath.XDocument.dll
Dependency assembly - System.Data.OracleClient.dll
Dependency assembly - Unity.InternalAPIEngineBridge.004.dll
Dependency assembly - System.Reflection.Emit.ILGeneration.dll
Dependency assembly - CustomMarshalers.dll
Dependency assembly - Unity.RenderPipelines.Core.ShaderLibrary.dll
Dependency assembly - System.Workflow.ComponentModel.dll
Dependency assembly - System.Net.WebSockets.dll
Dependency assembly - System.Runtime.CompilerServices.VisualC.dll
Dependency assembly - System.Data.Entity.dll
Dependency assembly - System.Web.DynamicData.dll
Dependency assembly - System.Net.NameResolution.dll
Dependency assembly - System.IO.FileSystem.DriveInfo.dll
Dependency assembly - System.Security.Principal.Windows.dll
Dependency assembly - System.Security.Cryptography.Csp.dll
Dependency assembly - System.Runtime.CompilerServices.Unsafe.dll
Dependency assembly - System.Reactive.Interfaces.dll
Dependency assembly - Unity.RenderPipelines.GPUDriven.Runtime.dll
Dependency assembly - Mono.Http.dll
Dependency assembly - System.Xml.dll
Dependency assembly - System.Text.Encoding.Extensions.dll
Dependency assembly - System.Drawing.dll
Dependency assembly - System.Security.Cryptography.Encoding.dll
Dependency assembly - System.IO.Hashing.dll
Dependency assembly - System.ComponentModel.dll
Dependency assembly - Microsoft.Build.Engine.dll
Dependency assembly - System.Diagnostics.StackTrace.dll
Dependency assembly - System.Runtime.Serialization.Formatters.dll
Dependency assembly - System.IdentityModel.Selectors.dll
Dependency assembly - System.Xml.XPath.XmlDocument.dll
Dependency assembly - System.Reactive.Runtime.Remoting.dll
Dependency assembly - Unity.RenderPipelines.HighDefinition.Runtime.dll
Dependency assembly - System.Net.dll
Dependency assembly - Microsoft.Build.Tasks.v4.0.dll
Dependency assembly - System.Diagnostics.TraceSource.dll
Dependency assembly - Assembly-CSharp.dll
Dependency assembly - System.Workflow.Runtime.dll
Dependency assembly - System.Net.Http.Rtc.dll
Dependency assembly - System.AppContext.dll
Dependency assembly - SMDiagnostics.dll
Dependency assembly - Mono.Messaging.RabbitMQ.dll
Dependency assembly - Commons.Xml.Relaxng.dll
Dependency assembly - System.Runtime.DurableInstancing.dll
Dependency assembly - System.Security.Cryptography.OpenSsl.dll
Dependency assembly - System.Dynamic.dll
Dependency assembly - System.Security.Cryptography.Hashing.Algorithms.dll
Dependency assembly - I18N.MidEast.dll
Dependency assembly - System.ServiceModel.Primitives.dll
Dependency assembly - Mono.Parallel.dll
Dependency assembly - System.Runtime.Serialization.dll
Dependency assembly - I18N.CJK.dll
Dependency assembly - System.Reflection.Context.dll
Dependency assembly - System.Security.Cryptography.Pkcs.dll
Dependency assembly - System.Web.Abstractions.dll
Dependency assembly - System.Drawing.Design.dll
Dependency assembly - WebMatrix.Data.dll
Dependency assembly - I18N.West.dll
Dependency assembly - System.ServiceProcess.dll
Dependency assembly - System.Web.WebPages.dll
Dependency assembly - System.Resources.ResourceManager.dll
Dependency assembly - System.Runtime.dll
Dependency assembly - System.Web.Http.dll
Dependency assembly - System.Resources.Reader.dll
Dependency assembly - System.Security.Cryptography.X509Certificates.dll
Dependency assembly - System.ServiceModel.Routing.dll
Dependency assembly - System.Security.AccessControl.dll
Dependency assembly - System.Threading.Thread.dll
Dependency assembly - Mono.Data.Tds.dll
Dependency assembly - System.Security.Cryptography.Encryption.Aes.dll
Dependency assembly - System.IO.Compression.dll
Dependency assembly - System.Memory.dll
Dependency assembly - Mono.XBuild.Tasks.dll
Dependency assembly - System.Threading.ThreadPool.dll
Dependency assembly - Mono.Profiler.Log.dll
Dependency assembly - System.IO.Compression.ZipFile.dll
Dependency assembly - System.Data.Linq.dll
Dependency assembly - System.Net.Cache.dll
Dependency assembly - System.Net.Primitives.dll
Dependency assembly - System.Reactive.Linq.dll
Dependency assembly - System.Linq.Expressions.dll
Dependency assembly - System.Net.Utilities.dll
Dependency assembly - System.ComponentModel.EventBasedAsync.dll
Dependency assembly - System.IO.FileSystem.Watcher.dll
Dependency assembly - Microsoft.Win32.Primitives.dll
Dependency assembly - System.Threading.AccessControl.dll
Dependency assembly - System.Security.Cryptography.ProtectedData.dll
Dependency assembly - Microsoft.VisualC.dll
Dependency assembly - System.Reactive.Debugger.dll
Dependency assembly - System.Linq.Parallel.dll
Dependency assembly - System.Net.HttpListener.dll
Dependency assembly - Unity.UnifiedRayTracing.Runtime.dll
Dependency assembly - System.Globalization.Extensions.dll
Dependency assembly - System.IO.FileSystem.dll
Dependency assembly - System.ServiceModel.Http.dll
Dependency assembly - Microsoft.Web.Infrastructure.dll
Dependency assembly - System.Threading.dll
Dependency assembly - System.Core.dll
Dependency assembly - Unity.RenderPipelines.Core.Runtime.Shared.dll
Dependency assembly - Unity.InternalAPIEngineBridge.RenderPipelines.Core.Runtime.Shared.dll
Dependency assembly - Mono.Cairo.dll
Dependency assembly - System.Diagnostics.Process.dll
Dependency assembly - System.Xml.XmlSerializer.dll
Dependency assembly - Mono.Data.Sqlite.dll
Dependency assembly - System.Xml.Linq.dll
Dependency assembly - mscorlib.dll
Dependency assembly - System.Security.dll
Dependency assembly - System.Dynamic.Runtime.dll
Dependency assembly - System.Collections.NonGeneric.dll
Dependency assembly - System.IO.FileSystem.AccessControl.dll
Dependency assembly - System.Web.Razor.dll
Dependency assembly - netstandard.dll
Dependency assembly - System.Configuration.dll
Dependency assembly - Unity.RenderPipelines.ShaderGraph.ShaderGraphLibrary.dll
Dependency assembly - System.Console.dll
Dependency assembly - PEAPI.dll
Dependency assembly - System.Data.dll
Dependency assembly - System.Threading.Tasks.dll
Dependency assembly - System.IO.UnmanagedMemoryStream.dll
Dependency assembly - Unity.Burst.Unsafe.dll
Dependency assembly - Microsoft.Build.Framework.dll
Dependency assembly - Microsoft.Build.dll
Dependency assembly - System.EnterpriseServices.dll
Dependency assembly - System.Numerics.dll
Dependency assembly - System.Runtime.Numerics.dll
Dependency assembly - System.Net.Http.Formatting.dll
Dependency assembly - System.Data.Common.dll
Dependency assembly - Mono.CompilerServices.SymbolWriter.dll
Dependency assembly - cscompmgd.dll
Dependency assembly - System.Net.NetworkInformation.dll
Dependency assembly - System.Management.dll
Dependency assembly - System.Security.Cryptography.Encryption.ECDsa.dll
Dependency assembly - System.ServiceProcess.ServiceController.dll
Dependency assembly - System.Web.Http.SelfHost.dll
Dependency assembly - System.Security.Claims.dll
Dependency assembly - System.Web.Mobile.dll
Dependency assembly - System.IO.FileSystem.Primitives.dll
Dependency assembly - System.Data.SqlClient.dll
Dependency assembly - System.Net.AuthenticationManager.dll
Dependency assembly - System.Security.Cryptography.Hashing.dll
Dependency assembly - System.Runtime.Serialization.Xml.dll
Dependency assembly - System.Net.Http.dll
Dependency assembly - System.Runtime.InteropServices.WindowsRuntime.dll
Dependency assembly - System.ServiceModel.Discovery.dll
Dependency assembly - System.Web.RegularExpressions.dll
Dependency assembly - monodoc.dll
Dependency assembly - System.Transactions.dll
Dependency assembly - Unity.RenderPipelines.HighDefinition.Config.Runtime.dll
Dependency assembly - System.Web.Routing.dll
Dependency assembly - System.Windows.Forms.dll
Dependency assembly - System.Security.Cryptography.RandomNumberGenerator.dll
Dependency assembly - Unity.PathTracing.Runtime.dll
Dependency assembly - System.Globalization.dll
Dependency assembly - ICSharpCode.SharpZipLib.dll
Dependency assembly - Mono.Posix.dll
Dependency assembly - Unity.SurfaceCache.Runtime.dll
Dependency assembly - System.Drawing.Primitives.dll
Dependency assembly - System.Web.ApplicationServices.dll
Dependency assembly - I18N.Rare.dll
Dependency assembly - System.ObjectModel.dll
Dependency assembly - System.Security.Cryptography.Algorithms.dll
Dependency assembly - System.Net.Security.dll
Dependency assembly - System.ComponentModel.Composition.dll
Dependency assembly - Mono.C5.dll
Dependency assembly - System.Web.Mvc.dll
Dependency assembly - System.Xaml.dll
Dependency assembly - I18N.dll
Dependency assembly - System.ServiceModel.Duplex.dll
Dependency assembly - Microsoft.CSharp.dll
Dependency assembly - System.Threading.Tasks.Extensions.dll
Dependency assembly - System.Json.dll
Dependency assembly - System.Runtime.Handles.dll
Dependency assembly - System.ServiceModel.Internals.dll
Dependency assembly - System.Security.Cryptography.DeriveBytes.dll
Dependency assembly - System.Web.Extensions.dll
Dependency assembly - System.Web.WebPages.Razor.dll
Dependency assembly - System.Reactive.Core.dll
Dependency assembly - System.Diagnostics.TextWriterTraceListener.dll
Dependency assembly - System.Security.Cryptography.RSA.dll
Dependency assembly - System.Messaging.dll
Dependency assembly - System.Runtime.Serialization.Json.dll
Dependency assembly - System.Reflection.Extensions.dll
Dependency assembly - System.Text.Encoding.dll
Dependency assembly - UnityEngine.UI.dll
Dependency assembly - System.Xml.XDocument.dll
Dependency assembly - Mono.Management.dll
Dependency assembly - System.Reactive.Observable.Aliases.dll
Dependency assembly - System.ValueTuple.dll
Dependency assembly - System.Web.Services.dll
Dependency assembly - System.Json.Microsoft.dll
Dependency assembly - System.Threading.Overlapped.dll
Dependency assembly - Microsoft.Build.Utilities.v4.0.dll
Dependency assembly - Unity.Collections.dll
Dependency assembly - System.Net.WebSockets.Client.dll
Dependency assembly - System.Net.Ping.dll
Dependency assembly - System.Collections.Specialized.dll
Dependency assembly - System.Threading.Tasks.Dataflow.dll
Dependency assembly - System.Text.RegularExpressions.dll
Dependency assembly - I18N.Other.dll
Dependency assembly - System.Security.Cryptography.Encryption.ECDiffieHellman.dll
Dependency assembly - System.Xml.ReaderWriter.dll
Dependency assembly - System.Security.Principal.dll
Dependency assembly - System.IdentityModel.dll
Dependency assembly - System.Runtime.Remoting.dll
Dependency assembly - System.Runtime.Caching.dll
Dependency assembly - System.Reactive.PlatformServices.dll
Dependency assembly - System.Buffers.dll
Dependency assembly - System.Runtime.Extensions.dll
Dependency assembly - Mono.Security.Win32.dll
Dependency assembly - System.Linq.Queryable.dll
Dependency assembly - System.Diagnostics.Contracts.dll
Dependency assembly - System.DirectoryServices.Protocols.dll
Dependency assembly - System.ServiceModel.Security.dll
Dependency assembly - Mono.WebBrowser.dll
Dependency assembly - System.ServiceModel.Web.dll
Dependency assembly - SystemWebTestShim.dll
Dependency assembly - System.Web.Http.WebHost.dll
Dependency assembly - Unity.TextMeshPro.dll
Dependency assembly - System.Diagnostics.TraceEvent.dll
Dependency assembly - Mono.Options.dll
Dependency assembly - System.Windows.dll
Dependency assembly - WindowsBase.dll
Dependency assembly - System.Reactive.Providers.dll
Dependency assembly - Mono.Tasklets.dll
Dependency assembly - Unity.InputSystem.ForUI.dll
Dependency assembly - System.ComponentModel.Annotations.dll
Dependency assembly - System.Reflection.Emit.dll
Dependency assembly - System.Xml.XmlDocument.dll
Dependency assembly - System.Diagnostics.Debug.dll
Dependency assembly - System.Security.SecureString.dll
Dependency assembly - System.Web.WebPages.Deployment.dll
Dependency assembly - System.dll
Dependency assembly - System.Net.ServicePoint.dll
Dependency assembly - System.Text.Encoding.CodePages.dll
Dependency assembly - System.Linq.dll
Dependency assembly - System.Security.Cryptography.Cng.dll
Dependency assembly - Microsoft.Win32.Registry.AccessControl.dll
Dependency assembly - System.Net.Requests.dll
Dependency assembly - System.Reactive.Windows.Forms.dll
Dependency assembly - System.Runtime.InteropServices.dll
Dependency assembly - Unity.Burst.dll
Dependency assembly - System.Collections.dll
Dependency assembly - System.ComponentModel.DataAnnotations.dll
Dependency assembly - Mono.Simd.dll
Dependency assembly - System.Runtime.InteropServices.RuntimeInformation.dll
Dependency assembly - Accessibility.dll
Dependency assembly - System.Workflow.Activities.dll
Dependency assembly - System.Design.dll
Dependency assembly - System.Reflection.Primitives.dll
Dependency assembly - System.IO.MemoryMappedFiles.dll
Dependency assembly - System.Net.WebHeaderCollection.dll
Dependency assembly - System.Web.Extensions.Design.dll
Dependency assembly - System.IO.Pipes.dll
Dependency assembly - System.ComponentModel.Primitives.dll
Dependency assembly - System.ComponentModel.TypeConverter.dll
Dependency assembly - System.Data.Services.dll
Dependency assembly - Mono.CSharp.dll
Dependency assembly - Unity.Collections.LowLevel.ILSupport.dll
Dependency assembly - Microsoft.Win32.Registry.dll
Dependency assembly - System.Collections.Concurrent.dll
Dependency assembly - System.Reflection.dll
Dependency assembly - System.IO.IsolatedStorage.dll
Dependency assembly - Unity.VisualEffectGraph.Runtime.dll
Dependency assembly - System.Security.Cryptography.Encryption.dll
Dependency assembly - System.Reflection.Emit.Lightweight.dll
Dependency assembly - System.Reactive.Experimental.dll
Dependency assembly - System.Net.Mail.dll
Dependency assembly - System.Xml.XPath.dll
Dependency assembly - Mono.Messaging.dll
Dependency assembly - System.Net.Http.WebRequest.dll
Dependency assembly - System.Security.Cryptography.Primitives.dll
Dependency assembly - System.ServiceModel.NetTcp.dll
Dependency assembly - System.Data.Services.Client.dll
Dependency assembly - Unity.RenderPipelines.Core.Runtime.dll
Dependency assembly - Unity.Mathematics.dll
Dependency assembly - System.Resources.Writer.dll
Dependency assembly - System.Threading.Timer.dll
Dependency assembly - System.Diagnostics.FileVersionInfo.dll
Dependency assembly - System.Globalization.Calendars.dll
Dependency assembly - System.ServiceModel.Activation.dll
Dependency assembly - IBM.Data.DB2.dll
Dependency assembly - System.Xml.Serialization.dll
Dependency assembly - System.Data.DataSetExtensions.dll
Dependency assembly - System.IO.dll
Dependency assembly - System.Numerics.Vectors.dll
Dependency assembly - Mono.Btls.Interface.dll
Dependency assembly - System.DirectoryServices.dll
Dependency assembly - System.Configuration.Install.dll
Dependency assembly - System.Net.Sockets.dll
Dependency assembly - System.Threading.Tasks.Parallel.dll
Dependency assembly - System.Runtime.Loader.dll
Dependency assembly - System.Runtime.Serialization.Formatters.Soap.dll
Dependency assembly - System.Deployment.dll
Dependency assembly - Mono.Security.dll
Dependency assembly - RabbitMQ.Client.dll
Dependency assembly - System.Reactive.Windows.Threading.dll
Dependency assembly - System.Xml.Xsl.Primitives.dll
Dependency assembly - System.Runtime.Serialization.Primitives.dll
Dependency assembly - Unity.InputSystem.dll
Dependency assembly - System.Reflection.DispatchProxy.dll
Dependency assembly - System.Resources.ReaderWriter.dll
Dependency assembly - Novell.Directory.Ldap.dll

Opening scene 'Assets/Benchmark/Scenes/Dunes.unity'
Unloading 2 Unused Serialized files (Serialized files now loaded: 0)
Loaded scene 'Assets/Benchmark/Scenes/Dunes.unity'
	Deserialize:            1.393 ms
	Integration:            158.607 ms
	Integration of assets:  0.002 ms
	Thread Wait Time:       0.036 ms
	Total Operation Time:   160.038 ms
Unloading 461 unused Assets / (36.2 MB). Loaded Objects now: 7063.
Memory consumption went from 0.70 GB to 0.67 GB.
Total: 23.222500 ms (FindLiveObjects: 0.553800 ms CreateObjectMapping: 0.369300 ms MarkObjects: 6.509700 ms  DeleteObjects: 15.788800 ms)

Created GICache directory at C:/Users/Matthew/AppData/LocalLow/Unity/Caches/GiCache. Took: 0.020s, timestamps: [57.824 - 57.844]
Unloading 133 Unused Serialized files (Serialized files now loaded: 0)
Unloading 3298 unused Assets / (115.1 MB). Loaded Objects now: 5897.
Memory consumption went from 0.78 GB to 0.67 GB.
Total: 16.973400 ms (FindLiveObjects: 0.593200 ms CreateObjectMapping: 0.434700 ms MarkObjects: 7.130200 ms  DeleteObjects: 8.814200 ms)

Unloading 0 Unused Serialized files (Serialized files now loaded: 0)
Unloading 0 unused Assets / (3.4 MB). Loaded Objects now: 5897.
Memory consumption went from 0.67 GB to 0.67 GB.
Total: 7.563200 ms (FindLiveObjects: 0.360800 ms CreateObjectMapping: 0.285100 ms MarkObjects: 6.887500 ms  DeleteObjects: 0.028900 ms)

Unloading 1 Unused Serialized files (Serialized files now loaded: 0)
Unloading 184 unused Assets / (150.7 MB). Loaded Objects now: 5897.
Memory consumption went from 0.62 GB to 484.3 MB.
Total: 38.854300 ms (FindLiveObjects: 0.340400 ms CreateObjectMapping: 0.228700 ms MarkObjects: 7.757100 ms  DeleteObjects: 30.526900 ms)

Compiling shader "HDRP/PhysicallyBasedSky"
  Pass "PBR Sky cubemap" (vp)
    Target graphics API: d3d11
    Full variant space:         1
    After settings filtering:   1
    After built-in stripping:   1
    After scriptable stripping: 1
    Processed in 0.38 seconds
  Pass "PBR Sky cubemap" (fp)
    Target graphics API: d3d11
    Full variant space:         2
    After settings filtering:   2
    After built-in stripping:   2
    After scriptable stripping: 2
    Processed in 0.00 seconds
  Pass "PBR Sky" (vp)
    Target graphics API: d3d11
    Full variant space:         1
    After settings filtering:   1
    After built-in stripping:   1
    After scriptable stripping: 1
    Processed in 0.00 seconds
  Pass "PBR Sky" (fp)
    Target graphics API: d3d11
    Full variant space:         2
    After settings filtering:   2
    After built-in stripping:   2
    After scriptable stripping: 2
    Processed in 0.00 seconds
  Pass PBR Sky cubemap (vp, d3d11) finished in 0.01 seconds. Local cache hits 1 (0.01s CPU time), remote cache hits 0 (0.00s CPU time), compiled 0 variants (0.00s CPU time), skipped 0 variants.
    Prepared data for serialisation in 0.00s
  Pass PBR Sky cubemap (fp, d3d11) finished in 0.01 seconds. Local cache hits 2 (0.01s CPU time), remote cache hits 0 (0.00s CPU time), compiled 0 variants (0.00s CPU time), skipped 0 variants.
    Prepared data for serialisation in 0.00s
  Pass PBR Sky (vp, d3d11) finished in 0.00 seconds. Local cache hits 1 (0.00s CPU time), remote cache hits 0 (0.00s CPU time), compiled 0 variants (0.00s CPU time), skipped 0 variants.
    Prepared data for serialisation in 0.00s
  Pass PBR Sky (fp, d3d11) finished in 0.01 seconds. Local cache hits 2 (0.01s CPU time), remote cache hits 0 (0.00s CPU time), compiled 0 variants (0.00s CPU time), skipped 0 variants.
    Prepared data for serialisation in 0.00s
Serialized binary data for shader HDRP/PhysicallyBasedSky in 0.00s
    d3d11 (total internal programs: 6, unique: 5)
Compiling shader "Shader Graphs/SolidColor"
  Pass "ShadowCaster" (vp)
    Target graphics API: d3d11
    Full variant space:         4
    After settings filtering:   4
    After built-in stripping:   1
    After scriptable stripping: 1
    Processed in 0.00 seconds
  Pass "ShadowCaster" (fp)
    Target graphics API: d3d11
    Full variant space:         4
    After settings filtering:   4
    After built-in stripping:   1
    After scriptable stripping: 1
    Processed in 0.00 seconds
  Pass "MotionVectors" (vp)
    Target graphics API: d3d11
    Full variant space:         4
    After settings filtering:   4
    After built-in stripping:   1
    After scriptable stripping: 1
    Processed in 0.00 seconds
  Pass "MotionVectors" (fp)
    Target graphics API: d3d11
    Full variant space:         8
    After settings filtering:   8
    After built-in stripping:   2
    After scriptable stripping: 1
    Processed in 0.00 seconds
  Pass "DepthForwardOnly" (vp)
    Target graphics API: d3d11
    Full variant space:         4
    After settings filtering:   4
    After built-in stripping:   1
    After scriptable stripping: 1
    Processed in 0.00 seconds
  Pass "DepthForwardOnly" (fp)
    Target graphics API: d3d11
    Full variant space:         8
    After settings filtering:   8
    After built-in stripping:   2
    After scriptable stripping: 1
    Processed in 0.00 seconds
  Pass "ForwardOnly" (vp)
    Target graphics API: d3d11
    Full variant space:         8
    After settings filtering:   8
    After built-in stripping:   2
    After scriptable stripping: 1
    Processed in 0.00 seconds
  Pass "ForwardOnly" (fp)
    Target graphics API: d3d11
    Full variant space:         8
    After settings filtering:   8
    After built-in stripping:   2
    After scriptable stripping: 1
    Processed in 0.00 seconds
  Pass "FullScreenDebug" (vp)
    Target graphics API: d3d11
    Full variant space:         4
    After settings filtering:   4
    After built-in stripping:   1
    After scriptable stripping: 0
    Processed in 0.00 seconds
  Pass "FullScreenDebug" (fp)
    Target graphics API: d3d11
    Full variant space:         4
    After settings filtering:   4
    After built-in stripping:   1
    After scriptable stripping: 0
    Processed in 0.00 seconds
  Pass "IndirectDXR" (rs)
    Target graphics API: d3d11
    Full variant space:         2
    After settings filtering:   2
    After built-in stripping:   2
    After scriptable stripping: 0
    Processed in 0.00 seconds
  Pass "VisibilityDXR" (rs)
    Target graphics API: d3d11
    Full variant space:         2
    After settings filtering:   2
    After built-in stripping:   2
    After scriptable stripping: 0
    Processed in 0.00 seconds
  Pass "ForwardDXR" (rs)
    Target graphics API: d3d11
    Full variant space:         2
    After settings filtering:   2
    After built-in stripping:   2
    After scriptable stripping: 0
    Processed in 0.00 seconds
  Pass "GBufferDXR" (rs)
    Target graphics API: d3d11
    Full variant space:         2
    After settings filtering:   2
    After built-in stripping:   2
    After scriptable stripping: 0
    Processed in 0.00 seconds
  Pass "DebugDXR" (rs)
    Target graphics API: d3d11
    Full variant space:         1
    After settings filtering:   1
    After built-in stripping:   1
    After scriptable stripping: 0
    Processed in 0.00 seconds
  Pass "PathTracingDXR" (rs)
    Target graphics API: d3d11
    Full variant space:         2
    After settings filtering:   2
    After built-in stripping:   2
    After scriptable stripping: 0
    Processed in 0.00 seconds
  Pass ShadowCaster (vp, d3d11) finished in 0.01 seconds. Local cache hits 1 (0.01s CPU time), remote cache hits 0 (0.00s CPU time), compiled 0 variants (0.00s CPU time), skipped 0 variants.
    Prepared data for serialisation in 0.00s
  Pass ShadowCaster (fp, d3d11) finished in 0.01 seconds. Local cache hits 1 (0.01s CPU time), remote cache hits 0 (0.00s CPU time), compiled 0 variants (0.00s CPU time), skipped 0 variants.
    Prepared data for serialisation in 0.00s
  Pass MotionVectors (vp, d3d11) finished in 0.01 seconds. Local cache hits 1 (0.01s CPU time), remote cache hits 0 (0.00s CPU time), compiled 0 variants (0.00s CPU time), skipped 0 variants.
    Prepared data for serialisation in 0.00s
  Pass MotionVectors (fp, d3d11) finished in 0.01 seconds. Local cache hits 1 (0.01s CPU time), remote cache hits 0 (0.00s CPU time), compiled 0 variants (0.00s CPU time), skipped 0 variants.
    Prepared data for serialisation in 0.00s
  Pass DepthForwardOnly (vp, d3d11) finished in 0.15 seconds. Local cache hits 1 (0.15s CPU time), remote cache hits 0 (0.00s CPU time), compiled 0 variants (0.00s CPU time), skipped 0 variants.
    Prepared data for serialisation in 0.00s
  Pass DepthForwardOnly (fp, d3d11) finished in 0.15 seconds. Local cache hits 1 (0.01s CPU time), remote cache hits 0 (0.00s CPU time), compiled 0 variants (0.00s CPU time), skipped 0 variants.
    Prepared data for serialisation in 0.00s
  Pass ForwardOnly (vp, d3d11) finished in 0.14 seconds. Local cache hits 1 (0.01s CPU time), remote cache hits 0 (0.00s CPU time), compiled 0 variants (0.00s CPU time), skipped 0 variants.
    Prepared data for serialisation in 0.00s
  Pass ForwardOnly (fp, d3d11) finished in 0.14 seconds. Local cache hits 1 (0.00s CPU time), remote cache hits 0 (0.00s CPU time), compiled 0 variants (0.00s CPU time), skipped 0 variants.
    Prepared data for serialisation in 0.00s
Serialized binary data for shader Shader Graphs/SolidColor in 0.00s
    d3d11 (total internal programs: 8, unique: 8)
Compiling shader "HDRP/DefaultFogVolume"
  Pass "FogVolumeVoxelize" (vp)
    Target graphics API: d3d11
    Full variant space:         1
    After settings filtering:   1
    After built-in stripping:   1
    After scriptable stripping: 1
    Processed in 0.00 seconds
  Pass "FogVolumeVoxelize" (fp)
    Target graphics API: d3d11
    Full variant space:         2
    After settings filtering:   2
    After built-in stripping:   2
    After scriptable stripping: 2
    Processed in 0.00 seconds
  Pass "ShaderGraphPreview" (vp)
    Target graphics API: d3d11
    Full variant space:         1
    After settings filtering:   1
    After built-in stripping:   1
    After scriptable stripping: 1
    Processed in 0.00 seconds
  Pass "ShaderGraphPreview" (fp)
    Target graphics API: d3d11
    Full variant space:         2
    After settings filtering:   2
    After built-in stripping:   2
    After scriptable stripping: 2
    Processed in 0.00 seconds
  Pass "VolumetricFogVFXOverdrawDebug" (vp)
    Target graphics API: d3d11
    Full variant space:         1
    After settings filtering:   1
    After built-in stripping:   1
    After scriptable stripping: 1
    Processed in 0.00 seconds
  Pass "VolumetricFogVFXOverdrawDebug" (fp)
    Target graphics API: d3d11
    Full variant space:         2
    After settings filtering:   2
    After built-in stripping:   2
    After scriptable stripping: 2
    Processed in 0.00 seconds
  Pass FogVolumeVoxelize (vp, d3d11) finished in 0.01 seconds. Local cache hits 1 (0.01s CPU time), remote cache hits 0 (0.00s CPU time), compiled 0 variants (0.00s CPU time), skipped 0 variants.
    Prepared data for serialisation in 0.00s
  Pass FogVolumeVoxelize (fp, d3d11) finished in 0.01 seconds. Local cache hits 2 (0.01s CPU time), remote cache hits 0 (0.00s CPU time), compiled 0 variants (0.00s CPU time), skipped 0 variants.
    Prepared data for serialisation in 0.00s
  Pass ShaderGraphPreview (vp, d3d11) finished in 0.01 seconds. Local cache hits 1 (0.01s CPU time), remote cache hits 0 (0.00s CPU time), compiled 0 variants (0.00s CPU time), skipped 0 variants.
    Prepared data for serialisation in 0.00s
  Pass ShaderGraphPreview (fp, d3d11) finished in 0.01 seconds. Local cache hits 2 (0.01s CPU time), remote cache hits 0 (0.00s CPU time), compiled 0 variants (0.00s CPU time), skipped 0 variants.
    Prepared data for serialisation in 0.00s
  Pass VolumetricFogVFXOverdrawDebug (vp, d3d11) finished in 0.01 seconds. Local cache hits 1 (0.01s CPU time), remote cache hits 0 (0.00s CPU time), compiled 0 variants (0.00s CPU time), skipped 0 variants.
    Prepared data for serialisation in 0.00s
  Pass VolumetricFogVFXOverdrawDebug (fp, d3d11) finished in 0.01 seconds. Local cache hits 2 (0.01s CPU time), remote cache hits 0 (0.00s CPU time), compiled 0 variants (0.00s CPU time), skipped 0 variants.
    Prepared data for serialisation in 0.00s
Serialized binary data for shader HDRP/DefaultFogVolume in 0.00s
    d3d11 (total internal programs: 9, unique: 9)
Compiling shader "Skybox/Cubemap"
  Pass "" (vp)
    Target graphics API: d3d11
    Full variant space:         1
    After settings filtering:   1
    After built-in stripping:   1
    After scriptable stripping: 1
    Processed in 0.00 seconds
  Pass "" (fp)
    Target graphics API: d3d11
    Full variant space:         1
    After settings filtering:   1
    After built-in stripping:   1
    After scriptable stripping: 1
    Processed in 0.00 seconds
  Pass  (vp, d3d11) finished in 0.01 seconds. Local cache hits 1 (0.01s CPU time), remote cache hits 0 (0.00s CPU time), compiled 0 variants (0.00s CPU time), skipped 0 variants.
    Prepared data for serialisation in 0.00s
  Pass  (fp, d3d11) finished in 0.01 seconds. Local cache hits 1 (0.01s CPU time), remote cache hits 0 (0.00s CPU time), compiled 0 variants (0.00s CPU time), skipped 0 variants.
    Prepared data for serialisation in 0.00s
Serialized binary data for shader Skybox/Cubemap in 0.00s
    d3d11 (total internal programs: 2, unique: 2)
Compiling shader "Hidden/HDRP/Sky/CloudLayer"
  Pass "" (vp)
    Target graphics API: d3d11
    Full variant space:         24
    After settings filtering:   24
    After built-in stripping:   24
    After scriptable stripping: 24
    Processed in 0.00 seconds
  Pass "" (fp)
    Target graphics API: d3d11
    Full variant space:         24
    After settings filtering:   24
    After built-in stripping:   24
    After scriptable stripping: 24
    Processed in 0.00 seconds
  Pass "" (vp)
    Target graphics API: d3d11
    Full variant space:         48
    After settings filtering:   48
    After built-in stripping:   48
    After scriptable stripping: 48
    Processed in 0.00 seconds
  Pass "" (fp)
    Target graphics API: d3d11
    Full variant space:         48
    After settings filtering:   48
    After built-in stripping:   48
    After scriptable stripping: 48
    Processed in 0.00 seconds
  Pass  (vp, d3d11) finished in 0.06 seconds. Local cache hits 24 (0.15s CPU time), remote cache hits 0 (0.00s CPU time), compiled 0 variants (0.00s CPU time), skipped 0 variants.
    Prepared data for serialisation in 0.00s
  Pass  (fp, d3d11) finished in 0.06 seconds. Local cache hits 24 (0.15s CPU time), remote cache hits 0 (0.00s CPU time), compiled 0 variants (0.00s CPU time), skipped 0 variants.
    Prepared data for serialisation in 0.00s
  Pass  (vp, d3d11) finished in 0.07 seconds. Local cache hits 48 (0.17s CPU time), remote cache hits 0 (0.00s CPU time), compiled 0 variants (0.00s CPU time), skipped 0 variants.
    Prepared data for serialisation in 0.00s
  Pass  (fp, d3d11) finished in 0.13 seconds. Local cache hits 48 (0.36s CPU time), remote cache hits 0 (0.00s CPU time), compiled 0 variants (0.00s CPU time), skipped 0 variants.
    Prepared data for serialisation in 0.00s
Serialized binary data for shader Hidden/HDRP/Sky/CloudLayer in 0.00s
    d3d11 (total internal programs: 144, unique: 120)
Compressed shader 'Hidden/HDRP/Sky/CloudLayer' on d3d11 from 1.22MB to 0.10MB
Compressed shader 'Hidden/HDRP/Sky/CloudLayer' in 0.05s
Compiling shader "Hidden/PostProcessing/Debug/Waveform"
  Pass "" (vp)
    Target graphics API: d3d11
    Full variant space:         1
    After settings filtering:   1
    After built-in stripping:   1
    After scriptable stripping: 0
    Processed in 0.00 seconds
  Pass "" (fp)
    Target graphics API: d3d11
    Full variant space:         1
    After settings filtering:   1
    After built-in stripping:   1
    After scriptable stripping: 0
    Processed in 0.00 seconds
Serialized binary data for shader Hidden/PostProcessing/Debug/Waveform in 0.00s
    d3d11 (total internal programs: 0, unique: 0)
Compiling shader "Hidden/HDRP/DLSSBiasColorMask"
  Pass "" (vp)
    Target graphics API: d3d11
    Full variant space:         1
    After settings filtering:   1
    After built-in stripping:   1
    After scriptable stripping: 1
    Processed in 0.00 seconds
  Pass "" (fp)
    Target graphics API: d3d11
    Full variant space:         1
    After settings filtering:   1
    After built-in stripping:   1
    After scriptable stripping: 1
    Processed in 0.00 seconds
  Pass  (vp, d3d11) finished in 0.01 seconds. Local cache hits 1 (0.01s CPU time), remote cache hits 0 (0.00s CPU time), compiled 0 variants (0.00s CPU time), skipped 0 variants.
    Prepared data for serialisation in 0.00s
  Pass  (fp, d3d11) finished in 0.01 seconds. Local cache hits 1 (0.01s CPU time), remote cache hits 0 (0.00s CPU time), compiled 0 variants (0.00s CPU time), skipped 0 variants.
    Prepared data for serialisation in 0.00s
Serialized binary data for shader Hidden/HDRP/DLSSBiasColorMask in 0.00s
    d3d11 (total internal programs: 2, unique: 2)
Compiling shader "Hidden/HDRP/ApplyDistortion"
  Pass "" (vp)
    Target graphics API: d3d11
    Full variant space:         1
    After settings filtering:   1
    After built-in stripping:   1
    After scriptable stripping: 1
    Processed in 0.00 seconds
  Pass "" (fp)
    Target graphics API: d3d11
    Full variant space:         1
    After settings filtering:   1
    After built-in stripping:   1
    After scriptable stripping: 1
    Processed in 0.00 seconds
  Pass  (vp, d3d11) finished in 0.01 seconds. Local cache hits 1 (0.01s CPU time), remote cache hits 0 (0.00s CPU time), compiled 0 variants (0.00s CPU time), skipped 0 variants.
    Prepared data for serialisation in 0.00s
  Pass  (fp, d3d11) finished in 0.01 seconds. Local cache hits 1 (0.01s CPU time), remote cache hits 0 (0.00s CPU time), compiled 0 variants (0.00s CPU time), skipped 0 variants.
    Prepared data for serialisation in 0.00s
Serialized binary data for shader Hidden/HDRP/ApplyDistortion in 0.00s
    d3d11 (total internal programs: 2, unique: 2)
Compiling shader "Hidden/HDRP/CameraMotionVectors"
  Pass "" (vp)
    Target graphics API: d3d11
    Full variant space:         1
    After settings filtering:   1
    After built-in stripping:   1
    After scriptable stripping: 1
    Processed in 0.00 seconds
  Pass "" (fp)
    Target graphics API: d3d11
    Full variant space:         1
    After settings filtering:   1
    After built-in stripping:   1
    After scriptable stripping: 1
    Processed in 0.00 seconds
  Pass  (vp, d3d11) finished in 0.01 seconds. Local cache hits 1 (0.01s CPU time), remote cache hits 0 (0.00s CPU time), compiled 0 variants (0.00s CPU time), skipped 0 variants.
    Prepared data for serialisation in 0.00s
  Pass  (fp, d3d11) finished in 0.01 seconds. Local cache hits 1 (0.01s CPU time), remote cache hits 0 (0.00s CPU time), compiled 0 variants (0.00s CPU time), skipped 0 variants.
    Prepared data for serialisation in 0.00s
Serialized binary data for shader Hidden/HDRP/CameraMotionVectors in 0.00s
    d3d11 (total internal programs: 2, unique: 2)
Compiling shader "Hidden/HDRP/CompositeUI"
  Pass "" (vp)
    Target graphics API: d3d11
    Full variant space:         2
    After settings filtering:   2
    After built-in stripping:   2
    After scriptable stripping: 2
    Processed in 0.00 seconds
  Pass "" (fp)
    Target graphics API: d3d11
    Full variant space:         8
    After settings filtering:   8
    After built-in stripping:   8
    After scriptable stripping: 8
    Processed in 0.00 seconds
  Pass  (vp, d3d11) finished in 0.01 seconds. Local cache hits 2 (0.01s CPU time), remote cache hits 0 (0.00s CPU time), compiled 0 variants (0.00s CPU time), skipped 0 variants.
    Prepared data for serialisation in 0.00s
  Pass  (fp, d3d11) finished in 0.02 seconds. Local cache hits 8 (0.05s CPU time), remote cache hits 0 (0.00s CPU time), compiled 0 variants (0.00s CPU time), skipped 0 variants.
    Prepared data for serialisation in 0.00s
Serialized binary data for shader Hidden/HDRP/CompositeUI in 0.00s
    d3d11 (total internal programs: 10, unique: 10)
Compiling shader "Hidden/VoxelizeShader"
  Pass "" (vp)
    Target graphics API: d3d11
    Full variant space:         1
    After settings filtering:   1
    After built-in stripping:   1
    After scriptable stripping: 1
    Processed in 0.00 seconds
  Pass "" (fp)
    Target graphics API: d3d11
    Full variant space:         1
    After settings filtering:   1
    After built-in stripping:   1
    After scriptable stripping: 1
    Processed in 0.00 seconds
  Pass "" (vp)
    Target graphics API: d3d11
    Full variant space:         1
    After settings filtering:   1
    After built-in stripping:   1
    After scriptable stripping: 1
    Processed in 0.00 seconds
  Pass "" (fp)
    Target graphics API: d3d11
    Full variant space:         1
    After settings filtering:   1
    After built-in stripping:   1
    After scriptable stripping: 1
    Processed in 0.00 seconds
  Pass  (vp, d3d11) finished in 0.01 seconds. Local cache hits 1 (0.01s CPU time), remote cache hits 0 (0.00s CPU time), compiled 0 variants (0.00s CPU time), skipped 0 variants.
    Prepared data for serialisation in 0.00s
  Pass  (fp, d3d11) finished in 0.01 seconds. Local cache hits 1 (0.01s CPU time), remote cache hits 0 (0.00s CPU time), compiled 0 variants (0.00s CPU time), skipped 0 variants.
    Prepared data for serialisation in 0.00s
  Pass  (vp, d3d11) finished in 0.00 seconds. Local cache hits 1 (0.00s CPU time), remote cache hits 0 (0.00s CPU time), compiled 0 variants (0.00s CPU time), skipped 0 variants.
    Prepared data for serialisation in 0.00s
  Pass  (fp, d3d11) finished in 0.00 seconds. Local cache hits 1 (0.00s CPU time), remote cache hits 0 (0.00s CPU time), compiled 0 variants (0.00s CPU time), skipped 0 variants.
    Prepared data for serialisation in 0.00s
Serialized binary data for shader Hidden/VoxelizeShader in 0.00s
    d3d11 (total internal programs: 4, unique: 3)
Compiling shader "Hidden/HDRP/DebugExposure"
  Pass "" (vp)
    Target graphics API: d3d11
    Full variant space:         1
    After settings filtering:   1
    After built-in stripping:   1
    After scriptable stripping: 0
    Processed in 0.00 seconds
  Pass "" (fp)
    Target graphics API: d3d11
    Full variant space:         1
    After settings filtering:   1
    After built-in stripping:   1
    After scriptable stripping: 0
    Processed in 0.00 seconds
  Pass "" (vp)
    Target graphics API: d3d11
    Full variant space:         1
    After settings filtering:   1
    After built-in stripping:   1
    After scriptable stripping: 0
    Processed in 0.00 seconds
  Pass "" (fp)
    Target graphics API: d3d11
    Full variant space:         1
    After settings filtering:   1
    After built-in stripping:   1
    After scriptable stripping: 0
    Processed in 0.00 seconds
  Pass "" (vp)
    Target graphics API: d3d11
    Full variant space:         1
    After settings filtering:   1
    After built-in stripping:   1
    After scriptable stripping: 0
    Processed in 0.00 seconds
  Pass "" (fp)
    Target graphics API: d3d11
    Full variant space:         1
    After settings filtering:   1
    After built-in stripping:   1
    After scriptable stripping: 0
    Processed in 0.00 seconds
  Pass "" (vp)
    Target graphics API: d3d11
    Full variant space:         1
    After settings filtering:   1
    After built-in stripping:   1
    After scriptable stripping: 0
    Processed in 0.00 seconds
  Pass "" (fp)
    Target graphics API: d3d11
    Full variant space:         1
    After settings filtering:   1
    After built-in stripping:   1
    After scriptable stripping: 0
    Processed in 0.00 seconds
Serialized binary data for shader Hidden/HDRP/DebugExposure in 0.00s
    d3d11 (total internal programs: 0, unique: 0)
Compiling shader "Hidden/HDRP/GGXConvolve"
  Pass "" (vp)
    Target graphics API: d3d11
    Full variant space:         1
    After settings filtering:   1
    After built-in stripping:   1
    After scriptable stripping: 1
    Processed in 0.00 seconds
  Pass "" (fp)
    Target graphics API: d3d11
    Full variant space:         2
    After settings filtering:   2
    After built-in stripping:   2
    After scriptable stripping: 2
    Processed in 0.00 seconds
  Pass  (vp, d3d11) finished in 0.00 seconds. Local cache hits 1 (0.00s CPU time), remote cache hits 0 (0.00s CPU time), compiled 0 variants (0.00s CPU time), skipped 0 variants.
    Prepared data for serialisation in 0.00s
  Pass  (fp, d3d11) finished in 0.01 seconds. Local cache hits 2 (0.01s CPU time), remote cache hits 0 (0.00s CPU time), compiled 0 variants (0.00s CPU time), skipped 0 variants.
    Prepared data for serialisation in 0.00s
Serialized binary data for shader Hidden/HDRP/GGXConvolve in 0.00s
    d3d11 (total internal programs: 3, unique: 3)
Compiling shader "Hidden/HDRP/preIntegratedFGD_GGXDisneyDiffuse"
  Pass "" (vp)
    Target graphics API: d3d11
    Full variant space:         1
    After settings filtering:   1
    After built-in stripping:   1
    After scriptable stripping: 1
    Processed in 0.00 seconds
  Pass "" (fp)
    Target graphics API: d3d11
    Full variant space:         1
    After settings filtering:   1
    After built-in stripping:   1
    After scriptable stripping: 1
    Processed in 0.00 seconds
  Pass  (vp, d3d11) finished in 0.00 seconds. Local cache hits 1 (0.00s CPU time), remote cache hits 0 (0.00s CPU time), compiled 0 variants (0.00s CPU time), skipped 0 variants.
    Prepared data for serialisation in 0.00s
  Pass  (fp, d3d11) finished in 0.01 seconds. Local cache hits 1 (0.01s CPU time), remote cache hits 0 (0.00s CPU time), compiled 0 variants (0.00s CPU time), skipped 0 variants.
    Prepared data for serialisation in 0.00s
Serialized binary data for shader Hidden/HDRP/preIntegratedFGD_GGXDisneyDiffuse in 0.00s
    d3d11 (total internal programs: 2, unique: 2)
Compiling shader "Hidden/CoreSRP/CoreCopy"
  Pass "Copy" (vp)
    Target graphics API: d3d11
    Full variant space:         1
    After settings filtering:   1
    After built-in stripping:   1
    After scriptable stripping: 1
    Processed in 0.00 seconds
  Pass "Copy" (fp)
    Target graphics API: d3d11
    Full variant space:         2
    After settings filtering:   2
    After built-in stripping:   2
    After scriptable stripping: 2
    Processed in 0.00 seconds
  Pass "CopyMS" (vp)
    Target graphics API: d3d11
    Full variant space:         1
    After settings filtering:   1
    After built-in stripping:   1
    After scriptable stripping: 1
    Processed in 0.00 seconds
  Pass "CopyMS" (fp)
    Target graphics API: d3d11
    Full variant space:         2
    After settings filtering:   2
    After built-in stripping:   2
    After scriptable stripping: 2
    Processed in 0.00 seconds
  Pass Copy (vp, d3d11) finished in 0.01 seconds. Local cache hits 1 (0.01s CPU time), remote cache hits 0 (0.00s CPU time), compiled 0 variants (0.00s CPU time), skipped 0 variants.
    Prepared data for serialisation in 0.00s
  Pass Copy (fp, d3d11) finished in 0.01 seconds. Local cache hits 2 (0.01s CPU time), remote cache hits 0 (0.00s CPU time), compiled 0 variants (0.00s CPU time), skipped 0 variants.
    Prepared data for serialisation in 0.00s
  Pass CopyMS (vp, d3d11) finished in 0.01 seconds. Local cache hits 1 (0.00s CPU time), remote cache hits 0 (0.00s CPU time), compiled 0 variants (0.00s CPU time), skipped 0 variants.
    Prepared data for serialisation in 0.00s
  Pass CopyMS (fp, d3d11) finished in 0.01 seconds. Local cache hits 2 (0.01s CPU time), remote cache hits 0 (0.00s CPU time), compiled 0 variants (0.00s CPU time), skipped 0 variants.
    Prepared data for serialisation in 0.00s
Serialized binary data for shader Hidden/CoreSRP/CoreCopy in 0.00s
    d3d11 (total internal programs: 6, unique: 6)
Compiling shader "Hidden/HDRP/UpsampleTransparent"
  Pass "" (vp)
    Target graphics API: d3d11
    Full variant space:         1
    After settings filtering:   1
    After built-in stripping:   1
    After scriptable stripping: 1
    Processed in 0.00 seconds
  Pass "" (fp)
    Target graphics API: d3d11
    Full variant space:         1
    After settings filtering:   1
    After built-in stripping:   1
    After scriptable stripping: 1
    Processed in 0.00 seconds
  Pass "" (vp)
    Target graphics API: d3d11
    Full variant space:         1
    After settings filtering:   1
    After built-in stripping:   1
    After scriptable stripping: 1
    Processed in 0.00 seconds
  Pass "" (fp)
    Target graphics API: d3d11
    Full variant space:         2
    After settings filtering:   2
    After built-in stripping:   2
    After scriptable stripping: 2
    Processed in 0.00 seconds
  Pass "" (vp)
    Target graphics API: d3d11
    Full variant space:         1
    After settings filtering:   1
    After built-in stripping:   1
    After scriptable stripping: 1
    Processed in 0.00 seconds
  Pass "" (fp)
    Target graphics API: d3d11
    Full variant space:         2
    After settings filtering:   2
    After built-in stripping:   2
    After scriptable stripping: 2
    Processed in 0.00 seconds
  Pass  (vp, d3d11) finished in 0.00 seconds. Local cache hits 1 (0.00s CPU time), remote cache hits 0 (0.00s CPU time), compiled 0 variants (0.00s CPU time), skipped 0 variants.
    Prepared data for serialisation in 0.00s
  Pass  (fp, d3d11) finished in 0.01 seconds. Local cache hits 1 (0.01s CPU time), remote cache hits 0 (0.00s CPU time), compiled 0 variants (0.00s CPU time), skipped 0 variants.
    Prepared data for serialisation in 0.00s
  Pass  (vp, d3d11) finished in 0.01 seconds. Local cache hits 1 (0.00s CPU time), remote cache hits 0 (0.00s CPU time), compiled 0 variants (0.00s CPU time), skipped 0 variants.
    Prepared data for serialisation in 0.00s
  Pass  (fp, d3d11) finished in 0.02 seconds. Local cache hits 2 (0.02s CPU time), remote cache hits 0 (0.00s CPU time), compiled 0 variants (0.00s CPU time), skipped 0 variants.
    Prepared data for serialisation in 0.00s
  Pass  (vp, d3d11) finished in 0.01 seconds. Local cache hits 1 (0.00s CPU time), remote cache hits 0 (0.00s CPU time), compiled 0 variants (0.00s CPU time), skipped 0 variants.
    Prepared data for serialisation in 0.00s
  Pass  (fp, d3d11) finished in 0.01 seconds. Local cache hits 2 (0.01s CPU time), remote cache hits 0 (0.00s CPU time), compiled 0 variants (0.00s CPU time), skipped 0 variants.
    Prepared data for serialisation in 0.00s
Serialized binary data for shader Hidden/HDRP/UpsampleTransparent in 0.00s
    d3d11 (total internal programs: 8, unique: 6)
Compiling shader "Hidden/HDRP/Sky/GradientSky"
  Pass "" (vp)
    Target graphics API: d3d11
    Full variant space:         1
    After settings filtering:   1
    After built-in stripping:   1
    After scriptable stripping: 1
    Processed in 0.00 seconds
  Pass "" (fp)
    Target graphics API: d3d11
    Full variant space:         1
    After settings filtering:   1
    After built-in stripping:   1
    After scriptable stripping: 1
    Processed in 0.00 seconds
  Pass "" (vp)
    Target graphics API: d3d11
    Full variant space:         1
    After settings filtering:   1
    After built-in stripping:   1
    After scriptable stripping: 1
    Processed in 0.00 seconds
  Pass "" (fp)
    Target graphics API: d3d11
    Full variant space:         1
    After settings filtering:   1
    After built-in stripping:   1
    After scriptable stripping: 1
    Processed in 0.00 seconds
  Pass  (vp, d3d11) finished in 0.00 seconds. Local cache hits 1 (0.00s CPU time), remote cache hits 0 (0.00s CPU time), compiled 0 variants (0.00s CPU time), skipped 0 variants.
    Prepared data for serialisation in 0.00s
  Pass  (fp, d3d11) finished in 0.01 seconds. Local cache hits 1 (0.01s CPU time), remote cache hits 0 (0.00s CPU time), compiled 0 variants (0.00s CPU time), skipped 0 variants.
    Prepared data for serialisation in 0.00s
  Pass  (vp, d3d11) finished in 0.00 seconds. Local cache hits 1 (0.00s CPU time), remote cache hits 0 (0.00s CPU time), compiled 0 variants (0.00s CPU time), skipped 0 variants.
    Prepared data for serialisation in 0.00s
  Pass  (fp, d3d11) finished in 0.00 seconds. Local cache hits 1 (0.00s CPU time), remote cache hits 0 (0.00s CPU time), compiled 0 variants (0.00s CPU time), skipped 0 variants.
    Prepared data for serialisation in 0.00s
Serialized binary data for shader Hidden/HDRP/Sky/GradientSky in 0.00s
    d3d11 (total internal programs: 4, unique: 3)
Compiling shader "Hidden/HDRP/CombineLighting"
  Pass "" (vp)
    Target graphics API: d3d11
    Full variant space:         1
    After settings filtering:   1
    After built-in stripping:   1
    After scriptable stripping: 1
    Processed in 0.00 seconds
  Pass "" (fp)
    Target graphics API: d3d11
    Full variant space:         1
    After settings filtering:   1
    After built-in stripping:   1
    After scriptable stripping: 1
    Processed in 0.00 seconds
  Pass "" (vp)
    Target graphics API: d3d11
    Full variant space:         1
    After settings filtering:   1
    After built-in stripping:   1
    After scriptable stripping: 1
    Processed in 0.00 seconds
  Pass "" (fp)
    Target graphics API: d3d11
    Full variant space:         1
    After settings filtering:   1
    After built-in stripping:   1
    After scriptable stripping: 1
    Processed in 0.00 seconds
  Pass  (vp, d3d11) finished in 0.01 seconds. Local cache hits 1 (0.01s CPU time), remote cache hits 0 (0.00s CPU time), compiled 0 variants (0.00s CPU time), skipped 0 variants.
    Prepared data for serialisation in 0.00s
  Pass  (fp, d3d11) finished in 0.01 seconds. Local cache hits 1 (0.01s CPU time), remote cache hits 0 (0.00s CPU time), compiled 0 variants (0.00s CPU time), skipped 0 variants.
    Prepared data for serialisation in 0.00s
  Pass  (vp, d3d11) finished in 0.00 seconds. Local cache hits 1 (0.00s CPU time), remote cache hits 0 (0.00s CPU time), compiled 0 variants (0.00s CPU time), skipped 0 variants.
    Prepared data for serialisation in 0.00s
  Pass  (fp, d3d11) finished in 0.01 seconds. Local cache hits 1 (0.01s CPU time), remote cache hits 0 (0.00s CPU time), compiled 0 variants (0.00s CPU time), skipped 0 variants.
    Prepared data for serialisation in 0.00s
Serialized binary data for shader Hidden/HDRP/CombineLighting in 0.00s
    d3d11 (total internal programs: 4, unique: 3)
Compiling shader "Hidden/ColorPyramidPS"
  Pass "" (vp)
    Target graphics API: d3d11
    Full variant space:         1
    After settings filtering:   1
    After built-in stripping:   1
    After scriptable stripping: 1
    Processed in 0.00 seconds
  Pass "" (fp)
    Target graphics API: d3d11
    Full variant space:         1
    After settings filtering:   1
    After built-in stripping:   1
    After scriptable stripping: 1
    Processed in 0.00 seconds
  Pass "" (vp)
    Target graphics API: d3d11
    Full variant space:         1
    After settings filtering:   1
    After built-in stripping:   1
    After scriptable stripping: 1
    Processed in 0.00 seconds
  Pass "" (fp)
    Target graphics API: d3d11
    Full variant space:         1
    After settings filtering:   1
    After built-in stripping:   1
    After scriptable stripping: 1
    Processed in 0.00 seconds
  Pass  (vp, d3d11) finished in 0.01 seconds. Local cache hits 1 (0.01s CPU time), remote cache hits 0 (0.00s CPU time), compiled 0 variants (0.00s CPU time), skipped 0 variants.
    Prepared data for serialisation in 0.00s
  Pass  (fp, d3d11) finished in 0.01 seconds. Local cache hits 1 (0.01s CPU time), remote cache hits 0 (0.00s CPU time), compiled 0 variants (0.00s CPU time), skipped 0 variants.
    Prepared data for serialisation in 0.00s
  Pass  (vp, d3d11) finished in 0.01 seconds. Local cache hits 1 (0.01s CPU time), remote cache hits 0 (0.00s CPU time), compiled 0 variants (0.00s CPU time), skipped 0 variants.
    Prepared data for serialisation in 0.00s
  Pass  (fp, d3d11) finished in 0.01 seconds. Local cache hits 1 (0.00s CPU time), remote cache hits 0 (0.00s CPU time), compiled 0 variants (0.00s CPU time), skipped 0 variants.
    Prepared data for serialisation in 0.00s
Serialized binary data for shader Hidden/ColorPyramidPS in 0.00s
    d3d11 (total internal programs: 4, unique: 3)
Compiling shader "Hidden/HDRP/PreIntegratedFGD_Marschner"
  Pass "" (vp)
    Target graphics API: d3d11
    Full variant space:         1
    After settings filtering:   1
    After built-in stripping:   1
    After scriptable stripping: 1
    Processed in 0.00 seconds
  Pass "" (fp)
    Target graphics API: d3d11
    Full variant space:         1
    After settings filtering:   1
    After built-in stripping:   1
    After scriptable stripping: 1
    Processed in 0.00 seconds
  Pass  (vp, d3d11) finished in 0.00 seconds. Local cache hits 1 (0.00s CPU time), remote cache hits 0 (0.00s CPU time), compiled 0 variants (0.00s CPU time), skipped 0 variants.
    Prepared data for serialisation in 0.00s
  Pass  (fp, d3d11) finished in 0.01 seconds. Local cache hits 1 (0.01s CPU time), remote cache hits 0 (0.00s CPU time), compiled 0 variants (0.00s CPU time), skipped 0 variants.
    Prepared data for serialisation in 0.00s
Serialized binary data for shader Hidden/HDRP/PreIntegratedFGD_Marschner in 0.00s
    d3d11 (total internal programs: 2, unique: 2)
Compiling shader "Hidden/HDRP/OpaqueAtmosphericScattering"
  Pass "Default" (vp)
    Target graphics API: d3d11
    Full variant space:         1
    After settings filtering:   1
    After built-in stripping:   1
    After scriptable stripping: 1
    Processed in 0.00 seconds
  Pass "Default" (fp)
    Target graphics API: d3d11
    Full variant space:         4
    After settings filtering:   4
    After built-in stripping:   4
    After scriptable stripping: 2
    Processed in 0.00 seconds
  Pass "MSAA" (vp)
    Target graphics API: d3d11
    Full variant space:         1
    After settings filtering:   1
    After built-in stripping:   1
    After scriptable stripping: 1
    Processed in 0.00 seconds
  Pass "MSAA" (fp)
    Target graphics API: d3d11
    Full variant space:         4
    After settings filtering:   4
    After built-in stripping:   4
    After scriptable stripping: 2
    Processed in 0.00 seconds
  Pass "Polychromatic Alpha" (vp)
    Target graphics API: d3d11
    Full variant space:         1
    After settings filtering:   1
    After built-in stripping:   1
    After scriptable stripping: 1
    Processed in 0.00 seconds
  Pass "Polychromatic Alpha" (fp)
    Target graphics API: d3d11
    Full variant space:         16
    After settings filtering:   16
    After built-in stripping:   16
    After scriptable stripping: 2
    Processed in 0.00 seconds
  Pass "MSAA + Polychromatic Alpha" (vp)
    Target graphics API: d3d11
    Full variant space:         1
    After settings filtering:   1
    After built-in stripping:   1
    After scriptable stripping: 1
    Processed in 0.00 seconds
  Pass "MSAA + Polychromatic Alpha" (fp)
    Target graphics API: d3d11
    Full variant space:         16
    After settings filtering:   16
    After built-in stripping:   16
    After scriptable stripping: 2
    Processed in 0.00 seconds
  Pass Default (vp, d3d11) finished in 0.00 seconds. Local cache hits 1 (0.00s CPU time), remote cache hits 0 (0.00s CPU time), compiled 0 variants (0.00s CPU time), skipped 0 variants.
    Prepared data for serialisation in 0.00s
  Pass Default (fp, d3d11) finished in 0.01 seconds. Local cache hits 2 (0.01s CPU time), remote cache hits 0 (0.00s CPU time), compiled 0 variants (0.00s CPU time), skipped 0 variants.
    Prepared data for serialisation in 0.00s
  Pass MSAA (vp, d3d11) finished in 0.00 seconds. Local cache hits 1 (0.00s CPU time), remote cache hits 0 (0.00s CPU time), compiled 0 variants (0.00s CPU time), skipped 0 variants.
    Prepared data for serialisation in 0.00s
  Pass MSAA (fp, d3d11) finished in 0.01 seconds. Local cache hits 2 (0.01s CPU time), remote cache hits 0 (0.00s CPU time), compiled 0 variants (0.00s CPU time), skipped 0 variants.
    Prepared data for serialisation in 0.00s
  Pass Polychromatic Alpha (vp, d3d11) finished in 0.00 seconds. Local cache hits 1 (0.00s CPU time), remote cache hits 0 (0.00s CPU time), compiled 0 variants (0.00s CPU time), skipped 0 variants.
    Prepared data for serialisation in 0.00s
  Pass Polychromatic Alpha (fp, d3d11) finished in 0.01 seconds. Local cache hits 2 (0.01s CPU time), remote cache hits 0 (0.00s CPU time), compiled 0 variants (0.00s CPU time), skipped 0 variants.
    Prepared data for serialisation in 0.00s
  Pass MSAA + Polychromatic Alpha (vp, d3d11) finished in 0.00 seconds. Local cache hits 1 (0.00s CPU time), remote cache hits 0 (0.00s CPU time), compiled 0 variants (0.00s CPU time), skipped 0 variants.
    Prepared data for serialisation in 0.00s
  Pass MSAA + Polychromatic Alpha (fp, d3d11) finished in 0.01 seconds. Local cache hits 2 (0.01s CPU time), remote cache hits 0 (0.00s CPU time), compiled 0 variants (0.00s CPU time), skipped 0 variants.
    Prepared data for serialisation in 0.00s
Serialized binary data for shader Hidden/HDRP/OpaqueAtmosphericScattering in 0.00s
    d3d11 (total internal programs: 12, unique: 9)
Compiling shader "Hidden/HDRP/ClearBlack"
  Pass "" (vp)
    Target graphics API: d3d11
    Full variant space:         1
    After settings filtering:   1
    After built-in stripping:   1
    After scriptable stripping: 1
    Processed in 0.00 seconds
  Pass "" (fp)
    Target graphics API: d3d11
    Full variant space:         1
    After settings filtering:   1
    After built-in stripping:   1
    After scriptable stripping: 1
    Processed in 0.00 seconds
  Pass  (vp, d3d11) finished in 0.00 seconds. Local cache hits 1 (0.00s CPU time), remote cache hits 0 (0.00s CPU time), compiled 0 variants (0.00s CPU time), skipped 0 variants.
    Prepared data for serialisation in 0.00s
  Pass  (fp, d3d11) finished in 0.01 seconds. Local cache hits 1 (0.01s CPU time), remote cache hits 0 (0.00s CPU time), compiled 0 variants (0.00s CPU time), skipped 0 variants.
    Prepared data for serialisation in 0.00s
Serialized binary data for shader Hidden/HDRP/ClearBlack in 0.00s
    d3d11 (total internal programs: 2, unique: 2)
Compiling shader "Hidden/VFX/Empty"
  Pass "" (vp)
    Target graphics API: d3d11
    Full variant space:         4
    After settings filtering:   4
    After built-in stripping:   1
    After scriptable stripping: 1
    Processed in 0.00 seconds
  Pass "" (fp)
    Target graphics API: d3d11
    Full variant space:         4
    After settings filtering:   4
    After built-in stripping:   1
    After scriptable stripping: 1
    Processed in 0.00 seconds
  Pass  (vp, d3d11) finished in 0.01 seconds. Local cache hits 1 (0.01s CPU time), remote cache hits 0 (0.00s CPU time), compiled 0 variants (0.00s CPU time), skipped 0 variants.
    Prepared data for serialisation in 0.00s
  Pass  (fp, d3d11) finished in 0.01 seconds. Local cache hits 1 (0.01s CPU time), remote cache hits 0 (0.00s CPU time), compiled 0 variants (0.00s CPU time), skipped 0 variants.
    Prepared data for serialisation in 0.00s
Serialized binary data for shader Hidden/VFX/Empty in 0.00s
    d3d11 (total internal programs: 2, unique: 2)
Compiling shader "Hidden/Core/FallbackError"
  Pass "" (vp)
    Target graphics API: d3d11
    Full variant space:         3
    After settings filtering:   3
    After built-in stripping:   1
    After scriptable stripping: 1
    Processed in 0.00 seconds
  Pass "" (fp)
    Target graphics API: d3d11
    Full variant space:         3
    After settings filtering:   3
    After built-in stripping:   1
    After scriptable stripping: 1
    Processed in 0.00 seconds
  Pass  (vp, d3d11) finished in 0.01 seconds. Local cache hits 1 (0.01s CPU time), remote cache hits 0 (0.00s CPU time), compiled 0 variants (0.00s CPU time), skipped 0 variants.
    Prepared data for serialisation in 0.00s
  Pass  (fp, d3d11) finished in 0.01 seconds. Local cache hits 1 (0.01s CPU time), remote cache hits 0 (0.00s CPU time), compiled 0 variants (0.00s CPU time), skipped 0 variants.
    Prepared data for serialisation in 0.00s
Serialized binary data for shader Hidden/Core/FallbackError in 0.00s
    d3d11 (total internal programs: 2, unique: 2)
Compiling shader "Hidden/HDRP/MaterialLoading"
  Pass "" (vp)
    Target graphics API: d3d11
    Full variant space:         6
    After settings filtering:   6
    After built-in stripping:   1
    After scriptable stripping: 1
    Processed in 0.00 seconds
  Pass "" (fp)
    Target graphics API: d3d11
    Full variant space:         6
    After settings filtering:   6
    After built-in stripping:   1
    After scriptable stripping: 1
    Processed in 0.00 seconds
  Pass  (vp, d3d11) finished in 0.01 seconds. Local cache hits 1 (0.01s CPU time), remote cache hits 0 (0.00s CPU time), compiled 0 variants (0.00s CPU time), skipped 0 variants.
    Prepared data for serialisation in 0.00s
  Pass  (fp, d3d11) finished in 0.01 seconds. Local cache hits 1 (0.01s CPU time), remote cache hits 0 (0.00s CPU time), compiled 0 variants (0.00s CPU time), skipped 0 variants.
    Prepared data for serialisation in 0.00s
Serialized binary data for shader Hidden/HDRP/MaterialLoading in 0.00s
    d3d11 (total internal programs: 2, unique: 2)
Compiling shader "Hidden/Core/ProbeVolumeFragmentationDebug"
  Pass "" (vp)
    Target graphics API: d3d11
    Full variant space:         1
    After settings filtering:   1
    After built-in stripping:   1
    After scriptable stripping: 1
    Processed in 0.00 seconds
  Pass "" (fp)
    Target graphics API: d3d11
    Full variant space:         1
    After settings filtering:   1
    After built-in stripping:   1
    After scriptable stripping: 1
    Processed in 0.00 seconds
  Pass  (vp, d3d11) finished in 0.00 seconds. Local cache hits 1 (0.00s CPU time), remote cache hits 0 (0.00s CPU time), compiled 0 variants (0.00s CPU time), skipped 0 variants.
    Prepared data for serialisation in 0.00s
  Pass  (fp, d3d11) finished in 0.01 seconds. Local cache hits 1 (0.01s CPU time), remote cache hits 0 (0.00s CPU time), compiled 0 variants (0.00s CPU time), skipped 0 variants.
    Prepared data for serialisation in 0.00s
Serialized binary data for shader Hidden/Core/ProbeVolumeFragmentationDebug in 0.00s
    d3d11 (total internal programs: 2, unique: 2)
Compiling shader "Hidden/Core/ProbeVolumeDebug"
  Pass "ForwardOnly" (vp)
    Target graphics API: d3d11
    Full variant space:         2
    After settings filtering:   2
    After built-in stripping:   1
    After scriptable stripping: 0
    Processed in 0.00 seconds
  Pass "ForwardOnly" (fp)
    Target graphics API: d3d11
    Full variant space:         6
    After settings filtering:   6
    After built-in stripping:   3
    After scriptable stripping: 0
    Processed in 0.00 seconds
Serialized binary data for shader Hidden/Core/ProbeVolumeDebug in 0.00s
    d3d11 (total internal programs: 0, unique: 0)
Compiling shader "Hidden/HDRP/preIntegratedFGD_CharlieFabricLambert"
  Pass "" (vp)
    Target graphics API: d3d11
    Full variant space:         1
    After settings filtering:   1
    After built-in stripping:   1
    After scriptable stripping: 1
    Processed in 0.00 seconds
  Pass "" (fp)
    Target graphics API: d3d11
    Full variant space:         1
    After settings filtering:   1
    After built-in stripping:   1
    After scriptable stripping: 1
    Processed in 0.00 seconds
  Pass  (vp, d3d11) finished in 0.00 seconds. Local cache hits 1 (0.00s CPU time), remote cache hits 0 (0.00s CPU time), compiled 0 variants (0.00s CPU time), skipped 0 variants.
    Prepared data for serialisation in 0.00s
  Pass  (fp, d3d11) finished in 0.01 seconds. Local cache hits 1 (0.01s CPU time), remote cache hits 0 (0.00s CPU time), compiled 0 variants (0.00s CPU time), skipped 0 variants.
    Prepared data for serialisation in 0.00s
Serialized binary data for shader Hidden/HDRP/preIntegratedFGD_CharlieFabricLambert in 0.00s
    d3d11 (total internal programs: 2, unique: 2)
Compiling shader "Hidden/HDRP/CopyStencilBuffer"
  Pass "Pass 0 - Copy stencilRef to output" (vp)
    Target graphics API: d3d11
    Full variant space:         1
    After settings filtering:   1
    After built-in stripping:   1
    After scriptable stripping: 1
    Processed in 0.00 seconds
  Pass "Pass 0 - Copy stencilRef to output" (fp)
    Target graphics API: d3d11
    Full variant space:         1
    After settings filtering:   1
    After built-in stripping:   1
    After scriptable stripping: 1
    Processed in 0.00 seconds
  Pass "Pass 1 - Write 1 if value different from stencilRef to output" (vp)
    Target graphics API: d3d11
    Full variant space:         1
    After settings filtering:   1
    After built-in stripping:   1
    After scriptable stripping: 1
    Processed in 0.00 seconds
  Pass "Pass 1 - Write 1 if value different from stencilRef to output" (fp)
    Target graphics API: d3d11
    Full variant space:         1
    After settings filtering:   1
    After built-in stripping:   1
    After scriptable stripping: 1
    Processed in 0.00 seconds
  Pass "Pass 2 - Export HTILE for stencilRef to output" (vp)
    Target graphics API: d3d11
    Full variant space:         1
    After settings filtering:   1
    After built-in stripping:   1
    After scriptable stripping: 1
    Processed in 0.00 seconds
  Pass "Pass 2 - Export HTILE for stencilRef to output" (fp)
    Target graphics API: d3d11
    Full variant space:         1
    After settings filtering:   1
    After built-in stripping:   1
    After scriptable stripping: 1
    Processed in 0.00 seconds
  Pass "Pass 3 - Initialize Stencil UAV copy with 1 if value different from stencilRef to output" (vp)
    Target graphics API: d3d11
    Full variant space:         1
    After settings filtering:   1
    After built-in stripping:   1
    After scriptable stripping: 1
    Processed in 0.00 seconds
  Pass "Pass 3 - Initialize Stencil UAV copy with 1 if value different from stencilRef to output" (fp)
    Target graphics API: d3d11
    Full variant space:         1
    After settings filtering:   1
    After built-in stripping:   1
    After scriptable stripping: 1
    Processed in 0.00 seconds
  Pass "Pass 4 - Update Stencil UAV copy with Stencil Ref" (vp)
    Target graphics API: d3d11
    Full variant space:         1
    After settings filtering:   1
    After built-in stripping:   1
    After scriptable stripping: 1
    Processed in 0.00 seconds
  Pass "Pass 4 - Update Stencil UAV copy with Stencil Ref" (fp)
    Target graphics API: d3d11
    Full variant space:         1
    After settings filtering:   1
    After built-in stripping:   1
    After scriptable stripping: 1
    Processed in 0.00 seconds
  Pass Pass 0 - Copy stencilRef to output (vp, d3d11) finished in 0.01 seconds. Local cache hits 1 (0.01s CPU time), remote cache hits 0 (0.00s CPU time), compiled 0 variants (0.00s CPU time), skipped 0 variants.
    Prepared data for serialisation in 0.00s
  Pass Pass 0 - Copy stencilRef to output (fp, d3d11) finished in 0.01 seconds. Local cache hits 1 (0.01s CPU time), remote cache hits 0 (0.00s CPU time), compiled 0 variants (0.00s CPU time), skipped 0 variants.
    Prepared data for serialisation in 0.00s
  Pass Pass 1 - Write 1 if value different from stencilRef to output (vp, d3d11) finished in 0.00 seconds. Local cache hits 1 (0.00s CPU time), remote cache hits 0 (0.00s CPU time), compiled 0 variants (0.00s CPU time), skipped 0 variants.
    Prepared data for serialisation in 0.00s
  Pass Pass 1 - Write 1 if value different from stencilRef to output (fp, d3d11) finished in 0.01 seconds. Local cache hits 1 (0.01s CPU time), remote cache hits 0 (0.00s CPU time), compiled 0 variants (0.00s CPU time), skipped 0 variants.
    Prepared data for serialisation in 0.00s
  Pass Pass 2 - Export HTILE for stencilRef to output (vp, d3d11) finished in 0.00 seconds. Local cache hits 1 (0.00s CPU time), remote cache hits 0 (0.00s CPU time), compiled 0 variants (0.00s CPU time), skipped 0 variants.
    Prepared data for serialisation in 0.00s
  Pass Pass 2 - Export HTILE for stencilRef to output (fp, d3d11) finished in 0.01 seconds. Local cache hits 1 (0.01s CPU time), remote cache hits 0 (0.00s CPU time), compiled 0 variants (0.00s CPU time), skipped 0 variants.
    Prepared data for serialisation in 0.00s
  Pass Pass 3 - Initialize Stencil UAV copy with 1 if value different from stencilRef to output (vp, d3d11) finished in 0.00 seconds. Local cache hits 1 (0.00s CPU time), remote cache hits 0 (0.00s CPU time), compiled 0 variants (0.00s CPU time), skipped 0 variants.
    Prepared data for serialisation in 0.00s
  Pass Pass 3 - Initialize Stencil UAV copy with 1 if value different from stencilRef to output (fp, d3d11) finished in 0.01 seconds. Local cache hits 1 (0.01s CPU time), remote cache hits 0 (0.00s CPU time), compiled 0 variants (0.00s CPU time), skipped 0 variants.
    Prepared data for serialisation in 0.00s
  Pass Pass 4 - Update Stencil UAV copy with Stencil Ref (vp, d3d11) finished in 0.00 seconds. Local cache hits 1 (0.00s CPU time), remote cache hits 0 (0.00s CPU time), compiled 0 variants (0.00s CPU time), skipped 0 variants.
    Prepared data for serialisation in 0.00s
  Pass Pass 4 - Update Stencil UAV copy with Stencil Ref (fp, d3d11) finished in 0.00 seconds. Local cache hits 1 (0.00s CPU time), remote cache hits 0 (0.00s CPU time), compiled 0 variants (0.00s CPU time), skipped 0 variants.
    Prepared data for serialisation in 0.00s
Serialized binary data for shader Hidden/HDRP/CopyStencilBuffer in 0.00s
    d3d11 (total internal programs: 10, unique: 6)
Compiling shader "Hidden/HDRP/TemporalAA"
  Pass "TAA" (vp)
    Target graphics API: d3d11
    Full variant space:         1
    After settings filtering:   1
    After built-in stripping:   1
    After scriptable stripping: 1
    Processed in 0.00 seconds
  Pass "TAA" (fp)
    Target graphics API: d3d11
    Full variant space:         320
    After settings filtering:   320
    After built-in stripping:   320
    After scriptable stripping: 320
    Processed in 0.02 seconds
  Pass "Excluded From TAA" (vp)
    Target graphics API: d3d11
    Full variant space:         1
    After settings filtering:   1
    After built-in stripping:   1
    After scriptable stripping: 1
    Processed in 0.00 seconds
  Pass "Excluded From TAA" (fp)
    Target graphics API: d3d11
    Full variant space:         320
    After settings filtering:   320
    After built-in stripping:   320
    After scriptable stripping: 320
    Processed in 0.02 seconds
  Pass "TAAU" (vp)
    Target graphics API: d3d11
    Full variant space:         1
    After settings filtering:   1
    After built-in stripping:   1
    After scriptable stripping: 1
    Processed in 0.00 seconds
  Pass "TAAU" (fp)
    Target graphics API: d3d11
    Full variant space:         320
    After settings filtering:   320
    After built-in stripping:   320
    After scriptable stripping: 320
    Processed in 0.02 seconds
  Pass "Copy History" (vp)
    Target graphics API: d3d11
    Full variant space:         1
    After settings filtering:   1
    After built-in stripping:   1
    After scriptable stripping: 1
    Processed in 0.00 seconds
  Pass "Copy History" (fp)
    Target graphics API: d3d11
    Full variant space:         320
    After settings filtering:   320
    After built-in stripping:   320
    After scriptable stripping: 320
    Processed in 0.02 seconds
  Pass TAA (vp, d3d11) finished in 0.07 seconds. Local cache hits 1 (0.00s CPU time), remote cache hits 0 (0.00s CPU time), compiled 0 variants (0.00s CPU time), skipped 0 variants.
    Prepared data for serialisation in 0.00s
  Pass TAA (fp, d3d11) finished in 0.75 seconds. Local cache hits 320 (2.19s CPU time), remote cache hits 0 (0.00s CPU time), compiled 0 variants (0.00s CPU time), skipped 0 variants.
    Prepared data for serialisation in 0.00s
  Pass Excluded From TAA (vp, d3d11) finished in 0.01 seconds. Local cache hits 1 (0.00s CPU time), remote cache hits 0 (0.00s CPU time), compiled 0 variants (0.00s CPU time), skipped 0 variants.
    Prepared data for serialisation in 0.00s
  Pass Excluded From TAA (fp, d3d11) finished in 0.73 seconds. Local cache hits 320 (2.16s CPU time), remote cache hits 0 (0.00s CPU time), compiled 0 variants (0.00s CPU time), skipped 0 variants.
    Prepared data for serialisation in 0.00s
  Pass TAAU (vp, d3d11) finished in 0.01 seconds. Local cache hits 1 (0.00s CPU time), remote cache hits 0 (0.00s CPU time), compiled 0 variants (0.00s CPU time), skipped 0 variants.
    Prepared data for serialisation in 0.00s
  Pass TAAU (fp, d3d11) finished in 0.62 seconds. Local cache hits 320 (1.83s CPU time), remote cache hits 0 (0.00s CPU time), compiled 0 variants (0.00s CPU time), skipped 0 variants.
    Prepared data for serialisation in 0.00s
  Pass Copy History (vp, d3d11) finished in 0.00 seconds. Local cache hits 1 (0.00s CPU time), remote cache hits 0 (0.00s CPU time), compiled 0 variants (0.00s CPU time), skipped 0 variants.
    Prepared data for serialisation in 0.00s
  Pass Copy History (fp, d3d11) finished in 0.73 seconds. Local cache hits 320 (2.19s CPU time), remote cache hits 0 (0.00s CPU time), compiled 0 variants (0.00s CPU time), skipped 0 variants.
    Prepared data for serialisation in 0.00s
Serialized binary data for shader Hidden/HDRP/TemporalAA in 0.00s
    d3d11 (total internal programs: 1284, unique: 961)
Compressed shader 'Hidden/HDRP/TemporalAA' on d3d11 from 3.42MB to 0.28MB
Compressed shader 'Hidden/HDRP/TemporalAA' in 0.13s
Compiling shader "Hidden/HDRP/CopyDepthBuffer"
  Pass "Copy Depth" (vp)
    Target graphics API: d3d11
    Full variant space:         1
    After settings filtering:   1
    After built-in stripping:   1
    After scriptable stripping: 1
    Processed in 0.00 seconds
  Pass "Copy Depth" (fp)
    Target graphics API: d3d11
    Full variant space:         1
    After settings filtering:   1
    After built-in stripping:   1
    After scriptable stripping: 1
    Processed in 0.00 seconds
  Pass Copy Depth (vp, d3d11) finished in 0.01 seconds. Local cache hits 1 (0.01s CPU time), remote cache hits 0 (0.00s CPU time), compiled 0 variants (0.00s CPU time), skipped 0 variants.
    Prepared data for serialisation in 0.00s
  Pass Copy Depth (fp, d3d11) finished in 0.01 seconds. Local cache hits 1 (0.01s CPU time), remote cache hits 0 (0.00s CPU time), compiled 0 variants (0.00s CPU time), skipped 0 variants.
    Prepared data for serialisation in 0.00s
Serialized binary data for shader Hidden/HDRP/CopyDepthBuffer in 0.00s
    d3d11 (total internal programs: 2, unique: 2)
Compiling shader "Hidden/HDRP/DebugViewMaterialGBuffer"
  Pass "" (vp)
    Target graphics API: d3d11
    Full variant space:         2
    After settings filtering:   2
    After built-in stripping:   1
    After scriptable stripping: 0
    Processed in 0.00 seconds
  Pass "" (fp)
    Target graphics API: d3d11
    Full variant space:         2
    After settings filtering:   2
    After built-in stripping:   1
    After scriptable stripping: 0
    Processed in 0.00 seconds
Serialized binary data for shader Hidden/HDRP/DebugViewMaterialGBuffer in 0.00s
    d3d11 (total internal programs: 0, unique: 0)
Compiling shader "Hidden/HDRP/XROcclusionMesh"
  Pass "" (vp)
    Target graphics API: d3d11
    Full variant space:         2
    After settings filtering:   2
    After built-in stripping:   2
    After scriptable stripping: 2
    Processed in 0.00 seconds
  Pass "" (fp)
    Target graphics API: d3d11
    Full variant space:         2
    After settings filtering:   2
    After built-in stripping:   2
    After scriptable stripping: 2
    Processed in 0.00 seconds
  Pass  (vp, d3d11) finished in 0.01 seconds. Local cache hits 2 (0.01s CPU time), remote cache hits 0 (0.00s CPU time), compiled 0 variants (0.00s CPU time), skipped 0 variants.
    Prepared data for serialisation in 0.00s
  Pass  (fp, d3d11) finished in 0.01 seconds. Local cache hits 2 (0.01s CPU time), remote cache hits 0 (0.00s CPU time), compiled 0 variants (0.00s CPU time), skipped 0 variants.
    Prepared data for serialisation in 0.00s
Serialized binary data for shader Hidden/HDRP/XROcclusionMesh in 0.00s
    d3d11 (total internal programs: 4, unique: 4)
Compiling shader "Hidden/HDRP/IntegrateHDRI"
  Pass "" (vp)
    Target graphics API: d3d11
    Full variant space:         1
    After settings filtering:   1
    After built-in stripping:   1
    After scriptable stripping: 1
    Processed in 0.00 seconds
  Pass "" (fp)
    Target graphics API: d3d11
    Full variant space:         1
    After settings filtering:   1
    After built-in stripping:   1
    After scriptable stripping: 1
    Processed in 0.00 seconds
  Pass  (vp, d3d11) finished in 0.00 seconds. Local cache hits 1 (0.00s CPU time), remote cache hits 0 (0.00s CPU time), compiled 0 variants (0.00s CPU time), skipped 0 variants.
    Prepared data for serialisation in 0.00s
  Pass  (fp, d3d11) finished in 0.01 seconds. Local cache hits 1 (0.01s CPU time), remote cache hits 0 (0.00s CPU time), compiled 0 variants (0.00s CPU time), skipped 0 variants.
    Prepared data for serialisation in 0.00s
Serialized binary data for shader Hidden/HDRP/IntegrateHDRI in 0.00s
    d3d11 (total internal programs: 2, unique: 2)
Compiling shader "Hidden/Shader/ChromaKeying"
  Pass "ChromaKeying" (vp)
    Target graphics API: d3d11
    Full variant space:         1
    After settings filtering:   1
    After built-in stripping:   1
    After scriptable stripping: 1
    Processed in 0.00 seconds
  Pass "ChromaKeying" (fp)
    Target graphics API: d3d11
    Full variant space:         1
    After settings filtering:   1
    After built-in stripping:   1
    After scriptable stripping: 1
    Processed in 0.00 seconds
  Pass ChromaKeying (vp, d3d11) finished in 0.00 seconds. Local cache hits 1 (0.00s CPU time), remote cache hits 0 (0.00s CPU time), compiled 0 variants (0.00s CPU time), skipped 0 variants.
    Prepared data for serialisation in 0.00s
  Pass ChromaKeying (fp, d3d11) finished in 0.01 seconds. Local cache hits 1 (0.01s CPU time), remote cache hits 0 (0.00s CPU time), compiled 0 variants (0.00s CPU time), skipped 0 variants.
    Prepared data for serialisation in 0.00s
Serialized binary data for shader Hidden/Shader/ChromaKeying in 0.00s
    d3d11 (total internal programs: 2, unique: 2)
Compiling shader "Renderers/Thickness"
  Pass "ComputeThicknessOpaque" (vp)
    Target graphics API: d3d11
    Full variant space:         4
    After settings filtering:   4
    After built-in stripping:   1
    After scriptable stripping: 1
    Processed in 0.00 seconds
  Pass "ComputeThicknessOpaque" (fp)
    Target graphics API: d3d11
    Full variant space:         4
    After settings filtering:   4
    After built-in stripping:   1
    After scriptable stripping: 1
    Processed in 0.00 seconds
  Pass "ComputeThicknessTransparent" (vp)
    Target graphics API: d3d11
    Full variant space:         4
    After settings filtering:   4
    After built-in stripping:   1
    After scriptable stripping: 1
    Processed in 0.00 seconds
  Pass "ComputeThicknessTransparent" (fp)
    Target graphics API: d3d11
    Full variant space:         4
    After settings filtering:   4
    After built-in stripping:   1
    After scriptable stripping: 1
    Processed in 0.00 seconds
  Pass ComputeThicknessOpaque (vp, d3d11) finished in 0.01 seconds. Local cache hits 1 (0.01s CPU time), remote cache hits 0 (0.00s CPU time), compiled 0 variants (0.00s CPU time), skipped 0 variants.
    Prepared data for serialisation in 0.00s
  Pass ComputeThicknessOpaque (fp, d3d11) finished in 0.01 seconds. Local cache hits 1 (0.01s CPU time), remote cache hits 0 (0.00s CPU time), compiled 0 variants (0.00s CPU time), skipped 0 variants.
    Prepared data for serialisation in 0.00s
  Pass ComputeThicknessTransparent (vp, d3d11) finished in 0.00 seconds. Local cache hits 1 (0.00s CPU time), remote cache hits 0 (0.00s CPU time), compiled 0 variants (0.00s CPU time), skipped 0 variants.
    Prepared data for serialisation in 0.00s
  Pass ComputeThicknessTransparent (fp, d3d11) finished in 0.01 seconds. Local cache hits 1 (0.01s CPU time), remote cache hits 0 (0.00s CPU time), compiled 0 variants (0.00s CPU time), skipped 0 variants.
    Prepared data for serialisation in 0.00s
Serialized binary data for shader Renderers/Thickness in 0.00s
    d3d11 (total internal programs: 4, unique: 3)
Compiling shader "Hidden/Shader/AlphaInjection"
  Pass "AlphaInjection" (vp)
    Target graphics API: d3d11
    Full variant space:         1
    After settings filtering:   1
    After built-in stripping:   1
    After scriptable stripping: 1
    Processed in 0.00 seconds
  Pass "AlphaInjection" (fp)
    Target graphics API: d3d11
    Full variant space:         1
    After settings filtering:   1
    After built-in stripping:   1
    After scriptable stripping: 1
    Processed in 0.00 seconds
  Pass AlphaInjection (vp, d3d11) finished in 0.00 seconds. Local cache hits 1 (0.00s CPU time), remote cache hits 0 (0.00s CPU time), compiled 0 variants (0.00s CPU time), skipped 0 variants.
    Prepared data for serialisation in 0.00s
  Pass AlphaInjection (fp, d3d11) finished in 0.01 seconds. Local cache hits 1 (0.01s CPU time), remote cache hits 0 (0.00s CPU time), compiled 0 variants (0.00s CPU time), skipped 0 variants.
    Prepared data for serialisation in 0.00s
Serialized binary data for shader Hidden/Shader/AlphaInjection in 0.00s
    d3d11 (total internal programs: 2, unique: 2)
Compiling shader "Hidden/DebugVTBlit"
  Pass "" (vp)
    Target graphics API: d3d11
    Full variant space:         1
    After settings filtering:   1
    After built-in stripping:   1
    After scriptable stripping: 0
    Processed in 0.00 seconds
  Pass "" (fp)
    Target graphics API: d3d11
    Full variant space:         1
    After settings filtering:   1
    After built-in stripping:   1
    After scriptable stripping: 0
    Processed in 0.00 seconds
  Pass "" (vp)
    Target graphics API: d3d11
    Full variant space:         1
    After settings filtering:   1
    After built-in stripping:   1
    After scriptable stripping: 0
    Processed in 0.00 seconds
  Pass "" (fp)
    Target graphics API: d3d11
    Full variant space:         1
    After settings filtering:   1
    After built-in stripping:   1
    After scriptable stripping: 0
    Processed in 0.00 seconds
Serialized binary data for shader Hidden/DebugVTBlit in 0.00s
    d3d11 (total internal programs: 0, unique: 0)
Compiling shader "Hidden/HDRP/CharlieConvolve"
  Pass "" (vp)
    Target graphics API: d3d11
    Full variant space:         1
    After settings filtering:   1
    After built-in stripping:   1
    After scriptable stripping: 0
    Processed in 0.00 seconds
  Pass "" (fp)
    Target graphics API: d3d11
    Full variant space:         1
    After settings filtering:   1
    After built-in stripping:   1
    After scriptable stripping: 0
    Processed in 0.00 seconds
Serialized binary data for shader Hidden/HDRP/CharlieConvolve in 0.00s
    d3d11 (total internal programs: 0, unique: 0)
Compiling shader "Hidden/CubeToPano"
  Pass "" (vp)
    Target graphics API: d3d11
    Full variant space:         1
    After settings filtering:   1
    After built-in stripping:   1
    After scriptable stripping: 1
    Processed in 0.00 seconds
  Pass "" (fp)
    Target graphics API: d3d11
    Full variant space:         1
    After settings filtering:   1
    After built-in stripping:   1
    After scriptable stripping: 1
    Processed in 0.00 seconds
  Pass  (vp, d3d11) finished in 0.01 seconds. Local cache hits 1 (0.01s CPU time), remote cache hits 0 (0.00s CPU time), compiled 0 variants (0.00s CPU time), skipped 0 variants.
    Prepared data for serialisation in 0.00s
  Pass  (fp, d3d11) finished in 0.01 seconds. Local cache hits 1 (0.01s CPU time), remote cache hits 0 (0.00s CPU time), compiled 0 variants (0.00s CPU time), skipped 0 variants.
    Prepared data for serialisation in 0.00s
Serialized binary data for shader Hidden/CubeToPano in 0.00s
    d3d11 (total internal programs: 2, unique: 2)
Compiling shader "Hidden/HDRP/FinalPass"
  Pass "" (vp)
    Target graphics API: d3d11
    Full variant space:         1
    After settings filtering:   1
    After built-in stripping:   1
    After scriptable stripping: 1
    Processed in 0.00 seconds
  Pass "" (fp)
    Target graphics API: d3d11
    Full variant space:         768
    After settings filtering:   768
    After built-in stripping:   768
    After scriptable stripping: 256
    Processed in 0.02 seconds
  Pass  (vp, d3d11) finished in 0.02 seconds. Local cache hits 1 (0.00s CPU time), remote cache hits 0 (0.00s CPU time), compiled 0 variants (0.00s CPU time), skipped 0 variants.
    Prepared data for serialisation in 0.00s
  Pass  (fp, d3d11) finished in 0.57 seconds. Local cache hits 256 (1.71s CPU time), remote cache hits 0 (0.00s CPU time), compiled 0 variants (0.00s CPU time), skipped 0 variants.
    Prepared data for serialisation in 0.00s
Serialized binary data for shader Hidden/HDRP/FinalPass in 0.00s
    d3d11 (total internal programs: 257, unique: 257)
Compressed shader 'Hidden/HDRP/FinalPass' on d3d11 from 1.07MB to 0.09MB
Compressed shader 'Hidden/HDRP/FinalPass' in 0.04s
Compiling shader "Hidden/Core/VrsVisualization"
  Pass "VrsVisualization" (vp)
    Target graphics API: d3d11
    Full variant space:         1
    After settings filtering:   1
    After built-in stripping:   1
    After scriptable stripping: 1
    Processed in 0.00 seconds
  Pass "VrsVisualization" (fp)
    Target graphics API: d3d11
    Full variant space:         1
    After settings filtering:   1
    After built-in stripping:   1
    After scriptable stripping: 1
    Processed in 0.00 seconds
  Pass VrsVisualization (vp, d3d11) finished in 0.01 seconds. Local cache hits 1 (0.01s CPU time), remote cache hits 0 (0.00s CPU time), compiled 0 variants (0.00s CPU time), skipped 0 variants.
    Prepared data for serialisation in 0.00s
  Pass VrsVisualization (fp, d3d11) finished in 0.01 seconds. Local cache hits 1 (0.01s CPU time), remote cache hits 0 (0.00s CPU time), compiled 0 variants (0.00s CPU time), skipped 0 variants.
    Prepared data for serialisation in 0.00s
Serialized binary data for shader Hidden/Core/VrsVisualization in 0.00s
    d3d11 (total internal programs: 2, unique: 2)
Compiling shader "Hidden/HDRP/DownsampleDepth"
  Pass "" (vp)
    Target graphics API: d3d11
    Full variant space:         1
    After settings filtering:   1
    After built-in stripping:   1
    After scriptable stripping: 1
    Processed in 0.00 seconds
  Pass "" (fp)
    Target graphics API: d3d11
    Full variant space:         2
    After settings filtering:   2
    After built-in stripping:   2
    After scriptable stripping: 2
    Processed in 0.00 seconds
  Pass  (vp, d3d11) finished in 0.00 seconds. Local cache hits 1 (0.00s CPU time), remote cache hits 0 (0.00s CPU time), compiled 0 variants (0.00s CPU time), skipped 0 variants.
    Prepared data for serialisation in 0.00s
  Pass  (fp, d3d11) finished in 0.01 seconds. Local cache hits 2 (0.01s CPU time), remote cache hits 0 (0.00s CPU time), compiled 0 variants (0.00s CPU time), skipped 0 variants.
    Prepared data for serialisation in 0.00s
Serialized binary data for shader Hidden/HDRP/DownsampleDepth in 0.00s
    d3d11 (total internal programs: 3, unique: 3)
Compiling shader "HDRP/Lit"
  Pass "GBuffer" (vp)
    Target graphics API: d3d11
    Full variant space:         1.536
    After settings filtering:   384
    After built-in stripping:   12
    After scriptable stripping: 6
    Processed in 0.00 seconds
  Pass "GBuffer" (fp)
    Target graphics API: d3d11
    Full variant space:         147.456
    After settings filtering:   36.864
    After built-in stripping:   576
    After scriptable stripping: 32
    Processed in 0.01 seconds
  Pass "ShadowCaster" (vp)
    Target graphics API: d3d11
    Full variant space:         16
    After settings filtering:   16
    After built-in stripping:   4
    After scriptable stripping: 4
    Processed in 0.00 seconds
  Pass "ShadowCaster" (fp)
    Target graphics API: d3d11
    Full variant space:         16
    After settings filtering:   16
    After built-in stripping:   4
    After scriptable stripping: 4
    Processed in 0.00 seconds
  Pass "DepthOnly" (vp)
    Target graphics API: d3d11
    Full variant space:         144
    After settings filtering:   144
    After built-in stripping:   36
    After scriptable stripping: 6
    Processed in 0.00 seconds
  Pass "DepthOnly" (fp)
    Target graphics API: d3d11
    Full variant space:         288
    After settings filtering:   288
    After built-in stripping:   72
    After scriptable stripping: 6
    Processed in 0.00 seconds
  Pass "MotionVectors" (vp)
    Target graphics API: d3d11
    Full variant space:         64
    After settings filtering:   64
    After built-in stripping:   16
    After scriptable stripping: 4
    Processed in 0.00 seconds
  Pass "MotionVectors" (fp)
    Target graphics API: d3d11
    Full variant space:         192
    After settings filtering:   192
    After built-in stripping:   48
    After scriptable stripping: 6
    Processed in 0.00 seconds
  Pass "TransparentDepthPrepass" (vp)
    Target graphics API: d3d11
    Full variant space:         24
    After settings filtering:   24
    After built-in stripping:   6
    After scriptable stripping: 0
    Processed in 0.00 seconds
  Pass "TransparentDepthPrepass" (fp)
    Target graphics API: d3d11
    Full variant space:         24
    After settings filtering:   24
    After built-in stripping:   6
    After scriptable stripping: 0
    Processed in 0.00 seconds
  Pass "TransparentBackface" (vp)
    Target graphics API: d3d11
    Full variant space:         1.536
    After settings filtering:   384
    After built-in stripping:   12
    After scriptable stripping: 0
    Processed in 0.00 seconds
  Pass "TransparentBackface" (fp)
    Target graphics API: d3d11
    Full variant space:         2.654.208
    After settings filtering:   663.552
    After built-in stripping:   10.368
    After scriptable stripping: 0
    Processed in 0.08 seconds
  Pass "Forward" (vp)
    Target graphics API: d3d11
    Full variant space:         1.536
    After settings filtering:   384
    After built-in stripping:   12
    After scriptable stripping: 0
    Processed in 0.00 seconds
  Pass "Forward" (fp)
    Target graphics API: d3d11
    Full variant space:         5.308.416
    After settings filtering:   1.327.104
    After built-in stripping:   20.736
    After scriptable stripping: 0
    Processed in 0.17 seconds
  Pass "TransparentDepthPostpass" (vp)
    Target graphics API: d3d11
    Full variant space:         16
    After settings filtering:   16
    After built-in stripping:   4
    After scriptable stripping: 0
    Processed in 0.00 seconds
  Pass "TransparentDepthPostpass" (fp)
    Target graphics API: d3d11
    Full variant space:         16
    After settings filtering:   16
    After built-in stripping:   4
    After scriptable stripping: 0
    Processed in 0.00 seconds
  Pass "RayTracingPrepass" (vp)
    Target graphics API: d3d11
    Full variant space:         8
    After settings filtering:   8
    After built-in stripping:   4
    After scriptable stripping: 0
    Processed in 0.00 seconds
  Pass "RayTracingPrepass" (fp)
    Target graphics API: d3d11
    Full variant space:         8
    After settings filtering:   8
    After built-in stripping:   4
    After scriptable stripping: 0
    Processed in 0.00 seconds
  Pass "FullScreenDebug" (vp)
    Target graphics API: d3d11
    Full variant space:         16
    After settings filtering:   16
    After built-in stripping:   4
    After scriptable stripping: 0
    Processed in 0.00 seconds
  Pass "FullScreenDebug" (fp)
    Target graphics API: d3d11
    Full variant space:         16
    After settings filtering:   16
    After built-in stripping:   4
    After scriptable stripping: 0
    Processed in 0.00 seconds
  Pass "IndirectDXR" (rs)
    Target graphics API: d3d11
    Full variant space:         4.608
    After settings filtering:   2.304
    After built-in stripping:   288
    After scriptable stripping: 0
    Processed in 0.00 seconds
  Pass "ForwardDXR" (rs)
    Target graphics API: d3d11
    Full variant space:         2.304
    After settings filtering:   1.152
    After built-in stripping:   144
    After scriptable stripping: 0
    Processed in 0.00 seconds
  Pass "GBufferDXR" (rs)
    Target graphics API: d3d11
    Full variant space:         4.608
    After settings filtering:   2.304
    After built-in stripping:   288
    After scriptable stripping: 0
    Processed in 0.00 seconds
  Pass "VisibilityDXR" (rs)
    Target graphics API: d3d11
    Full variant space:         8
    After settings filtering:   8
    After built-in stripping:   8
    After scriptable stripping: 0
    Processed in 0.00 seconds
  Pass "SubSurfaceDXR" (rs)
    Target graphics API: d3d11
    Full variant space:         384
    After settings filtering:   192
    After built-in stripping:   24
    After scriptable stripping: 0
    Processed in 0.00 seconds
  Pass "DebugDXR" (rs)
    Target graphics API: d3d11
    Full variant space:         4
    After settings filtering:   4
    After built-in stripping:   4
    After scriptable stripping: 0
    Processed in 0.00 seconds
  Pass "PathTracingDXR" (rs)
    Target graphics API: d3d11
    Full variant space:         96
    After settings filtering:   96
    After built-in stripping:   96
    After scriptable stripping: 0
    Processed in 0.00 seconds
  Pass GBuffer (vp, d3d11) finished in 0.28 seconds. Local cache hits 6 (0.04s CPU time), remote cache hits 0 (0.00s CPU time), compiled 0 variants (0.00s CPU time), skipped 0 variants.
    Prepared data for serialisation in 0.00s
  Pass GBuffer (fp, d3d11) finished in 0.26 seconds. Local cache hits 32 (0.22s CPU time), remote cache hits 0 (0.00s CPU time), compiled 0 variants (0.00s CPU time), skipped 0 variants.
    Prepared data for serialisation in 0.00s
  Pass ShadowCaster (vp, d3d11) finished in 0.14 seconds. Local cache hits 4 (0.03s CPU time), remote cache hits 0 (0.00s CPU time), compiled 0 variants (0.00s CPU time), skipped 0 variants.
    Prepared data for serialisation in 0.00s
  Pass ShadowCaster (fp, d3d11) finished in 0.13 seconds. Local cache hits 4 (0.03s CPU time), remote cache hits 0 (0.00s CPU time), compiled 0 variants (0.00s CPU time), skipped 0 variants.
    Prepared data for serialisation in 0.00s
  Pass DepthOnly (vp, d3d11) finished in 0.12 seconds. Local cache hits 6 (0.04s CPU time), remote cache hits 0 (0.00s CPU time), compiled 0 variants (0.00s CPU time), skipped 0 variants.
    Prepared data for serialisation in 0.00s
  Pass DepthOnly (fp, d3d11) finished in 0.10 seconds. Local cache hits 6 (0.02s CPU time), remote cache hits 0 (0.00s CPU time), compiled 0 variants (0.00s CPU time), skipped 0 variants.
    Prepared data for serialisation in 0.00s
  Pass MotionVectors (vp, d3d11) finished in 0.09 seconds. Local cache hits 4 (0.02s CPU time), remote cache hits 0 (0.00s CPU time), compiled 0 variants (0.00s CPU time), skipped 0 variants.
    Prepared data for serialisation in 0.00s
  Pass MotionVectors (fp, d3d11) finished in 0.07 seconds. Local cache hits 6 (0.03s CPU time), remote cache hits 0 (0.00s CPU time), compiled 0 variants (0.00s CPU time), skipped 0 variants.
    Prepared data for serialisation in 0.00s
Serialized binary data for shader HDRP/Lit in 0.00s
    d3d11 (total internal programs: 68, unique: 66)
Compiling shader "Hidden/HDRP/DepthValues"
  Pass "" (vp)
    Target graphics API: d3d11
    Full variant space:         1
    After settings filtering:   1
    After built-in stripping:   1
    After scriptable stripping: 1
    Processed in 0.00 seconds
  Pass "" (fp)
    Target graphics API: d3d11
    Full variant space:         3
    After settings filtering:   3
    After built-in stripping:   3
    After scriptable stripping: 3
    Processed in 0.00 seconds
  Pass "" (vp)
    Target graphics API: d3d11
    Full variant space:         1
    After settings filtering:   1
    After built-in stripping:   1
    After scriptable stripping: 1
    Processed in 0.00 seconds
  Pass "" (fp)
    Target graphics API: d3d11
    Full variant space:         3
    After settings filtering:   3
    After built-in stripping:   3
    After scriptable stripping: 3
    Processed in 0.00 seconds
  Pass "" (vp)
    Target graphics API: d3d11
    Full variant space:         1
    After settings filtering:   1
    After built-in stripping:   1
    After scriptable stripping: 1
    Processed in 0.00 seconds
  Pass "" (fp)
    Target graphics API: d3d11
    Full variant space:         3
    After settings filtering:   3
    After built-in stripping:   3
    After scriptable stripping: 3
    Processed in 0.00 seconds
  Pass "" (vp)
    Target graphics API: d3d11
    Full variant space:         1
    After settings filtering:   1
    After built-in stripping:   1
    After scriptable stripping: 1
    Processed in 0.00 seconds
  Pass "" (fp)
    Target graphics API: d3d11
    Full variant space:         3
    After settings filtering:   3
    After built-in stripping:   3
    After scriptable stripping: 3
    Processed in 0.00 seconds
  Pass  (vp, d3d11) finished in 0.01 seconds. Local cache hits 1 (0.01s CPU time), remote cache hits 0 (0.00s CPU time), compiled 0 variants (0.00s CPU time), skipped 0 variants.
    Prepared data for serialisation in 0.00s
  Pass  (fp, d3d11) finished in 0.02 seconds. Local cache hits 3 (0.02s CPU time), remote cache hits 0 (0.00s CPU time), compiled 0 variants (0.00s CPU time), skipped 0 variants.
    Prepared data for serialisation in 0.00s
  Pass  (vp, d3d11) finished in 0.00 seconds. Local cache hits 1 (0.00s CPU time), remote cache hits 0 (0.00s CPU time), compiled 0 variants (0.00s CPU time), skipped 0 variants.
    Prepared data for serialisation in 0.00s
  Pass  (fp, d3d11) finished in 0.01 seconds. Local cache hits 3 (0.01s CPU time), remote cache hits 0 (0.00s CPU time), compiled 0 variants (0.00s CPU time), skipped 0 variants.
    Prepared data for serialisation in 0.00s
  Pass  (vp, d3d11) finished in 0.00 seconds. Local cache hits 1 (0.00s CPU time), remote cache hits 0 (0.00s CPU time), compiled 0 variants (0.00s CPU time), skipped 0 variants.
    Prepared data for serialisation in 0.00s
  Pass  (fp, d3d11) finished in 0.01 seconds. Local cache hits 3 (0.02s CPU time), remote cache hits 0 (0.00s CPU time), compiled 0 variants (0.00s CPU time), skipped 0 variants.
    Prepared data for serialisation in 0.00s
  Pass  (vp, d3d11) finished in 0.00 seconds. Local cache hits 1 (0.00s CPU time), remote cache hits 0 (0.00s CPU time), compiled 0 variants (0.00s CPU time), skipped 0 variants.
    Prepared data for serialisation in 0.00s
  Pass  (fp, d3d11) finished in 0.01 seconds. Local cache hits 3 (0.02s CPU time), remote cache hits 0 (0.00s CPU time), compiled 0 variants (0.00s CPU time), skipped 0 variants.
    Prepared data for serialisation in 0.00s
Serialized binary data for shader Hidden/HDRP/DepthValues in 0.00s
    d3d11 (total internal programs: 16, unique: 13)
Compiling shader "Hidden/HDRP/MaterialError"
  Pass "" (vp)
    Target graphics API: d3d11
    Full variant space:         6
    After settings filtering:   6
    After built-in stripping:   1
    After scriptable stripping: 1
    Processed in 0.00 seconds
  Pass "" (fp)
    Target graphics API: d3d11
    Full variant space:         6
    After settings filtering:   6
    After built-in stripping:   1
    After scriptable stripping: 1
    Processed in 0.00 seconds
  Pass  (vp, d3d11) finished in 0.00 seconds. Local cache hits 1 (0.00s CPU time), remote cache hits 0 (0.00s CPU time), compiled 0 variants (0.00s CPU time), skipped 0 variants.
    Prepared data for serialisation in 0.00s
  Pass  (fp, d3d11) finished in 0.01 seconds. Local cache hits 1 (0.01s CPU time), remote cache hits 0 (0.00s CPU time), compiled 0 variants (0.00s CPU time), skipped 0 variants.
    Prepared data for serialisation in 0.00s
Serialized binary data for shader Hidden/HDRP/MaterialError in 0.00s
    d3d11 (total internal programs: 2, unique: 2)
Compiling shader "Hidden/PostProcessing/Debug/Vectorscope"
  Pass "" (vp)
    Target graphics API: d3d11
    Full variant space:         1
    After settings filtering:   1
    After built-in stripping:   1
    After scriptable stripping: 0
    Processed in 0.00 seconds
  Pass "" (fp)
    Target graphics API: d3d11
    Full variant space:         1
    After settings filtering:   1
    After built-in stripping:   1
    After scriptable stripping: 0
    Processed in 0.00 seconds
Serialized binary data for shader Hidden/PostProcessing/Debug/Vectorscope in 0.00s
    d3d11 (total internal programs: 0, unique: 0)
Compiling shader "Hidden/HDRP/CustomPassUtils"
  Pass "Copy" (vp)
    Target graphics API: d3d11
    Full variant space:         1
    After settings filtering:   1
    After built-in stripping:   1
    After scriptable stripping: 1
    Processed in 0.00 seconds
  Pass "Copy" (fp)
    Target graphics API: d3d11
    Full variant space:         1
    After settings filtering:   1
    After built-in stripping:   1
    After scriptable stripping: 1
    Processed in 0.00 seconds
  Pass "CopyDepth" (vp)
    Target graphics API: d3d11
    Full variant space:         1
    After settings filtering:   1
    After built-in stripping:   1
    After scriptable stripping: 1
    Processed in 0.00 seconds
  Pass "CopyDepth" (fp)
    Target graphics API: d3d11
    Full variant space:         1
    After settings filtering:   1
    After built-in stripping:   1
    After scriptable stripping: 1
    Processed in 0.00 seconds
  Pass "Downsample" (vp)
    Target graphics API: d3d11
    Full variant space:         1
    After settings filtering:   1
    After built-in stripping:   1
    After scriptable stripping: 1
    Processed in 0.00 seconds
  Pass "Downsample" (fp)
    Target graphics API: d3d11
    Full variant space:         1
    After settings filtering:   1
    After built-in stripping:   1
    After scriptable stripping: 1
    Processed in 0.00 seconds
  Pass "HorizontalBlur" (vp)
    Target graphics API: d3d11
    Full variant space:         1
    After settings filtering:   1
    After built-in stripping:   1
    After scriptable stripping: 1
    Processed in 0.00 seconds
  Pass "HorizontalBlur" (fp)
    Target graphics API: d3d11
    Full variant space:         1
    After settings filtering:   1
    After built-in stripping:   1
    After scriptable stripping: 1
    Processed in 0.00 seconds
  Pass "VerticalBlur" (vp)
    Target graphics API: d3d11
    Full variant space:         1
    After settings filtering:   1
    After built-in stripping:   1
    After scriptable stripping: 1
    Processed in 0.00 seconds
  Pass "VerticalBlur" (fp)
    Target graphics API: d3d11
    Full variant space:         1
    After settings filtering:   1
    After built-in stripping:   1
    After scriptable stripping: 1
    Processed in 0.00 seconds
  Pass Copy (vp, d3d11) finished in 0.00 seconds. Local cache hits 1 (0.00s CPU time), remote cache hits 0 (0.00s CPU time), compiled 0 variants (0.00s CPU time), skipped 0 variants.
    Prepared data for serialisation in 0.00s
  Pass Copy (fp, d3d11) finished in 0.01 seconds. Local cache hits 1 (0.01s CPU time), remote cache hits 0 (0.00s CPU time), compiled 0 variants (0.00s CPU time), skipped 0 variants.
    Prepared data for serialisation in 0.00s
  Pass CopyDepth (vp, d3d11) finished in 0.00 seconds. Local cache hits 1 (0.00s CPU time), remote cache hits 0 (0.00s CPU time), compiled 0 variants (0.00s CPU time), skipped 0 variants.
    Prepared data for serialisation in 0.00s
  Pass CopyDepth (fp, d3d11) finished in 0.00 seconds. Local cache hits 1 (0.00s CPU time), remote cache hits 0 (0.00s CPU time), compiled 0 variants (0.00s CPU time), skipped 0 variants.
    Prepared data for serialisation in 0.00s
  Pass Downsample (vp, d3d11) finished in 0.00 seconds. Local cache hits 1 (0.00s CPU time), remote cache hits 0 (0.00s CPU time), compiled 0 variants (0.00s CPU time), skipped 0 variants.
    Prepared data for serialisation in 0.00s
  Pass Downsample (fp, d3d11) finished in 0.00 seconds. Local cache hits 1 (0.00s CPU time), remote cache hits 0 (0.00s CPU time), compiled 0 variants (0.00s CPU time), skipped 0 variants.
    Prepared data for serialisation in 0.00s
  Pass HorizontalBlur (vp, d3d11) finished in 0.00 seconds. Local cache hits 1 (0.00s CPU time), remote cache hits 0 (0.00s CPU time), compiled 0 variants (0.00s CPU time), skipped 0 variants.
    Prepared data for serialisation in 0.00s
  Pass HorizontalBlur (fp, d3d11) finished in 0.00 seconds. Local cache hits 1 (0.00s CPU time), remote cache hits 0 (0.00s CPU time), compiled 0 variants (0.00s CPU time), skipped 0 variants.
    Prepared data for serialisation in 0.00s
  Pass VerticalBlur (vp, d3d11) finished in 0.00 seconds. Local cache hits 1 (0.00s CPU time), remote cache hits 0 (0.00s CPU time), compiled 0 variants (0.00s CPU time), skipped 0 variants.
    Prepared data for serialisation in 0.00s
  Pass VerticalBlur (fp, d3d11) finished in 0.01 seconds. Local cache hits 1 (0.01s CPU time), remote cache hits 0 (0.00s CPU time), compiled 0 variants (0.00s CPU time), skipped 0 variants.
    Prepared data for serialisation in 0.00s
Serialized binary data for shader Hidden/HDRP/CustomPassUtils in 0.00s
    d3d11 (total internal programs: 10, unique: 6)
Compiling shader "Hidden/HDRP/DebugColorPicker"
  Pass "" (vp)
    Target graphics API: d3d11
    Full variant space:         1
    After settings filtering:   1
    After built-in stripping:   1
    After scriptable stripping: 0
    Processed in 0.00 seconds
  Pass "" (fp)
    Target graphics API: d3d11
    Full variant space:         1
    After settings filtering:   1
    After built-in stripping:   1
    After scriptable stripping: 0
    Processed in 0.00 seconds
Serialized binary data for shader Hidden/HDRP/DebugColorPicker in 0.00s
    d3d11 (total internal programs: 0, unique: 0)
Compiling shader "Hidden/HDRP/DebugLocalVolumetricFogAtlas"
  Pass "" (vp)
    Target graphics API: d3d11
    Full variant space:         1
    After settings filtering:   1
    After built-in stripping:   1
    After scriptable stripping: 0
    Processed in 0.00 seconds
  Pass "" (fp)
    Target graphics API: d3d11
    Full variant space:         1
    After settings filtering:   1
    After built-in stripping:   1
    After scriptable stripping: 0
    Processed in 0.00 seconds
  Pass "" (vp)
    Target graphics API: d3d11
    Full variant space:         1
    After settings filtering:   1
    After built-in stripping:   1
    After scriptable stripping: 0
    Processed in 0.00 seconds
  Pass "" (fp)
    Target graphics API: d3d11
    Full variant space:         1
    After settings filtering:   1
    After built-in stripping:   1
    After scriptable stripping: 0
    Processed in 0.00 seconds
Serialized binary data for shader Hidden/HDRP/DebugLocalVolumetricFogAtlas in 0.00s
    d3d11 (total internal programs: 0, unique: 0)
Compiling shader "Hidden/HDRP/LensFlareDataDriven"
  Pass "LensFlareAdditive" (vp)
    Target graphics API: d3d11
    Full variant space:         2
    After settings filtering:   2
    After built-in stripping:   2
    After scriptable stripping: 2
    Processed in 0.00 seconds
  Pass "LensFlareAdditive" (fp)
    Target graphics API: d3d11
    Full variant space:         4
    After settings filtering:   4
    After built-in stripping:   4
    After scriptable stripping: 4
    Processed in 0.00 seconds
  Pass "LensFlareScreen" (vp)
    Target graphics API: d3d11
    Full variant space:         2
    After settings filtering:   2
    After built-in stripping:   2
    After scriptable stripping: 2
    Processed in 0.00 seconds
  Pass "LensFlareScreen" (fp)
    Target graphics API: d3d11
    Full variant space:         4
    After settings filtering:   4
    After built-in stripping:   4
    After scriptable stripping: 4
    Processed in 0.00 seconds
  Pass "LensFlarePremultiply" (vp)
    Target graphics API: d3d11
    Full variant space:         2
    After settings filtering:   2
    After built-in stripping:   2
    After scriptable stripping: 2
    Processed in 0.00 seconds
  Pass "LensFlarePremultiply" (fp)
    Target graphics API: d3d11
    Full variant space:         4
    After settings filtering:   4
    After built-in stripping:   4
    After scriptable stripping: 4
    Processed in 0.00 seconds
  Pass "LensFlareLerp" (vp)
    Target graphics API: d3d11
    Full variant space:         2
    After settings filtering:   2
    After built-in stripping:   2
    After scriptable stripping: 2
    Processed in 0.00 seconds
  Pass "LensFlareLerp" (fp)
    Target graphics API: d3d11
    Full variant space:         4
    After settings filtering:   4
    After built-in stripping:   4
    After scriptable stripping: 4
    Processed in 0.00 seconds
  Pass "LensFlareOcclusion" (vp)
    Target graphics API: d3d11
    Full variant space:         1
    After settings filtering:   1
    After built-in stripping:   1
    After scriptable stripping: 1
    Processed in 0.00 seconds
  Pass "LensFlareOcclusion" (fp)
    Target graphics API: d3d11
    Full variant space:         1
    After settings filtering:   1
    After built-in stripping:   1
    After scriptable stripping: 1
    Processed in 0.00 seconds
  Pass LensFlareAdditive (vp, d3d11) finished in 0.01 seconds. Local cache hits 2 (0.01s CPU time), remote cache hits 0 (0.00s CPU time), compiled 0 variants (0.00s CPU time), skipped 0 variants.
    Prepared data for serialisation in 0.00s
  Pass LensFlareAdditive (fp, d3d11) finished in 0.01 seconds. Local cache hits 4 (0.02s CPU time), remote cache hits 0 (0.00s CPU time), compiled 0 variants (0.00s CPU time), skipped 0 variants.
    Prepared data for serialisation in 0.00s
  Pass LensFlareScreen (vp, d3d11) finished in 0.01 seconds. Local cache hits 2 (0.00s CPU time), remote cache hits 0 (0.00s CPU time), compiled 0 variants (0.00s CPU time), skipped 0 variants.
    Prepared data for serialisation in 0.00s
  Pass LensFlareScreen (fp, d3d11) finished in 0.01 seconds. Local cache hits 4 (0.02s CPU time), remote cache hits 0 (0.00s CPU time), compiled 0 variants (0.00s CPU time), skipped 0 variants.
    Prepared data for serialisation in 0.00s
  Pass LensFlarePremultiply (vp, d3d11) finished in 0.00 seconds. Local cache hits 2 (0.00s CPU time), remote cache hits 0 (0.00s CPU time), compiled 0 variants (0.00s CPU time), skipped 0 variants.
    Prepared data for serialisation in 0.00s
  Pass LensFlarePremultiply (fp, d3d11) finished in 0.02 seconds. Local cache hits 4 (0.03s CPU time), remote cache hits 0 (0.00s CPU time), compiled 0 variants (0.00s CPU time), skipped 0 variants.
    Prepared data for serialisation in 0.00s
  Pass LensFlareLerp (vp, d3d11) finished in 0.01 seconds. Local cache hits 2 (0.00s CPU time), remote cache hits 0 (0.00s CPU time), compiled 0 variants (0.00s CPU time), skipped 0 variants.
    Prepared data for serialisation in 0.00s
  Pass LensFlareLerp (fp, d3d11) finished in 0.01 seconds. Local cache hits 4 (0.02s CPU time), remote cache hits 0 (0.00s CPU time), compiled 0 variants (0.00s CPU time), skipped 0 variants.
    Prepared data for serialisation in 0.00s
  Pass LensFlareOcclusion (vp, d3d11) finished in 0.01 seconds. Local cache hits 1 (0.01s CPU time), remote cache hits 0 (0.00s CPU time), compiled 0 variants (0.00s CPU time), skipped 0 variants.
    Prepared data for serialisation in 0.00s
  Pass LensFlareOcclusion (fp, d3d11) finished in 0.00 seconds. Local cache hits 1 (0.00s CPU time), remote cache hits 0 (0.00s CPU time), compiled 0 variants (0.00s CPU time), skipped 0 variants.
    Prepared data for serialisation in 0.00s
Serialized binary data for shader Hidden/HDRP/LensFlareDataDriven in 0.00s
    d3d11 (total internal programs: 26, unique: 12)
Compiling shader "Hidden/HDRP/FallbackError"
  Pass "" (vp)
    Target graphics API: d3d11
    Full variant space:         6
    After settings filtering:   6
    After built-in stripping:   1
    After scriptable stripping: 1
    Processed in 0.00 seconds
  Pass "" (fp)
    Target graphics API: d3d11
    Full variant space:         6
    After settings filtering:   6
    After built-in stripping:   1
    After scriptable stripping: 1
    Processed in 0.00 seconds
  Pass  (vp, d3d11) finished in 0.00 seconds. Local cache hits 1 (0.00s CPU time), remote cache hits 0 (0.00s CPU time), compiled 0 variants (0.00s CPU time), skipped 0 variants.
    Prepared data for serialisation in 0.00s
  Pass  (fp, d3d11) finished in 0.00 seconds. Local cache hits 1 (0.00s CPU time), remote cache hits 0 (0.00s CPU time), compiled 0 variants (0.00s CPU time), skipped 0 variants.
    Prepared data for serialisation in 0.00s
Serialized binary data for shader Hidden/HDRP/FallbackError in 0.00s
    d3d11 (total internal programs: 2, unique: 2)
Compiling shader "Hidden/HDRP/CompositeLines"
  Pass "CompositeAll" (vp)
    Target graphics API: d3d11
    Full variant space:         1
    After settings filtering:   1
    After built-in stripping:   1
    After scriptable stripping: 1
    Processed in 0.00 seconds
  Pass "CompositeAll" (fp)
    Target graphics API: d3d11
    Full variant space:         1
    After settings filtering:   1
    After built-in stripping:   1
    After scriptable stripping: 1
    Processed in 0.00 seconds
  Pass "CompositeColorOnly" (vp)
    Target graphics API: d3d11
    Full variant space:         1
    After settings filtering:   1
    After built-in stripping:   1
    After scriptable stripping: 1
    Processed in 0.00 seconds
  Pass "CompositeColorOnly" (fp)
    Target graphics API: d3d11
    Full variant space:         1
    After settings filtering:   1
    After built-in stripping:   1
    After scriptable stripping: 1
    Processed in 0.00 seconds
  Pass "CompositeDepthMovecOnly" (vp)
    Target graphics API: d3d11
    Full variant space:         1
    After settings filtering:   1
    After built-in stripping:   1
    After scriptable stripping: 1
    Processed in 0.00 seconds
  Pass "CompositeDepthMovecOnly" (fp)
    Target graphics API: d3d11
    Full variant space:         1
    After settings filtering:   1
    After built-in stripping:   1
    After scriptable stripping: 1
    Processed in 0.00 seconds
  Pass CompositeAll (vp, d3d11) finished in 0.00 seconds. Local cache hits 1 (0.00s CPU time), remote cache hits 0 (0.00s CPU time), compiled 0 variants (0.00s CPU time), skipped 0 variants.
    Prepared data for serialisation in 0.00s
  Pass CompositeAll (fp, d3d11) finished in 0.01 seconds. Local cache hits 1 (0.01s CPU time), remote cache hits 0 (0.00s CPU time), compiled 0 variants (0.00s CPU time), skipped 0 variants.
    Prepared data for serialisation in 0.00s
  Pass CompositeColorOnly (vp, d3d11) finished in 0.01 seconds. Local cache hits 1 (0.00s CPU time), remote cache hits 0 (0.00s CPU time), compiled 0 variants (0.00s CPU time), skipped 0 variants.
    Prepared data for serialisation in 0.00s
  Pass CompositeColorOnly (fp, d3d11) finished in 0.00 seconds. Local cache hits 1 (0.00s CPU time), remote cache hits 0 (0.00s CPU time), compiled 0 variants (0.00s CPU time), skipped 0 variants.
    Prepared data for serialisation in 0.00s
  Pass CompositeDepthMovecOnly (vp, d3d11) finished in 0.00 seconds. Local cache hits 1 (0.00s CPU time), remote cache hits 0 (0.00s CPU time), compiled 0 variants (0.00s CPU time), skipped 0 variants.
    Prepared data for serialisation in 0.00s
  Pass CompositeDepthMovecOnly (fp, d3d11) finished in 0.00 seconds. Local cache hits 1 (0.00s CPU time), remote cache hits 0 (0.00s CPU time), compiled 0 variants (0.00s CPU time), skipped 0 variants.
    Prepared data for serialisation in 0.00s
Serialized binary data for shader Hidden/HDRP/CompositeLines in 0.00s
    d3d11 (total internal programs: 6, unique: 4)
Compiling shader "Hidden/HDRP/DebugLightVolumes"
  Pass "" (vp)
    Target graphics API: d3d11
    Full variant space:         1
    After settings filtering:   1
    After built-in stripping:   1
    After scriptable stripping: 0
    Processed in 0.00 seconds
  Pass "" (fp)
    Target graphics API: d3d11
    Full variant space:         1
    After settings filtering:   1
    After built-in stripping:   1
    After scriptable stripping: 0
    Processed in 0.00 seconds
  Pass "" (vp)
    Target graphics API: d3d11
    Full variant space:         1
    After settings filtering:   1
    After built-in stripping:   1
    After scriptable stripping: 0
    Processed in 0.00 seconds
  Pass "" (fp)
    Target graphics API: d3d11
    Full variant space:         1
    After settings filtering:   1
    After built-in stripping:   1
    After scriptable stripping: 0
    Processed in 0.00 seconds
Serialized binary data for shader Hidden/HDRP/DebugLightVolumes in 0.00s
    d3d11 (total internal programs: 0, unique: 0)
Compiling shader "Hidden/HDRP/ClearStencilBuffer"
  Pass "" (vp)
    Target graphics API: d3d11
    Full variant space:         1
    After settings filtering:   1
    After built-in stripping:   1
    After scriptable stripping: 1
    Processed in 0.00 seconds
  Pass "" (fp)
    Target graphics API: d3d11
    Full variant space:         1
    After settings filtering:   1
    After built-in stripping:   1
    After scriptable stripping: 1
    Processed in 0.00 seconds
  Pass  (vp, d3d11) finished in 0.00 seconds. Local cache hits 1 (0.00s CPU time), remote cache hits 0 (0.00s CPU time), compiled 0 variants (0.00s CPU time), skipped 0 variants.
    Prepared data for serialisation in 0.00s
  Pass  (fp, d3d11) finished in 0.01 seconds. Local cache hits 1 (0.01s CPU time), remote cache hits 0 (0.00s CPU time), compiled 0 variants (0.00s CPU time), skipped 0 variants.
    Prepared data for serialisation in 0.00s
Serialized binary data for shader Hidden/HDRP/ClearStencilBuffer in 0.00s
    d3d11 (total internal programs: 2, unique: 2)
Compiling shader "Hidden/ScriptableRenderPipeline/DebugDisplayHDShadowMap"
  Pass "RegularShadow" (vp)
    Target graphics API: d3d11
    Full variant space:         1
    After settings filtering:   1
    After built-in stripping:   1
    After scriptable stripping: 1
    Processed in 0.00 seconds
  Pass "RegularShadow" (fp)
    Target graphics API: d3d11
    Full variant space:         1
    After settings filtering:   1
    After built-in stripping:   1
    After scriptable stripping: 1
    Processed in 0.00 seconds
  Pass "VarianceShadow" (vp)
    Target graphics API: d3d11
    Full variant space:         1
    After settings filtering:   1
    After built-in stripping:   1
    After scriptable stripping: 1
    Processed in 0.00 seconds
  Pass "VarianceShadow" (fp)
    Target graphics API: d3d11
    Full variant space:         1
    After settings filtering:   1
    After built-in stripping:   1
    After scriptable stripping: 1
    Processed in 0.00 seconds
  Pass RegularShadow (vp, d3d11) finished in 0.01 seconds. Local cache hits 1 (0.01s CPU time), remote cache hits 0 (0.00s CPU time), compiled 0 variants (0.00s CPU time), skipped 0 variants.
    Prepared data for serialisation in 0.00s
  Pass RegularShadow (fp, d3d11) finished in 0.01 seconds. Local cache hits 1 (0.00s CPU time), remote cache hits 0 (0.00s CPU time), compiled 0 variants (0.00s CPU time), skipped 0 variants.
    Prepared data for serialisation in 0.00s
  Pass VarianceShadow (vp, d3d11) finished in 0.01 seconds. Local cache hits 1 (0.01s CPU time), remote cache hits 0 (0.00s CPU time), compiled 0 variants (0.00s CPU time), skipped 0 variants.
    Prepared data for serialisation in 0.00s
  Pass VarianceShadow (fp, d3d11) finished in 0.01 seconds. Local cache hits 1 (0.01s CPU time), remote cache hits 0 (0.00s CPU time), compiled 0 variants (0.00s CPU time), skipped 0 variants.
    Prepared data for serialisation in 0.00s
Serialized binary data for shader Hidden/ScriptableRenderPipeline/DebugDisplayHDShadowMap in 0.00s
    d3d11 (total internal programs: 4, unique: 3)
Compiling shader "Hidden/PostProcessing/SubpixelMorphologicalAntialiasing"
  Pass "Edge detection" (vp)
    Target graphics API: d3d11
    Full variant space:         1
    After settings filtering:   1
    After built-in stripping:   1
    After scriptable stripping: 1
    Processed in 0.00 seconds
  Pass "Edge detection" (fp)
    Target graphics API: d3d11
    Full variant space:         3
    After settings filtering:   3
    After built-in stripping:   3
    After scriptable stripping: 3
    Processed in 0.00 seconds
  Pass "Blend Weights Calculation" (vp)
    Target graphics API: d3d11
    Full variant space:         1
    After settings filtering:   1
    After built-in stripping:   1
    After scriptable stripping: 1
    Processed in 0.00 seconds
  Pass "Blend Weights Calculation" (fp)
    Target graphics API: d3d11
    Full variant space:         3
    After settings filtering:   3
    After built-in stripping:   3
    After scriptable stripping: 3
    Processed in 0.00 seconds
  Pass "Neighborhood Blending" (vp)
    Target graphics API: d3d11
    Full variant space:         1
    After settings filtering:   1
    After built-in stripping:   1
    After scriptable stripping: 1
    Processed in 0.00 seconds
  Pass "Neighborhood Blending" (fp)
    Target graphics API: d3d11
    Full variant space:         3
    After settings filtering:   3
    After built-in stripping:   3
    After scriptable stripping: 3
    Processed in 0.00 seconds
  Pass Edge detection (vp, d3d11) finished in 0.01 seconds. Local cache hits 1 (0.01s CPU time), remote cache hits 0 (0.00s CPU time), compiled 0 variants (0.00s CPU time), skipped 0 variants.
    Prepared data for serialisation in 0.00s
  Pass Edge detection (fp, d3d11) finished in 0.01 seconds. Local cache hits 3 (0.02s CPU time), remote cache hits 0 (0.00s CPU time), compiled 0 variants (0.00s CPU time), skipped 0 variants.
    Prepared data for serialisation in 0.00s
  Pass Blend Weights Calculation (vp, d3d11) finished in 0.01 seconds. Local cache hits 1 (0.01s CPU time), remote cache hits 0 (0.00s CPU time), compiled 0 variants (0.00s CPU time), skipped 0 variants.
    Prepared data for serialisation in 0.00s
  Pass Blend Weights Calculation (fp, d3d11) finished in 0.01 seconds. Local cache hits 3 (0.02s CPU time), remote cache hits 0 (0.00s CPU time), compiled 0 variants (0.00s CPU time), skipped 0 variants.
    Prepared data for serialisation in 0.00s
  Pass Neighborhood Blending (vp, d3d11) finished in 0.01 seconds. Local cache hits 1 (0.01s CPU time), remote cache hits 0 (0.00s CPU time), compiled 0 variants (0.00s CPU time), skipped 0 variants.
    Prepared data for serialisation in 0.00s
  Pass Neighborhood Blending (fp, d3d11) finished in 0.01 seconds. Local cache hits 3 (0.02s CPU time), remote cache hits 0 (0.00s CPU time), compiled 0 variants (0.00s CPU time), skipped 0 variants.
    Prepared data for serialisation in 0.00s
Serialized binary data for shader Hidden/PostProcessing/SubpixelMorphologicalAntialiasing in 0.00s
    d3d11 (total internal programs: 12, unique: 12)
Compiling shader "Hidden/HDRP/LensFlareScreenSpace"
  Pass "LensFlareScreenSpac Prefilter" (vp)
    Target graphics API: d3d11
    Full variant space:         1
    After settings filtering:   1
    After built-in stripping:   1
    After scriptable stripping: 1
    Processed in 0.00 seconds
  Pass "LensFlareScreenSpac Prefilter" (fp)
    Target graphics API: d3d11
    Full variant space:         1
    After settings filtering:   1
    After built-in stripping:   1
    After scriptable stripping: 1
    Processed in 0.00 seconds
  Pass "LensFlareScreenSpace Downsample" (vp)
    Target graphics API: d3d11
    Full variant space:         1
    After settings filtering:   1
    After built-in stripping:   1
    After scriptable stripping: 1
    Processed in 0.00 seconds
  Pass "LensFlareScreenSpace Downsample" (fp)
    Target graphics API: d3d11
    Full variant space:         1
    After settings filtering:   1
    After built-in stripping:   1
    After scriptable stripping: 1
    Processed in 0.00 seconds
  Pass "LensFlareScreenSpace Upsample" (vp)
    Target graphics API: d3d11
    Full variant space:         1
    After settings filtering:   1
    After built-in stripping:   1
    After scriptable stripping: 1
    Processed in 0.00 seconds
  Pass "LensFlareScreenSpace Upsample" (fp)
    Target graphics API: d3d11
    Full variant space:         1
    After settings filtering:   1
    After built-in stripping:   1
    After scriptable stripping: 1
    Processed in 0.00 seconds
  Pass "LensFlareScreenSpace Composition" (vp)
    Target graphics API: d3d11
    Full variant space:         1
    After settings filtering:   1
    After built-in stripping:   1
    After scriptable stripping: 1
    Processed in 0.00 seconds
  Pass "LensFlareScreenSpace Composition" (fp)
    Target graphics API: d3d11
    Full variant space:         1
    After settings filtering:   1
    After built-in stripping:   1
    After scriptable stripping: 1
    Processed in 0.00 seconds
  Pass "LensFlareScreenSpace Write to BloomTexture" (vp)
    Target graphics API: d3d11
    Full variant space:         1
    After settings filtering:   1
    After built-in stripping:   1
    After scriptable stripping: 1
    Processed in 0.00 seconds
  Pass "LensFlareScreenSpace Write to BloomTexture" (fp)
    Target graphics API: d3d11
    Full variant space:         1
    After settings filtering:   1
    After built-in stripping:   1
    After scriptable stripping: 1
    Processed in 0.00 seconds
  Pass LensFlareScreenSpac Prefilter (vp, d3d11) finished in 0.01 seconds. Local cache hits 1 (0.01s CPU time), remote cache hits 0 (0.00s CPU time), compiled 0 variants (0.00s CPU time), skipped 0 variants.
    Prepared data for serialisation in 0.00s
  Pass LensFlareScreenSpac Prefilter (fp, d3d11) finished in 0.01 seconds. Local cache hits 1 (0.01s CPU time), remote cache hits 0 (0.00s CPU time), compiled 0 variants (0.00s CPU time), skipped 0 variants.
    Prepared data for serialisation in 0.00s
  Pass LensFlareScreenSpace Downsample (vp, d3d11) finished in 0.00 seconds. Local cache hits 1 (0.00s CPU time), remote cache hits 0 (0.00s CPU time), compiled 0 variants (0.00s CPU time), skipped 0 variants.
    Prepared data for serialisation in 0.00s
  Pass LensFlareScreenSpace Downsample (fp, d3d11) finished in 0.01 seconds. Local cache hits 1 (0.01s CPU time), remote cache hits 0 (0.00s CPU time), compiled 0 variants (0.00s CPU time), skipped 0 variants.
    Prepared data for serialisation in 0.00s
  Pass LensFlareScreenSpace Upsample (vp, d3d11) finished in 0.01 seconds. Local cache hits 1 (0.00s CPU time), remote cache hits 0 (0.00s CPU time), compiled 0 variants (0.00s CPU time), skipped 0 variants.
    Prepared data for serialisation in 0.00s
  Pass LensFlareScreenSpace Upsample (fp, d3d11) finished in 0.01 seconds. Local cache hits 1 (0.01s CPU time), remote cache hits 0 (0.00s CPU time), compiled 0 variants (0.00s CPU time), skipped 0 variants.
    Prepared data for serialisation in 0.00s
  Pass LensFlareScreenSpace Composition (vp, d3d11) finished in 0.00 seconds. Local cache hits 1 (0.00s CPU time), remote cache hits 0 (0.00s CPU time), compiled 0 variants (0.00s CPU time), skipped 0 variants.
    Prepared data for serialisation in 0.00s
  Pass LensFlareScreenSpace Composition (fp, d3d11) finished in 0.01 seconds. Local cache hits 1 (0.01s CPU time), remote cache hits 0 (0.00s CPU time), compiled 0 variants (0.00s CPU time), skipped 0 variants.
    Prepared data for serialisation in 0.00s
  Pass LensFlareScreenSpace Write to BloomTexture (vp, d3d11) finished in 0.00 seconds. Local cache hits 1 (0.00s CPU time), remote cache hits 0 (0.00s CPU time), compiled 0 variants (0.00s CPU time), skipped 0 variants.
    Prepared data for serialisation in 0.00s
  Pass LensFlareScreenSpace Write to BloomTexture (fp, d3d11) finished in 0.01 seconds. Local cache hits 1 (0.01s CPU time), remote cache hits 0 (0.00s CPU time), compiled 0 variants (0.00s CPU time), skipped 0 variants.
    Prepared data for serialisation in 0.00s
Serialized binary data for shader Hidden/HDRP/LensFlareScreenSpace in 0.00s
    d3d11 (total internal programs: 10, unique: 6)
Compiling shader "Hidden/HDRP/DebugHDR"
  Pass "" (vp)
    Target graphics API: d3d11
    Full variant space:         1
    After settings filtering:   1
    After built-in stripping:   1
    After scriptable stripping: 0
    Processed in 0.00 seconds
  Pass "" (fp)
    Target graphics API: d3d11
    Full variant space:         1
    After settings filtering:   1
    After built-in stripping:   1
    After scriptable stripping: 0
    Processed in 0.00 seconds
  Pass "" (vp)
    Target graphics API: d3d11
    Full variant space:         1
    After settings filtering:   1
    After built-in stripping:   1
    After scriptable stripping: 0
    Processed in 0.00 seconds
  Pass "" (fp)
    Target graphics API: d3d11
    Full variant space:         1
    After settings filtering:   1
    After built-in stripping:   1
    After scriptable stripping: 0
    Processed in 0.00 seconds
  Pass "" (vp)
    Target graphics API: d3d11
    Full variant space:         1
    After settings filtering:   1
    After built-in stripping:   1
    After scriptable stripping: 0
    Processed in 0.00 seconds
  Pass "" (fp)
    Target graphics API: d3d11
    Full variant space:         1
    After settings filtering:   1
    After built-in stripping:   1
    After scriptable stripping: 0
    Processed in 0.00 seconds
Serialized binary data for shader Hidden/HDRP/DebugHDR in 0.00s
    d3d11 (total internal programs: 0, unique: 0)
Compiling shader "Hidden/HDRP/Sky/HDRISky"
  Pass "FragBaking" (vp)
    Target graphics API: d3d11
    Full variant space:         1
    After settings filtering:   1
    After built-in stripping:   1
    After scriptable stripping: 1
    Processed in 0.00 seconds
  Pass "FragBaking" (fp)
    Target graphics API: d3d11
    Full variant space:         216
    After settings filtering:   216
    After built-in stripping:   216
    After scriptable stripping: 12
    Processed in 0.00 seconds
  Pass "FragRender" (vp)
    Target graphics API: d3d11
    Full variant space:         1
    After settings filtering:   1
    After built-in stripping:   1
    After scriptable stripping: 1
    Processed in 0.00 seconds
  Pass "FragRender" (fp)
    Target graphics API: d3d11
    Full variant space:         216
    After settings filtering:   216
    After built-in stripping:   216
    After scriptable stripping: 12
    Processed in 0.00 seconds
  Pass "FragRenderBackplate" (vp)
    Target graphics API: d3d11
    Full variant space:         1
    After settings filtering:   1
    After built-in stripping:   1
    After scriptable stripping: 1
    Processed in 0.00 seconds
  Pass "FragRenderBackplate" (fp)
    Target graphics API: d3d11
    Full variant space:         216
    After settings filtering:   216
    After built-in stripping:   216
    After scriptable stripping: 12
    Processed in 0.00 seconds
  Pass "FragRenderBackplateDepth" (vp)
    Target graphics API: d3d11
    Full variant space:         1
    After settings filtering:   1
    After built-in stripping:   1
    After scriptable stripping: 1
    Processed in 0.00 seconds
  Pass "FragRenderBackplateDepth" (fp)
    Target graphics API: d3d11
    Full variant space:         216
    After settings filtering:   216
    After built-in stripping:   216
    After scriptable stripping: 12
    Processed in 0.00 seconds
  Pass FragBaking (vp, d3d11) finished in 0.01 seconds. Local cache hits 1 (0.00s CPU time), remote cache hits 0 (0.00s CPU time), compiled 0 variants (0.00s CPU time), skipped 0 variants.
    Prepared data for serialisation in 0.00s
  Pass FragBaking (fp, d3d11) finished in 0.03 seconds. Local cache hits 12 (0.07s CPU time), remote cache hits 0 (0.00s CPU time), compiled 0 variants (0.00s CPU time), skipped 0 variants.
    Prepared data for serialisation in 0.00s
  Pass FragRender (vp, d3d11) finished in 0.00 seconds. Local cache hits 1 (0.00s CPU time), remote cache hits 0 (0.00s CPU time), compiled 0 variants (0.00s CPU time), skipped 0 variants.
    Prepared data for serialisation in 0.00s
  Pass FragRender (fp, d3d11) finished in 0.03 seconds. Local cache hits 12 (0.08s CPU time), remote cache hits 0 (0.00s CPU time), compiled 0 variants (0.00s CPU time), skipped 0 variants.
    Prepared data for serialisation in 0.00s
  Pass FragRenderBackplate (vp, d3d11) finished in 0.00 seconds. Local cache hits 1 (0.00s CPU time), remote cache hits 0 (0.00s CPU time), compiled 0 variants (0.00s CPU time), skipped 0 variants.
    Prepared data for serialisation in 0.00s
  Pass FragRenderBackplate (fp, d3d11) finished in 0.03 seconds. Local cache hits 12 (0.09s CPU time), remote cache hits 0 (0.00s CPU time), compiled 0 variants (0.00s CPU time), skipped 0 variants.
    Prepared data for serialisation in 0.00s
  Pass FragRenderBackplateDepth (vp, d3d11) finished in 0.00 seconds. Local cache hits 1 (0.00s CPU time), remote cache hits 0 (0.00s CPU time), compiled 0 variants (0.00s CPU time), skipped 0 variants.
    Prepared data for serialisation in 0.00s
  Pass FragRenderBackplateDepth (fp, d3d11) finished in 0.03 seconds. Local cache hits 12 (0.07s CPU time), remote cache hits 0 (0.00s CPU time), compiled 0 variants (0.00s CPU time), skipped 0 variants.
    Prepared data for serialisation in 0.00s
Serialized binary data for shader Hidden/HDRP/Sky/HDRISky in 0.00s
    d3d11 (total internal programs: 52, unique: 49)
Compiling shader "Hidden/HDRP/CustomClear"
  Pass "ClearColorAndStencil" (vp)
    Target graphics API: d3d11
    Full variant space:         1
    After settings filtering:   1
    After built-in stripping:   1
    After scriptable stripping: 1
    Processed in 0.00 seconds
  Pass "ClearColorAndStencil" (fp)
    Target graphics API: d3d11
    Full variant space:         1
    After settings filtering:   1
    After built-in stripping:   1
    After scriptable stripping: 1
    Processed in 0.00 seconds
  Pass "DrawTextureAndClearStencil" (vp)
    Target graphics API: d3d11
    Full variant space:         1
    After settings filtering:   1
    After built-in stripping:   1
    After scriptable stripping: 1
    Processed in 0.00 seconds
  Pass "DrawTextureAndClearStencil" (fp)
    Target graphics API: d3d11
    Full variant space:         1
    After settings filtering:   1
    After built-in stripping:   1
    After scriptable stripping: 1
    Processed in 0.00 seconds
  Pass ClearColorAndStencil (vp, d3d11) finished in 0.01 seconds. Local cache hits 1 (0.01s CPU time), remote cache hits 0 (0.00s CPU time), compiled 0 variants (0.00s CPU time), skipped 0 variants.
    Prepared data for serialisation in 0.00s
  Pass ClearColorAndStencil (fp, d3d11) finished in 0.01 seconds. Local cache hits 1 (0.01s CPU time), remote cache hits 0 (0.00s CPU time), compiled 0 variants (0.00s CPU time), skipped 0 variants.
    Prepared data for serialisation in 0.00s
  Pass DrawTextureAndClearStencil (vp, d3d11) finished in 0.01 seconds. Local cache hits 1 (0.01s CPU time), remote cache hits 0 (0.00s CPU time), compiled 0 variants (0.00s CPU time), skipped 0 variants.
    Prepared data for serialisation in 0.00s
  Pass DrawTextureAndClearStencil (fp, d3d11) finished in 0.01 seconds. Local cache hits 1 (0.01s CPU time), remote cache hits 0 (0.00s CPU time), compiled 0 variants (0.00s CPU time), skipped 0 variants.
    Prepared data for serialisation in 0.00s
Serialized binary data for shader Hidden/HDRP/CustomClear in 0.00s
    d3d11 (total internal programs: 4, unique: 4)
Compiling shader "Hidden/HDRP/Sky/PbrSky"
  Pass "PBRSky Cubemap" (vp)
    Target graphics API: d3d11
    Full variant space:         1
    After settings filtering:   1
    After built-in stripping:   1
    After scriptable stripping: 1
    Processed in 0.00 seconds
  Pass "PBRSky Cubemap" (fp)
    Target graphics API: d3d11
    Full variant space:         2
    After settings filtering:   2
    After built-in stripping:   2
    After scriptable stripping: 2
    Processed in 0.00 seconds
  Pass "PBRSky" (vp)
    Target graphics API: d3d11
    Full variant space:         1
    After settings filtering:   1
    After built-in stripping:   1
    After scriptable stripping: 1
    Processed in 0.00 seconds
  Pass "PBRSky" (fp)
    Target graphics API: d3d11
    Full variant space:         2
    After settings filtering:   2
    After built-in stripping:   2
    After scriptable stripping: 2
    Processed in 0.00 seconds
  Pass PBRSky Cubemap (vp, d3d11) finished in 0.00 seconds. Local cache hits 1 (0.00s CPU time), remote cache hits 0 (0.00s CPU time), compiled 0 variants (0.00s CPU time), skipped 0 variants.
    Prepared data for serialisation in 0.00s
  Pass PBRSky Cubemap (fp, d3d11) finished in 0.01 seconds. Local cache hits 2 (0.01s CPU time), remote cache hits 0 (0.00s CPU time), compiled 0 variants (0.00s CPU time), skipped 0 variants.
    Prepared data for serialisation in 0.00s
  Pass PBRSky (vp, d3d11) finished in 0.00 seconds. Local cache hits 1 (0.00s CPU time), remote cache hits 0 (0.00s CPU time), compiled 0 variants (0.00s CPU time), skipped 0 variants.
    Prepared data for serialisation in 0.00s
  Pass PBRSky (fp, d3d11) finished in 0.01 seconds. Local cache hits 2 (0.01s CPU time), remote cache hits 0 (0.00s CPU time), compiled 0 variants (0.00s CPU time), skipped 0 variants.
    Prepared data for serialisation in 0.00s
Serialized binary data for shader Hidden/HDRP/Sky/PbrSky in 0.00s
    d3d11 (total internal programs: 6, unique: 5)
Compiling shader "Hidden/HDRP/PreIntegratedFGD_CookTorrance"
  Pass "" (vp)
    Target graphics API: d3d11
    Full variant space:         1
    After settings filtering:   1
    After built-in stripping:   1
    After scriptable stripping: 1
    Processed in 0.00 seconds
  Pass "" (fp)
    Target graphics API: d3d11
    Full variant space:         1
    After settings filtering:   1
    After built-in stripping:   1
    After scriptable stripping: 1
    Processed in 0.00 seconds
  Pass  (vp, d3d11) finished in 0.00 seconds. Local cache hits 1 (0.00s CPU time), remote cache hits 0 (0.00s CPU time), compiled 0 variants (0.00s CPU time), skipped 0 variants.
    Prepared data for serialisation in 0.00s
  Pass  (fp, d3d11) finished in 0.01 seconds. Local cache hits 1 (0.01s CPU time), remote cache hits 0 (0.00s CPU time), compiled 0 variants (0.00s CPU time), skipped 0 variants.
    Prepared data for serialisation in 0.00s
Serialized binary data for shader Hidden/HDRP/PreIntegratedFGD_CookTorrance in 0.00s
    d3d11 (total internal programs: 2, unique: 2)
Compiling shader "Hidden/HDRP/BlitColorAndDepth"
  Pass "ColorOnly" (vp)
    Target graphics API: d3d11
    Full variant space:         16
    After settings filtering:   16
    After built-in stripping:   16
    After scriptable stripping: 16
    Processed in 0.00 seconds
  Pass "ColorOnly" (fp)
    Target graphics API: d3d11
    Full variant space:         16
    After settings filtering:   16
    After built-in stripping:   16
    After scriptable stripping: 16
    Processed in 0.00 seconds
  Pass "ColorAndDepth" (vp)
    Target graphics API: d3d11
    Full variant space:         16
    After settings filtering:   16
    After built-in stripping:   16
    After scriptable stripping: 16
    Processed in 0.00 seconds
  Pass "ColorAndDepth" (fp)
    Target graphics API: d3d11
    Full variant space:         16
    After settings filtering:   16
    After built-in stripping:   16
    After scriptable stripping: 16
    Processed in 0.00 seconds
  Pass "DepthOnly" (vp)
    Target graphics API: d3d11
    Full variant space:         16
    After settings filtering:   16
    After built-in stripping:   16
    After scriptable stripping: 16
    Processed in 0.00 seconds
  Pass "DepthOnly" (fp)
    Target graphics API: d3d11
    Full variant space:         16
    After settings filtering:   16
    After built-in stripping:   16
    After scriptable stripping: 16
    Processed in 0.00 seconds
  Pass ColorOnly (vp, d3d11) finished in 0.05 seconds. Local cache hits 16 (0.13s CPU time), remote cache hits 0 (0.00s CPU time), compiled 0 variants (0.00s CPU time), skipped 0 variants.
    Prepared data for serialisation in 0.00s
  Pass ColorOnly (fp, d3d11) finished in 0.04 seconds. Local cache hits 16 (0.11s CPU time), remote cache hits 0 (0.00s CPU time), compiled 0 variants (0.00s CPU time), skipped 0 variants.
    Prepared data for serialisation in 0.00s
  Pass ColorAndDepth (vp, d3d11) finished in 0.01 seconds. Local cache hits 16 (0.02s CPU time), remote cache hits 0 (0.00s CPU time), compiled 0 variants (0.00s CPU time), skipped 0 variants.
    Prepared data for serialisation in 0.00s
  Pass ColorAndDepth (fp, d3d11) finished in 0.04 seconds. Local cache hits 16 (0.10s CPU time), remote cache hits 0 (0.00s CPU time), compiled 0 variants (0.00s CPU time), skipped 0 variants.
    Prepared data for serialisation in 0.00s
  Pass DepthOnly (vp, d3d11) finished in 0.01 seconds. Local cache hits 16 (0.02s CPU time), remote cache hits 0 (0.00s CPU time), compiled 0 variants (0.00s CPU time), skipped 0 variants.
    Prepared data for serialisation in 0.00s
  Pass DepthOnly (fp, d3d11) finished in 0.04 seconds. Local cache hits 16 (0.09s CPU time), remote cache hits 0 (0.00s CPU time), compiled 0 variants (0.00s CPU time), skipped 0 variants.
    Prepared data for serialisation in 0.00s
Serialized binary data for shader Hidden/HDRP/BlitColorAndDepth in 0.00s
    d3d11 (total internal programs: 96, unique: 64)
Compiling shader "Hidden/Core/ProbeVolumeSamplingDebug"
  Pass "ForwardOnly" (vp)
    Target graphics API: d3d11
    Full variant space:         2
    After settings filtering:   2
    After built-in stripping:   1
    After scriptable stripping: 1
    Processed in 0.00 seconds
  Pass "ForwardOnly" (fp)
    Target graphics API: d3d11
    Full variant space:         6
    After settings filtering:   6
    After built-in stripping:   3
    After scriptable stripping: 2
    Processed in 0.00 seconds
  Pass ForwardOnly (vp, d3d11) finished in 0.01 seconds. Local cache hits 1 (0.01s CPU time), remote cache hits 0 (0.00s CPU time), compiled 0 variants (0.00s CPU time), skipped 0 variants.
    Prepared data for serialisation in 0.00s
  Pass ForwardOnly (fp, d3d11) finished in 0.01 seconds. Local cache hits 2 (0.01s CPU time), remote cache hits 0 (0.00s CPU time), compiled 0 variants (0.00s CPU time), skipped 0 variants.
    Prepared data for serialisation in 0.00s
Serialized binary data for shader Hidden/Core/ProbeVolumeSamplingDebug in 0.00s
    d3d11 (total internal programs: 3, unique: 3)
Compiling shader "Hidden/HDRP/ScreenSpaceShadows"
  Pass "" (vp)
    Target graphics API: d3d11
    Full variant space:         1
    After settings filtering:   1
    After built-in stripping:   1
    After scriptable stripping: 0
    Processed in 0.00 seconds
  Pass "" (fp)
    Target graphics API: d3d11
    Full variant space:         18
    After settings filtering:   18
    After built-in stripping:   18
    After scriptable stripping: 0
    Processed in 0.00 seconds
Serialized binary data for shader Hidden/HDRP/ScreenSpaceShadows in 0.00s
    d3d11 (total internal programs: 0, unique: 0)
Compiling shader "Hidden/HDRP/DebugDisplayLatlong"
  Pass "" (vp)
    Target graphics API: d3d11
    Full variant space:         1
    After settings filtering:   1
    After built-in stripping:   1
    After scriptable stripping: 0
    Processed in 0.00 seconds
  Pass "" (fp)
    Target graphics API: d3d11
    Full variant space:         1
    After settings filtering:   1
    After built-in stripping:   1
    After scriptable stripping: 0
    Processed in 0.00 seconds
Serialized binary data for shader Hidden/HDRP/DebugDisplayLatlong in 0.00s
    d3d11 (total internal programs: 0, unique: 0)
Compiling shader "Hidden/CoreResources/FilterAreaLightCookies"
  Pass "" (vp)
    Target graphics API: d3d11
    Full variant space:         1
    After settings filtering:   1
    After built-in stripping:   1
    After scriptable stripping: 1
    Processed in 0.00 seconds
  Pass "" (fp)
    Target graphics API: d3d11
    Full variant space:         1
    After settings filtering:   1
    After built-in stripping:   1
    After scriptable stripping: 1
    Processed in 0.00 seconds
  Pass "" (vp)
    Target graphics API: d3d11
    Full variant space:         1
    After settings filtering:   1
    After built-in stripping:   1
    After scriptable stripping: 1
    Processed in 0.00 seconds
  Pass "" (fp)
    Target graphics API: d3d11
    Full variant space:         1
    After settings filtering:   1
    After built-in stripping:   1
    After scriptable stripping: 1
    Processed in 0.00 seconds
  Pass "" (vp)
    Target graphics API: d3d11
    Full variant space:         1
    After settings filtering:   1
    After built-in stripping:   1
    After scriptable stripping: 1
    Processed in 0.00 seconds
  Pass "" (fp)
    Target graphics API: d3d11
    Full variant space:         1
    After settings filtering:   1
    After built-in stripping:   1
    After scriptable stripping: 1
    Processed in 0.00 seconds
  Pass "" (vp)
    Target graphics API: d3d11
    Full variant space:         1
    After settings filtering:   1
    After built-in stripping:   1
    After scriptable stripping: 1
    Processed in 0.00 seconds
  Pass "" (fp)
    Target graphics API: d3d11
    Full variant space:         1
    After settings filtering:   1
    After built-in stripping:   1
    After scriptable stripping: 1
    Processed in 0.00 seconds
  Pass  (vp, d3d11) finished in 0.00 seconds. Local cache hits 1 (0.00s CPU time), remote cache hits 0 (0.00s CPU time), compiled 0 variants (0.00s CPU time), skipped 0 variants.
    Prepared data for serialisation in 0.00s
  Pass  (fp, d3d11) finished in 0.01 seconds. Local cache hits 1 (0.01s CPU time), remote cache hits 0 (0.00s CPU time), compiled 0 variants (0.00s CPU time), skipped 0 variants.
    Prepared data for serialisation in 0.00s
  Pass  (vp, d3d11) finished in 0.01 seconds. Local cache hits 1 (0.00s CPU time), remote cache hits 0 (0.00s CPU time), compiled 0 variants (0.00s CPU time), skipped 0 variants.
    Prepared data for serialisation in 0.00s
  Pass  (fp, d3d11) finished in 0.01 seconds. Local cache hits 1 (0.01s CPU time), remote cache hits 0 (0.00s CPU time), compiled 0 variants (0.00s CPU time), skipped 0 variants.
    Prepared data for serialisation in 0.00s
  Pass  (vp, d3d11) finished in 0.00 seconds. Local cache hits 1 (0.00s CPU time), remote cache hits 0 (0.00s CPU time), compiled 0 variants (0.00s CPU time), skipped 0 variants.
    Prepared data for serialisation in 0.00s
  Pass  (fp, d3d11) finished in 0.01 seconds. Local cache hits 1 (0.01s CPU time), remote cache hits 0 (0.00s CPU time), compiled 0 variants (0.00s CPU time), skipped 0 variants.
    Prepared data for serialisation in 0.00s
  Pass  (vp, d3d11) finished in 0.01 seconds. Local cache hits 1 (0.00s CPU time), remote cache hits 0 (0.00s CPU time), compiled 0 variants (0.00s CPU time), skipped 0 variants.
    Prepared data for serialisation in 0.00s
  Pass  (fp, d3d11) finished in 0.01 seconds. Local cache hits 1 (0.01s CPU time), remote cache hits 0 (0.00s CPU time), compiled 0 variants (0.00s CPU time), skipped 0 variants.
    Prepared data for serialisation in 0.00s
Serialized binary data for shader Hidden/CoreResources/FilterAreaLightCookies in 0.00s
    d3d11 (total internal programs: 8, unique: 5)
Compiling shader "HDRP/Unlit"
  Pass "DepthForwardOnly" (vp)
    Target graphics API: d3d11
    Full variant space:         4
    After settings filtering:   4
    After built-in stripping:   1
    After scriptable stripping: 1
    Processed in 0.00 seconds
  Pass "DepthForwardOnly" (fp)
    Target graphics API: d3d11
    Full variant space:         16
    After settings filtering:   16
    After built-in stripping:   4
    After scriptable stripping: 2
    Processed in 0.00 seconds
  Pass "MotionVectors" (vp)
    Target graphics API: d3d11
    Full variant space:         4
    After settings filtering:   4
    After built-in stripping:   1
    After scriptable stripping: 1
    Processed in 0.00 seconds
  Pass "MotionVectors" (fp)
    Target graphics API: d3d11
    Full variant space:         16
    After settings filtering:   16
    After built-in stripping:   4
    After scriptable stripping: 2
    Processed in 0.00 seconds
  Pass "ForwardOnly" (vp)
    Target graphics API: d3d11
    Full variant space:         8
    After settings filtering:   8
    After built-in stripping:   2
    After scriptable stripping: 1
    Processed in 0.00 seconds
  Pass "ForwardOnly" (fp)
    Target graphics API: d3d11
    Full variant space:         16
    After settings filtering:   16
    After built-in stripping:   4
    After scriptable stripping: 2
    Processed in 0.00 seconds
  Pass "ShadowCaster" (vp)
    Target graphics API: d3d11
    Full variant space:         4
    After settings filtering:   4
    After built-in stripping:   1
    After scriptable stripping: 1
    Processed in 0.00 seconds
  Pass "ShadowCaster" (fp)
    Target graphics API: d3d11
    Full variant space:         8
    After settings filtering:   8
    After built-in stripping:   2
    After scriptable stripping: 2
    Processed in 0.00 seconds
  Pass "DistortionVectors" (vp)
    Target graphics API: d3d11
    Full variant space:         4
    After settings filtering:   4
    After built-in stripping:   1
    After scriptable stripping: 0
    Processed in 0.00 seconds
  Pass "DistortionVectors" (fp)
    Target graphics API: d3d11
    Full variant space:         8
    After settings filtering:   8
    After built-in stripping:   2
    After scriptable stripping: 0
    Processed in 0.00 seconds
  Pass "FullScreenDebug" (vp)
    Target graphics API: d3d11
    Full variant space:         8
    After settings filtering:   8
    After built-in stripping:   2
    After scriptable stripping: 0
    Processed in 0.00 seconds
  Pass "FullScreenDebug" (fp)
    Target graphics API: d3d11
    Full variant space:         16
    After settings filtering:   16
    After built-in stripping:   4
    After scriptable stripping: 0
    Processed in 0.00 seconds
  Pass "IndirectDXR" (rs)
    Target graphics API: d3d11
    Full variant space:         4
    After settings filtering:   4
    After built-in stripping:   4
    After scriptable stripping: 0
    Processed in 0.00 seconds
  Pass "ForwardDXR" (rs)
    Target graphics API: d3d11
    Full variant space:         4
    After settings filtering:   4
    After built-in stripping:   4
    After scriptable stripping: 0
    Processed in 0.00 seconds
  Pass "GBufferDXR" (rs)
    Target graphics API: d3d11
    Full variant space:         2
    After settings filtering:   2
    After built-in stripping:   2
    After scriptable stripping: 0
    Processed in 0.00 seconds
  Pass "VisibilityDXR" (rs)
    Target graphics API: d3d11
    Full variant space:         4
    After settings filtering:   4
    After built-in stripping:   4
    After scriptable stripping: 0
    Processed in 0.00 seconds
  Pass "DebugDXR" (rs)
    Target graphics API: d3d11
    Full variant space:         2
    After settings filtering:   2
    After built-in stripping:   2
    After scriptable stripping: 0
    Processed in 0.00 seconds
  Pass "PathTracingDXR" (rs)
    Target graphics API: d3d11
    Full variant space:         4
    After settings filtering:   4
    After built-in stripping:   4
    After scriptable stripping: 0
    Processed in 0.00 seconds
  Pass DepthForwardOnly (vp, d3d11) finished in 0.01 seconds. Local cache hits 1 (0.00s CPU time), remote cache hits 0 (0.00s CPU time), compiled 0 variants (0.00s CPU time), skipped 0 variants.
    Prepared data for serialisation in 0.00s
  Pass DepthForwardOnly (fp, d3d11) finished in 0.01 seconds. Local cache hits 2 (0.01s CPU time), remote cache hits 0 (0.00s CPU time), compiled 0 variants (0.00s CPU time), skipped 0 variants.
    Prepared data for serialisation in 0.00s
  Pass MotionVectors (vp, d3d11) finished in 0.01 seconds. Local cache hits 1 (0.01s CPU time), remote cache hits 0 (0.00s CPU time), compiled 0 variants (0.00s CPU time), skipped 0 variants.
    Prepared data for serialisation in 0.00s
  Pass MotionVectors (fp, d3d11) finished in 0.01 seconds. Local cache hits 2 (0.01s CPU time), remote cache hits 0 (0.00s CPU time), compiled 0 variants (0.00s CPU time), skipped 0 variants.
    Prepared data for serialisation in 0.00s
  Pass ForwardOnly (vp, d3d11) finished in 0.00 seconds. Local cache hits 1 (0.00s CPU time), remote cache hits 0 (0.00s CPU time), compiled 0 variants (0.00s CPU time), skipped 0 variants.
    Prepared data for serialisation in 0.00s
  Pass ForwardOnly (fp, d3d11) finished in 0.01 seconds. Local cache hits 2 (0.01s CPU time), remote cache hits 0 (0.00s CPU time), compiled 0 variants (0.00s CPU time), skipped 0 variants.
    Prepared data for serialisation in 0.00s
  Pass ShadowCaster (vp, d3d11) finished in 0.01 seconds. Local cache hits 1 (0.00s CPU time), remote cache hits 0 (0.00s CPU time), compiled 0 variants (0.00s CPU time), skipped 0 variants.
    Prepared data for serialisation in 0.00s
  Pass ShadowCaster (fp, d3d11) finished in 0.00 seconds. Local cache hits 2 (0.00s CPU time), remote cache hits 0 (0.00s CPU time), compiled 0 variants (0.00s CPU time), skipped 0 variants.
    Prepared data for serialisation in 0.00s
Serialized binary data for shader HDRP/Unlit in 0.00s
    d3d11 (total internal programs: 12, unique: 9)
Compiling shader "Hidden/HDRP/DebugViewTiles"
  Pass "" (vp)
    Target graphics API: d3d11
    Full variant space:         16
    After settings filtering:   16
    After built-in stripping:   16
    After scriptable stripping: 0
    Processed in 0.00 seconds
  Pass "" (fp)
    Target graphics API: d3d11
    Full variant space:         16
    After settings filtering:   16
    After built-in stripping:   16
    After scriptable stripping: 0
    Processed in 0.00 seconds
Serialized binary data for shader Hidden/HDRP/DebugViewTiles in 0.00s
    d3d11 (total internal programs: 0, unique: 0)
Compiling shader "Hidden/ScriptableRenderPipeline/ShadowBlit"
  Pass "BlitShadows" (vp)
    Target graphics API: d3d11
    Full variant space:         1
    After settings filtering:   1
    After built-in stripping:   1
    After scriptable stripping: 1
    Processed in 0.00 seconds
  Pass "BlitShadows" (fp)
    Target graphics API: d3d11
    Full variant space:         1
    After settings filtering:   1
    After built-in stripping:   1
    After scriptable stripping: 1
    Processed in 0.00 seconds
  Pass BlitShadows (vp, d3d11) finished in 0.01 seconds. Local cache hits 1 (0.01s CPU time), remote cache hits 0 (0.00s CPU time), compiled 0 variants (0.00s CPU time), skipped 0 variants.
    Prepared data for serialisation in 0.00s
  Pass BlitShadows (fp, d3d11) finished in 0.01 seconds. Local cache hits 1 (0.00s CPU time), remote cache hits 0 (0.00s CPU time), compiled 0 variants (0.00s CPU time), skipped 0 variants.
    Prepared data for serialisation in 0.00s
Serialized binary data for shader Hidden/ScriptableRenderPipeline/ShadowBlit in 0.00s
    d3d11 (total internal programs: 2, unique: 2)
Compiling shader "Hidden/HDRP/CustomPassRenderersUtils"
  Pass "DepthToColorPass" (vp)
    Target graphics API: d3d11
    Full variant space:         4
    After settings filtering:   4
    After built-in stripping:   1
    After scriptable stripping: 1
    Processed in 0.00 seconds
  Pass "DepthToColorPass" (fp)
    Target graphics API: d3d11
    Full variant space:         4
    After settings filtering:   4
    After built-in stripping:   1
    After scriptable stripping: 1
    Processed in 0.00 seconds
  Pass "DepthPass" (vp)
    Target graphics API: d3d11
    Full variant space:         4
    After settings filtering:   4
    After built-in stripping:   1
    After scriptable stripping: 1
    Processed in 0.00 seconds
  Pass "DepthPass" (fp)
    Target graphics API: d3d11
    Full variant space:         4
    After settings filtering:   4
    After built-in stripping:   1
    After scriptable stripping: 1
    Processed in 0.00 seconds
  Pass "NormalToColorPass" (vp)
    Target graphics API: d3d11
    Full variant space:         4
    After settings filtering:   4
    After built-in stripping:   1
    After scriptable stripping: 1
    Processed in 0.00 seconds
  Pass "NormalToColorPass" (fp)
    Target graphics API: d3d11
    Full variant space:         4
    After settings filtering:   4
    After built-in stripping:   1
    After scriptable stripping: 1
    Processed in 0.00 seconds
  Pass "TangentToColorPass" (vp)
    Target graphics API: d3d11
    Full variant space:         4
    After settings filtering:   4
    After built-in stripping:   1
    After scriptable stripping: 1
    Processed in 0.00 seconds
  Pass "TangentToColorPass" (fp)
    Target graphics API: d3d11
    Full variant space:         4
    After settings filtering:   4
    After built-in stripping:   1
    After scriptable stripping: 1
    Processed in 0.00 seconds
  Pass DepthToColorPass (vp, d3d11) finished in 0.01 seconds. Local cache hits 1 (0.01s CPU time), remote cache hits 0 (0.00s CPU time), compiled 0 variants (0.00s CPU time), skipped 0 variants.
    Prepared data for serialisation in 0.00s
  Pass DepthToColorPass (fp, d3d11) finished in 0.01 seconds. Local cache hits 1 (0.01s CPU time), remote cache hits 0 (0.00s CPU time), compiled 0 variants (0.00s CPU time), skipped 0 variants.
    Prepared data for serialisation in 0.00s
  Pass DepthPass (vp, d3d11) finished in 0.00 seconds. Local cache hits 1 (0.00s CPU time), remote cache hits 0 (0.00s CPU time), compiled 0 variants (0.00s CPU time), skipped 0 variants.
    Prepared data for serialisation in 0.00s
  Pass DepthPass (fp, d3d11) finished in 0.01 seconds. Local cache hits 1 (0.01s CPU time), remote cache hits 0 (0.00s CPU time), compiled 0 variants (0.00s CPU time), skipped 0 variants.
    Prepared data for serialisation in 0.00s
  Pass NormalToColorPass (vp, d3d11) finished in 0.00 seconds. Local cache hits 1 (0.00s CPU time), remote cache hits 0 (0.00s CPU time), compiled 0 variants (0.00s CPU time), skipped 0 variants.
    Prepared data for serialisation in 0.00s
  Pass NormalToColorPass (fp, d3d11) finished in 0.01 seconds. Local cache hits 1 (0.01s CPU time), remote cache hits 0 (0.00s CPU time), compiled 0 variants (0.00s CPU time), skipped 0 variants.
    Prepared data for serialisation in 0.00s
  Pass TangentToColorPass (vp, d3d11) finished in 0.00 seconds. Local cache hits 1 (0.00s CPU time), remote cache hits 0 (0.00s CPU time), compiled 0 variants (0.00s CPU time), skipped 0 variants.
    Prepared data for serialisation in 0.00s
  Pass TangentToColorPass (fp, d3d11) finished in 0.01 seconds. Local cache hits 1 (0.01s CPU time), remote cache hits 0 (0.00s CPU time), compiled 0 variants (0.00s CPU time), skipped 0 variants.
    Prepared data for serialisation in 0.00s
Serialized binary data for shader Hidden/HDRP/CustomPassRenderersUtils in 0.00s
    d3d11 (total internal programs: 8, unique: 5)
Compiling shader "Hidden/HDRP/DebugBlitQuad"
  Pass "" (vp)
    Target graphics API: d3d11
    Full variant space:         1
    After settings filtering:   1
    After built-in stripping:   1
    After scriptable stripping: 0
    Processed in 0.00 seconds
  Pass "" (fp)
    Target graphics API: d3d11
    Full variant space:         1
    After settings filtering:   1
    After built-in stripping:   1
    After scriptable stripping: 0
    Processed in 0.00 seconds
  Pass "" (vp)
    Target graphics API: d3d11
    Full variant space:         1
    After settings filtering:   1
    After built-in stripping:   1
    After scriptable stripping: 0
    Processed in 0.00 seconds
  Pass "" (fp)
    Target graphics API: d3d11
    Full variant space:         1
    After settings filtering:   1
    After built-in stripping:   1
    After scriptable stripping: 0
    Processed in 0.00 seconds
Serialized binary data for shader Hidden/HDRP/DebugBlitQuad in 0.00s
    d3d11 (total internal programs: 0, unique: 0)
Compiling shader "Hidden/BlitCubemap"
  Pass "" (vp)
    Target graphics API: d3d11
    Full variant space:         1
    After settings filtering:   1
    After built-in stripping:   1
    After scriptable stripping: 1
    Processed in 0.00 seconds
  Pass "" (fp)
    Target graphics API: d3d11
    Full variant space:         1
    After settings filtering:   1
    After built-in stripping:   1
    After scriptable stripping: 1
    Processed in 0.00 seconds
  Pass  (vp, d3d11) finished in 0.01 seconds. Local cache hits 1 (0.01s CPU time), remote cache hits 0 (0.00s CPU time), compiled 0 variants (0.00s CPU time), skipped 0 variants.
    Prepared data for serialisation in 0.00s
  Pass  (fp, d3d11) finished in 0.01 seconds. Local cache hits 1 (0.00s CPU time), remote cache hits 0 (0.00s CPU time), compiled 0 variants (0.00s CPU time), skipped 0 variants.
    Prepared data for serialisation in 0.00s
Serialized binary data for shader Hidden/BlitCubemap in 0.00s
    d3d11 (total internal programs: 2, unique: 2)
Compiling shader "Hidden/HDRP/PreIntegratedFGD_Ward"
  Pass "" (vp)
    Target graphics API: d3d11
    Full variant space:         1
    After settings filtering:   1
    After built-in stripping:   1
    After scriptable stripping: 1
    Processed in 0.00 seconds
  Pass "" (fp)
    Target graphics API: d3d11
    Full variant space:         1
    After settings filtering:   1
    After built-in stripping:   1
    After scriptable stripping: 1
    Processed in 0.00 seconds
  Pass  (vp, d3d11) finished in 0.00 seconds. Local cache hits 1 (0.00s CPU time), remote cache hits 0 (0.00s CPU time), compiled 0 variants (0.00s CPU time), skipped 0 variants.
    Prepared data for serialisation in 0.00s
  Pass  (fp, d3d11) finished in 0.01 seconds. Local cache hits 1 (0.01s CPU time), remote cache hits 0 (0.00s CPU time), compiled 0 variants (0.00s CPU time), skipped 0 variants.
    Prepared data for serialisation in 0.00s
Serialized binary data for shader Hidden/HDRP/PreIntegratedFGD_Ward in 0.00s
    d3d11 (total internal programs: 2, unique: 2)
Compiling shader "Hidden/SRP/BlitCubeTextureFace"
  Pass "" (vp)
    Target graphics API: d3d11
    Full variant space:         1
    After settings filtering:   1
    After built-in stripping:   1
    After scriptable stripping: 1
    Processed in 0.00 seconds
  Pass "" (fp)
    Target graphics API: d3d11
    Full variant space:         1
    After settings filtering:   1
    After built-in stripping:   1
    After scriptable stripping: 1
    Processed in 0.00 seconds
  Pass  (vp, d3d11) finished in 0.01 seconds. Local cache hits 1 (0.01s CPU time), remote cache hits 0 (0.00s CPU time), compiled 0 variants (0.00s CPU time), skipped 0 variants.
    Prepared data for serialisation in 0.00s
  Pass  (fp, d3d11) finished in 0.01 seconds. Local cache hits 1 (0.01s CPU time), remote cache hits 0 (0.00s CPU time), compiled 0 variants (0.00s CPU time), skipped 0 variants.
    Prepared data for serialisation in 0.00s
Serialized binary data for shader Hidden/SRP/BlitCubeTextureFace in 0.00s
    d3d11 (total internal programs: 2, unique: 2)
Compiling shader "Hidden/Shader Graph/FallbackError"
  Pass "" (vp)
    Target graphics API: d3d11
    Full variant space:         4
    After settings filtering:   4
    After built-in stripping:   1
    After scriptable stripping: 1
    Processed in 0.00 seconds
  Pass "" (fp)
    Target graphics API: d3d11
    Full variant space:         4
    After settings filtering:   4
    After built-in stripping:   1
    After scriptable stripping: 1
    Processed in 0.00 seconds
  Pass  (vp, d3d11) finished in 0.01 seconds. Local cache hits 1 (0.01s CPU time), remote cache hits 0 (0.00s CPU time), compiled 0 variants (0.00s CPU time), skipped 0 variants.
    Prepared data for serialisation in 0.00s
  Pass  (fp, d3d11) finished in 0.01 seconds. Local cache hits 1 (0.00s CPU time), remote cache hits 0 (0.00s CPU time), compiled 0 variants (0.00s CPU time), skipped 0 variants.
    Prepared data for serialisation in 0.00s
Serialized binary data for shader Hidden/Shader Graph/FallbackError in 0.00s
    d3d11 (total internal programs: 2, unique: 2)
Compiling shader "Hidden/Core/ProbeVolumeOffsetDebug"
  Pass "ForwardOnly" (vp)
    Target graphics API: d3d11
    Full variant space:         2
    After settings filtering:   2
    After built-in stripping:   1
    After scriptable stripping: 1
    Processed in 0.00 seconds
  Pass "ForwardOnly" (fp)
    Target graphics API: d3d11
    Full variant space:         6
    After settings filtering:   6
    After built-in stripping:   3
    After scriptable stripping: 2
    Processed in 0.00 seconds
  Pass ForwardOnly (vp, d3d11) finished in 0.01 seconds. Local cache hits 1 (0.01s CPU time), remote cache hits 0 (0.00s CPU time), compiled 0 variants (0.00s CPU time), skipped 0 variants.
    Prepared data for serialisation in 0.00s
  Pass ForwardOnly (fp, d3d11) finished in 0.01 seconds. Local cache hits 2 (0.01s CPU time), remote cache hits 0 (0.00s CPU time), compiled 0 variants (0.00s CPU time), skipped 0 variants.
    Prepared data for serialisation in 0.00s
Serialized binary data for shader Hidden/Core/ProbeVolumeOffsetDebug in 0.00s
    d3d11 (total internal programs: 3, unique: 3)
Compiling shader "Hidden/HDRP/ColorResolve"
  Pass "MSAA1X" (vp)
    Target graphics API: d3d11
    Full variant space:         1
    After settings filtering:   1
    After built-in stripping:   1
    After scriptable stripping: 1
    Processed in 0.00 seconds
  Pass "MSAA1X" (fp)
    Target graphics API: d3d11
    Full variant space:         1
    After settings filtering:   1
    After built-in stripping:   1
    After scriptable stripping: 1
    Processed in 0.00 seconds
  Pass "MSAA2X" (vp)
    Target graphics API: d3d11
    Full variant space:         1
    After settings filtering:   1
    After built-in stripping:   1
    After scriptable stripping: 1
    Processed in 0.00 seconds
  Pass "MSAA2X" (fp)
    Target graphics API: d3d11
    Full variant space:         1
    After settings filtering:   1
    After built-in stripping:   1
    After scriptable stripping: 1
    Processed in 0.00 seconds
  Pass "MSAA4X" (vp)
    Target graphics API: d3d11
    Full variant space:         1
    After settings filtering:   1
    After built-in stripping:   1
    After scriptable stripping: 1
    Processed in 0.00 seconds
  Pass "MSAA4X" (fp)
    Target graphics API: d3d11
    Full variant space:         1
    After settings filtering:   1
    After built-in stripping:   1
    After scriptable stripping: 1
    Processed in 0.00 seconds
  Pass "MSAA8X" (vp)
    Target graphics API: d3d11
    Full variant space:         1
    After settings filtering:   1
    After built-in stripping:   1
    After scriptable stripping: 1
    Processed in 0.00 seconds
  Pass "MSAA8X" (fp)
    Target graphics API: d3d11
    Full variant space:         1
    After settings filtering:   1
    After built-in stripping:   1
    After scriptable stripping: 1
    Processed in 0.00 seconds
  Pass MSAA1X (vp, d3d11) finished in 0.00 seconds. Local cache hits 1 (0.00s CPU time), remote cache hits 0 (0.00s CPU time), compiled 0 variants (0.00s CPU time), skipped 0 variants.
    Prepared data for serialisation in 0.00s
  Pass MSAA1X (fp, d3d11) finished in 0.00 seconds. Local cache hits 1 (0.00s CPU time), remote cache hits 0 (0.00s CPU time), compiled 0 variants (0.00s CPU time), skipped 0 variants.
    Prepared data for serialisation in 0.00s
  Pass MSAA2X (vp, d3d11) finished in 0.00 seconds. Local cache hits 1 (0.00s CPU time), remote cache hits 0 (0.00s CPU time), compiled 0 variants (0.00s CPU time), skipped 0 variants.
    Prepared data for serialisation in 0.00s
  Pass MSAA2X (fp, d3d11) finished in 0.01 seconds. Local cache hits 1 (0.01s CPU time), remote cache hits 0 (0.00s CPU time), compiled 0 variants (0.00s CPU time), skipped 0 variants.
    Prepared data for serialisation in 0.00s
  Pass MSAA4X (vp, d3d11) finished in 0.00 seconds. Local cache hits 1 (0.00s CPU time), remote cache hits 0 (0.00s CPU time), compiled 0 variants (0.00s CPU time), skipped 0 variants.
    Prepared data for serialisation in 0.00s
  Pass MSAA4X (fp, d3d11) finished in 0.01 seconds. Local cache hits 1 (0.01s CPU time), remote cache hits 0 (0.00s CPU time), compiled 0 variants (0.00s CPU time), skipped 0 variants.
    Prepared data for serialisation in 0.00s
  Pass MSAA8X (vp, d3d11) finished in 0.00 seconds. Local cache hits 1 (0.00s CPU time), remote cache hits 0 (0.00s CPU time), compiled 0 variants (0.00s CPU time), skipped 0 variants.
    Prepared data for serialisation in 0.00s
  Pass MSAA8X (fp, d3d11) finished in 0.00 seconds. Local cache hits 1 (0.00s CPU time), remote cache hits 0 (0.00s CPU time), compiled 0 variants (0.00s CPU time), skipped 0 variants.
    Prepared data for serialisation in 0.00s
Serialized binary data for shader Hidden/HDRP/ColorResolve in 0.00s
    d3d11 (total internal programs: 8, unique: 5)
Compiling shader "Hidden/HDRP/Blit"
  Pass "Nearest" (vp)
    Target graphics API: d3d11
    Full variant space:         4
    After settings filtering:   4
    After built-in stripping:   4
    After scriptable stripping: 4
    Processed in 0.00 seconds
  Pass "Nearest" (fp)
    Target graphics API: d3d11
    Full variant space:         4
    After settings filtering:   4
    After built-in stripping:   4
    After scriptable stripping: 4
    Processed in 0.00 seconds
  Pass "Bilinear" (vp)
    Target graphics API: d3d11
    Full variant space:         4
    After settings filtering:   4
    After built-in stripping:   4
    After scriptable stripping: 4
    Processed in 0.00 seconds
  Pass "Bilinear" (fp)
    Target graphics API: d3d11
    Full variant space:         4
    After settings filtering:   4
    After built-in stripping:   4
    After scriptable stripping: 4
    Processed in 0.00 seconds
  Pass "NearestQuad" (vp)
    Target graphics API: d3d11
    Full variant space:         4
    After settings filtering:   4
    After built-in stripping:   4
    After scriptable stripping: 4
    Processed in 0.00 seconds
  Pass "NearestQuad" (fp)
    Target graphics API: d3d11
    Full variant space:         4
    After settings filtering:   4
    After built-in stripping:   4
    After scriptable stripping: 4
    Processed in 0.00 seconds
  Pass "BilinearQuad" (vp)
    Target graphics API: d3d11
    Full variant space:         4
    After settings filtering:   4
    After built-in stripping:   4
    After scriptable stripping: 4
    Processed in 0.00 seconds
  Pass "BilinearQuad" (fp)
    Target graphics API: d3d11
    Full variant space:         4
    After settings filtering:   4
    After built-in stripping:   4
    After scriptable stripping: 4
    Processed in 0.00 seconds
  Pass "NearestQuadPadding" (vp)
    Target graphics API: d3d11
    Full variant space:         4
    After settings filtering:   4
    After built-in stripping:   4
    After scriptable stripping: 4
    Processed in 0.00 seconds
  Pass "NearestQuadPadding" (fp)
    Target graphics API: d3d11
    Full variant space:         4
    After settings filtering:   4
    After built-in stripping:   4
    After scriptable stripping: 4
    Processed in 0.00 seconds
  Pass "BilinearQuadPadding" (vp)
    Target graphics API: d3d11
    Full variant space:         4
    After settings filtering:   4
    After built-in stripping:   4
    After scriptable stripping: 4
    Processed in 0.00 seconds
  Pass "BilinearQuadPadding" (fp)
    Target graphics API: d3d11
    Full variant space:         4
    After settings filtering:   4
    After built-in stripping:   4
    After scriptable stripping: 4
    Processed in 0.00 seconds
  Pass "NearestQuadPaddingRepeat" (vp)
    Target graphics API: d3d11
    Full variant space:         4
    After settings filtering:   4
    After built-in stripping:   4
    After scriptable stripping: 4
    Processed in 0.00 seconds
  Pass "NearestQuadPaddingRepeat" (fp)
    Target graphics API: d3d11
    Full variant space:         4
    After settings filtering:   4
    After built-in stripping:   4
    After scriptable stripping: 4
    Processed in 0.00 seconds
  Pass "BilinearQuadPaddingRepeat" (vp)
    Target graphics API: d3d11
    Full variant space:         4
    After settings filtering:   4
    After built-in stripping:   4
    After scriptable stripping: 4
    Processed in 0.00 seconds
  Pass "BilinearQuadPaddingRepeat" (fp)
    Target graphics API: d3d11
    Full variant space:         4
    After settings filtering:   4
    After built-in stripping:   4
    After scriptable stripping: 4
    Processed in 0.00 seconds
  Pass "BilinearQuadPaddingOctahedral" (vp)
    Target graphics API: d3d11
    Full variant space:         4
    After settings filtering:   4
    After built-in stripping:   4
    After scriptable stripping: 4
    Processed in 0.00 seconds
  Pass "BilinearQuadPaddingOctahedral" (fp)
    Target graphics API: d3d11
    Full variant space:         4
    After settings filtering:   4
    After built-in stripping:   4
    After scriptable stripping: 4
    Processed in 0.00 seconds
  Pass "NearestQuadPaddingAlphaBlend" (vp)
    Target graphics API: d3d11
    Full variant space:         4
    After settings filtering:   4
    After built-in stripping:   4
    After scriptable stripping: 4
    Processed in 0.00 seconds
  Pass "NearestQuadPaddingAlphaBlend" (fp)
    Target graphics API: d3d11
    Full variant space:         4
    After settings filtering:   4
    After built-in stripping:   4
    After scriptable stripping: 4
    Processed in 0.00 seconds
  Pass "BilinearQuadPaddingAlphaBlend" (vp)
    Target graphics API: d3d11
    Full variant space:         4
    After settings filtering:   4
    After built-in stripping:   4
    After scriptable stripping: 4
    Processed in 0.00 seconds
  Pass "BilinearQuadPaddingAlphaBlend" (fp)
    Target graphics API: d3d11
    Full variant space:         4
    After settings filtering:   4
    After built-in stripping:   4
    After scriptable stripping: 4
    Processed in 0.00 seconds
  Pass "NearestQuadPaddingAlphaBlendRepeat" (vp)
    Target graphics API: d3d11
    Full variant space:         4
    After settings filtering:   4
    After built-in stripping:   4
    After scriptable stripping: 4
    Processed in 0.00 seconds
  Pass "NearestQuadPaddingAlphaBlendRepeat" (fp)
    Target graphics API: d3d11
    Full variant space:         4
    After settings filtering:   4
    After built-in stripping:   4
    After scriptable stripping: 4
    Processed in 0.00 seconds
  Pass "BilinearQuadPaddingAlphaBlendRepeat" (vp)
    Target graphics API: d3d11
    Full variant space:         4
    After settings filtering:   4
    After built-in stripping:   4
    After scriptable stripping: 4
    Processed in 0.00 seconds
  Pass "BilinearQuadPaddingAlphaBlendRepeat" (fp)
    Target graphics API: d3d11
    Full variant space:         4
    After settings filtering:   4
    After built-in stripping:   4
    After scriptable stripping: 4
    Processed in 0.00 seconds
  Pass "BilinearQuadPaddingAlphaBlendOctahedral" (vp)
    Target graphics API: d3d11
    Full variant space:         4
    After settings filtering:   4
    After built-in stripping:   4
    After scriptable stripping: 4
    Processed in 0.00 seconds
  Pass "BilinearQuadPaddingAlphaBlendOctahedral" (fp)
    Target graphics API: d3d11
    Full variant space:         4
    After settings filtering:   4
    After built-in stripping:   4
    After scriptable stripping: 4
    Processed in 0.00 seconds
  Pass "CubeToOctahedral" (vp)
    Target graphics API: d3d11
    Full variant space:         4
    After settings filtering:   4
    After built-in stripping:   4
    After scriptable stripping: 4
    Processed in 0.00 seconds
  Pass "CubeToOctahedral" (fp)
    Target graphics API: d3d11
    Full variant space:         4
    After settings filtering:   4
    After built-in stripping:   4
    After scriptable stripping: 4
    Processed in 0.00 seconds
  Pass "CubeToOctahedralLuminance" (vp)
    Target graphics API: d3d11
    Full variant space:         4
    After settings filtering:   4
    After built-in stripping:   4
    After scriptable stripping: 4
    Processed in 0.00 seconds
  Pass "CubeToOctahedralLuminance" (fp)
    Target graphics API: d3d11
    Full variant space:         4
    After settings filtering:   4
    After built-in stripping:   4
    After scriptable stripping: 4
    Processed in 0.00 seconds
  Pass "CubeToOctahedralAlpha" (vp)
    Target graphics API: d3d11
    Full variant space:         4
    After settings filtering:   4
    After built-in stripping:   4
    After scriptable stripping: 4
    Processed in 0.00 seconds
  Pass "CubeToOctahedralAlpha" (fp)
    Target graphics API: d3d11
    Full variant space:         4
    After settings filtering:   4
    After built-in stripping:   4
    After scriptable stripping: 4
    Processed in 0.00 seconds
  Pass "CubeToOctahedralRed" (vp)
    Target graphics API: d3d11
    Full variant space:         4
    After settings filtering:   4
    After built-in stripping:   4
    After scriptable stripping: 4
    Processed in 0.00 seconds
  Pass "CubeToOctahedralRed" (fp)
    Target graphics API: d3d11
    Full variant space:         4
    After settings filtering:   4
    After built-in stripping:   4
    After scriptable stripping: 4
    Processed in 0.00 seconds
  Pass "BilinearQuadLuminance" (vp)
    Target graphics API: d3d11
    Full variant space:         4
    After settings filtering:   4
    After built-in stripping:   4
    After scriptable stripping: 4
    Processed in 0.00 seconds
  Pass "BilinearQuadLuminance" (fp)
    Target graphics API: d3d11
    Full variant space:         4
    After settings filtering:   4
    After built-in stripping:   4
    After scriptable stripping: 4
    Processed in 0.00 seconds
  Pass "BilinearQuadAlpha" (vp)
    Target graphics API: d3d11
    Full variant space:         4
    After settings filtering:   4
    After built-in stripping:   4
    After scriptable stripping: 4
    Processed in 0.00 seconds
  Pass "BilinearQuadAlpha" (fp)
    Target graphics API: d3d11
    Full variant space:         4
    After settings filtering:   4
    After built-in stripping:   4
    After scriptable stripping: 4
    Processed in 0.00 seconds
  Pass "BilinearQuadRed" (vp)
    Target graphics API: d3d11
    Full variant space:         4
    After settings filtering:   4
    After built-in stripping:   4
    After scriptable stripping: 4
    Processed in 0.00 seconds
  Pass "BilinearQuadRed" (fp)
    Target graphics API: d3d11
    Full variant space:         4
    After settings filtering:   4
    After built-in stripping:   4
    After scriptable stripping: 4
    Processed in 0.00 seconds
  Pass "NearestCubeToOctahedralPadding" (vp)
    Target graphics API: d3d11
    Full variant space:         8
    After settings filtering:   8
    After built-in stripping:   8
    After scriptable stripping: 8
    Processed in 0.00 seconds
  Pass "NearestCubeToOctahedralPadding" (fp)
    Target graphics API: d3d11
    Full variant space:         8
    After settings filtering:   8
    After built-in stripping:   8
    After scriptable stripping: 8
    Processed in 0.00 seconds
  Pass "BilinearCubeToOctahedralPadding" (vp)
    Target graphics API: d3d11
    Full variant space:         8
    After settings filtering:   8
    After built-in stripping:   8
    After scriptable stripping: 8
    Processed in 0.00 seconds
  Pass "BilinearCubeToOctahedralPadding" (fp)
    Target graphics API: d3d11
    Full variant space:         8
    After settings filtering:   8
    After built-in stripping:   8
    After scriptable stripping: 8
    Processed in 0.00 seconds
  Pass "NearestQuadPaddingOctahedral" (vp)
    Target graphics API: d3d11
    Full variant space:         4
    After settings filtering:   4
    After built-in stripping:   4
    After scriptable stripping: 4
    Processed in 0.00 seconds
  Pass "NearestQuadPaddingOctahedral" (fp)
    Target graphics API: d3d11
    Full variant space:         4
    After settings filtering:   4
    After built-in stripping:   4
    After scriptable stripping: 4
    Processed in 0.00 seconds
  Pass "NearestQuadPaddingAlphaBlendOctahedral" (vp)
    Target graphics API: d3d11
    Full variant space:         4
    After settings filtering:   4
    After built-in stripping:   4
    After scriptable stripping: 4
    Processed in 0.00 seconds
  Pass "NearestQuadPaddingAlphaBlendOctahedral" (fp)
    Target graphics API: d3d11
    Full variant space:         4
    After settings filtering:   4
    After built-in stripping:   4
    After scriptable stripping: 4
    Processed in 0.00 seconds
  Pass Nearest (vp, d3d11) finished in 0.03 seconds. Local cache hits 4 (0.03s CPU time), remote cache hits 0 (0.00s CPU time), compiled 0 variants (0.00s CPU time), skipped 0 variants.
    Prepared data for serialisation in 0.00s
  Pass Nearest (fp, d3d11) finished in 0.02 seconds. Local cache hits 4 (0.02s CPU time), remote cache hits 0 (0.00s CPU time), compiled 0 variants (0.00s CPU time), skipped 0 variants.
    Prepared data for serialisation in 0.00s
  Pass Bilinear (vp, d3d11) finished in 0.01 seconds. Local cache hits 4 (0.00s CPU time), remote cache hits 0 (0.00s CPU time), compiled 0 variants (0.00s CPU time), skipped 0 variants.
    Prepared data for serialisation in 0.00s
  Pass Bilinear (fp, d3d11) finished in 0.01 seconds. Local cache hits 4 (0.02s CPU time), remote cache hits 0 (0.00s CPU time), compiled 0 variants (0.00s CPU time), skipped 0 variants.
    Prepared data for serialisation in 0.00s
  Pass NearestQuad (vp, d3d11) finished in 0.01 seconds. Local cache hits 4 (0.02s CPU time), remote cache hits 0 (0.00s CPU time), compiled 0 variants (0.00s CPU time), skipped 0 variants.
    Prepared data for serialisation in 0.00s
  Pass NearestQuad (fp, d3d11) finished in 0.00 seconds. Local cache hits 4 (0.01s CPU time), remote cache hits 0 (0.00s CPU time), compiled 0 variants (0.00s CPU time), skipped 0 variants.
    Prepared data for serialisation in 0.00s
  Pass BilinearQuad (vp, d3d11) finished in 0.00 seconds. Local cache hits 4 (0.01s CPU time), remote cache hits 0 (0.00s CPU time), compiled 0 variants (0.00s CPU time), skipped 0 variants.
    Prepared data for serialisation in 0.00s
  Pass BilinearQuad (fp, d3d11) finished in 0.00 seconds. Local cache hits 4 (0.01s CPU time), remote cache hits 0 (0.00s CPU time), compiled 0 variants (0.00s CPU time), skipped 0 variants.
    Prepared data for serialisation in 0.00s
  Pass NearestQuadPadding (vp, d3d11) finished in 0.01 seconds. Local cache hits 4 (0.03s CPU time), remote cache hits 0 (0.00s CPU time), compiled 0 variants (0.00s CPU time), skipped 0 variants.
    Prepared data for serialisation in 0.00s
  Pass NearestQuadPadding (fp, d3d11) finished in 0.00 seconds. Local cache hits 4 (0.00s CPU time), remote cache hits 0 (0.00s CPU time), compiled 0 variants (0.00s CPU time), skipped 0 variants.
    Prepared data for serialisation in 0.00s
  Pass BilinearQuadPadding (vp, d3d11) finished in 0.00 seconds. Local cache hits 4 (0.01s CPU time), remote cache hits 0 (0.00s CPU time), compiled 0 variants (0.00s CPU time), skipped 0 variants.
    Prepared data for serialisation in 0.00s
  Pass BilinearQuadPadding (fp, d3d11) finished in 0.00 seconds. Local cache hits 4 (0.01s CPU time), remote cache hits 0 (0.00s CPU time), compiled 0 variants (0.00s CPU time), skipped 0 variants.
    Prepared data for serialisation in 0.00s
  Pass NearestQuadPaddingRepeat (vp, d3d11) finished in 0.00 seconds. Local cache hits 4 (0.00s CPU time), remote cache hits 0 (0.00s CPU time), compiled 0 variants (0.00s CPU time), skipped 0 variants.
    Prepared data for serialisation in 0.00s
  Pass NearestQuadPaddingRepeat (fp, d3d11) finished in 0.01 seconds. Local cache hits 4 (0.02s CPU time), remote cache hits 0 (0.00s CPU time), compiled 0 variants (0.00s CPU time), skipped 0 variants.
    Prepared data for serialisation in 0.00s
  Pass BilinearQuadPaddingRepeat (vp, d3d11) finished in 0.01 seconds. Local cache hits 4 (0.01s CPU time), remote cache hits 0 (0.00s CPU time), compiled 0 variants (0.00s CPU time), skipped 0 variants.
    Prepared data for serialisation in 0.00s
  Pass BilinearQuadPaddingRepeat (fp, d3d11) finished in 0.01 seconds. Local cache hits 4 (0.03s CPU time), remote cache hits 0 (0.00s CPU time), compiled 0 variants (0.00s CPU time), skipped 0 variants.
    Prepared data for serialisation in 0.00s
  Pass BilinearQuadPaddingOctahedral (vp, d3d11) finished in 0.01 seconds. Local cache hits 4 (0.01s CPU time), remote cache hits 0 (0.00s CPU time), compiled 0 variants (0.00s CPU time), skipped 0 variants.
    Prepared data for serialisation in 0.00s
  Pass BilinearQuadPaddingOctahedral (fp, d3d11) finished in 0.01 seconds. Local cache hits 4 (0.02s CPU time), remote cache hits 0 (0.00s CPU time), compiled 0 variants (0.00s CPU time), skipped 0 variants.
    Prepared data for serialisation in 0.00s
  Pass NearestQuadPaddingAlphaBlend (vp, d3d11) finished in 0.00 seconds. Local cache hits 4 (0.00s CPU time), remote cache hits 0 (0.00s CPU time), compiled 0 variants (0.00s CPU time), skipped 0 variants.
    Prepared data for serialisation in 0.00s
  Pass NearestQuadPaddingAlphaBlend (fp, d3d11) finished in 0.00 seconds. Local cache hits 4 (0.01s CPU time), remote cache hits 0 (0.00s CPU time), compiled 0 variants (0.00s CPU time), skipped 0 variants.
    Prepared data for serialisation in 0.00s
  Pass BilinearQuadPaddingAlphaBlend (vp, d3d11) finished in 0.00 seconds. Local cache hits 4 (0.00s CPU time), remote cache hits 0 (0.00s CPU time), compiled 0 variants (0.00s CPU time), skipped 0 variants.
    Prepared data for serialisation in 0.00s
  Pass BilinearQuadPaddingAlphaBlend (fp, d3d11) finished in 0.00 seconds. Local cache hits 4 (0.00s CPU time), remote cache hits 0 (0.00s CPU time), compiled 0 variants (0.00s CPU time), skipped 0 variants.
    Prepared data for serialisation in 0.00s
  Pass NearestQuadPaddingAlphaBlendRepeat (vp, d3d11) finished in 0.00 seconds. Local cache hits 4 (0.00s CPU time), remote cache hits 0 (0.00s CPU time), compiled 0 variants (0.00s CPU time), skipped 0 variants.
    Prepared data for serialisation in 0.00s
  Pass NearestQuadPaddingAlphaBlendRepeat (fp, d3d11) finished in 0.00 seconds. Local cache hits 4 (0.01s CPU time), remote cache hits 0 (0.00s CPU time), compiled 0 variants (0.00s CPU time), skipped 0 variants.
    Prepared data for serialisation in 0.00s
  Pass BilinearQuadPaddingAlphaBlendRepeat (vp, d3d11) finished in 0.00 seconds. Local cache hits 4 (0.01s CPU time), remote cache hits 0 (0.00s CPU time), compiled 0 variants (0.00s CPU time), skipped 0 variants.
    Prepared data for serialisation in 0.00s
  Pass BilinearQuadPaddingAlphaBlendRepeat (fp, d3d11) finished in 0.00 seconds. Local cache hits 4 (0.01s CPU time), remote cache hits 0 (0.00s CPU time), compiled 0 variants (0.00s CPU time), skipped 0 variants.
    Prepared data for serialisation in 0.00s
  Pass BilinearQuadPaddingAlphaBlendOctahedral (vp, d3d11) finished in 0.00 seconds. Local cache hits 4 (0.00s CPU time), remote cache hits 0 (0.00s CPU time), compiled 0 variants (0.00s CPU time), skipped 0 variants.
    Prepared data for serialisation in 0.00s
  Pass BilinearQuadPaddingAlphaBlendOctahedral (fp, d3d11) finished in 0.00 seconds. Local cache hits 4 (0.01s CPU time), remote cache hits 0 (0.00s CPU time), compiled 0 variants (0.00s CPU time), skipped 0 variants.
    Prepared data for serialisation in 0.00s
  Pass CubeToOctahedral (vp, d3d11) finished in 0.00 seconds. Local cache hits 4 (0.01s CPU time), remote cache hits 0 (0.00s CPU time), compiled 0 variants (0.00s CPU time), skipped 0 variants.
    Prepared data for serialisation in 0.00s
  Pass CubeToOctahedral (fp, d3d11) finished in 0.01 seconds. Local cache hits 4 (0.03s CPU time), remote cache hits 0 (0.00s CPU time), compiled 0 variants (0.00s CPU time), skipped 0 variants.
    Prepared data for serialisation in 0.00s
  Pass CubeToOctahedralLuminance (vp, d3d11) finished in 0.01 seconds. Local cache hits 4 (0.01s CPU time), remote cache hits 0 (0.00s CPU time), compiled 0 variants (0.00s CPU time), skipped 0 variants.
    Prepared data for serialisation in 0.00s
  Pass CubeToOctahedralLuminance (fp, d3d11) finished in 0.02 seconds. Local cache hits 4 (0.03s CPU time), remote cache hits 0 (0.00s CPU time), compiled 0 variants (0.00s CPU time), skipped 0 variants.
    Prepared data for serialisation in 0.00s
  Pass CubeToOctahedralAlpha (vp, d3d11) finished in 0.01 seconds. Local cache hits 4 (0.01s CPU time), remote cache hits 0 (0.00s CPU time), compiled 0 variants (0.00s CPU time), skipped 0 variants.
    Prepared data for serialisation in 0.00s
  Pass CubeToOctahedralAlpha (fp, d3d11) finished in 0.02 seconds. Local cache hits 4 (0.03s CPU time), remote cache hits 0 (0.00s CPU time), compiled 0 variants (0.00s CPU time), skipped 0 variants.
    Prepared data for serialisation in 0.00s
  Pass CubeToOctahedralRed (vp, d3d11) finished in 0.00 seconds. Local cache hits 4 (0.00s CPU time), remote cache hits 0 (0.00s CPU time), compiled 0 variants (0.00s CPU time), skipped 0 variants.
    Prepared data for serialisation in 0.00s
  Pass CubeToOctahedralRed (fp, d3d11) finished in 0.01 seconds. Local cache hits 4 (0.03s CPU time), remote cache hits 0 (0.00s CPU time), compiled 0 variants (0.00s CPU time), skipped 0 variants.
    Prepared data for serialisation in 0.00s
  Pass BilinearQuadLuminance (vp, d3d11) finished in 0.01 seconds. Local cache hits 4 (0.00s CPU time), remote cache hits 0 (0.00s CPU time), compiled 0 variants (0.00s CPU time), skipped 0 variants.
    Prepared data for serialisation in 0.00s
  Pass BilinearQuadLuminance (fp, d3d11) finished in 0.01 seconds. Local cache hits 4 (0.02s CPU time), remote cache hits 0 (0.00s CPU time), compiled 0 variants (0.00s CPU time), skipped 0 variants.
    Prepared data for serialisation in 0.00s
  Pass BilinearQuadAlpha (vp, d3d11) finished in 0.00 seconds. Local cache hits 4 (0.01s CPU time), remote cache hits 0 (0.00s CPU time), compiled 0 variants (0.00s CPU time), skipped 0 variants.
    Prepared data for serialisation in 0.00s
  Pass BilinearQuadAlpha (fp, d3d11) finished in 0.01 seconds. Local cache hits 4 (0.03s CPU time), remote cache hits 0 (0.00s CPU time), compiled 0 variants (0.00s CPU time), skipped 0 variants.
    Prepared data for serialisation in 0.00s
  Pass BilinearQuadRed (vp, d3d11) finished in 0.01 seconds. Local cache hits 4 (0.00s CPU time), remote cache hits 0 (0.00s CPU time), compiled 0 variants (0.00s CPU time), skipped 0 variants.
    Prepared data for serialisation in 0.00s
  Pass BilinearQuadRed (fp, d3d11) finished in 0.01 seconds. Local cache hits 4 (0.02s CPU time), remote cache hits 0 (0.00s CPU time), compiled 0 variants (0.00s CPU time), skipped 0 variants.
    Prepared data for serialisation in 0.00s
  Pass NearestCubeToOctahedralPadding (vp, d3d11) finished in 0.01 seconds. Local cache hits 8 (0.03s CPU time), remote cache hits 0 (0.00s CPU time), compiled 0 variants (0.00s CPU time), skipped 0 variants.
    Prepared data for serialisation in 0.00s
  Pass NearestCubeToOctahedralPadding (fp, d3d11) finished in 0.02 seconds. Local cache hits 8 (0.05s CPU time), remote cache hits 0 (0.00s CPU time), compiled 0 variants (0.00s CPU time), skipped 0 variants.
    Prepared data for serialisation in 0.00s
  Pass BilinearCubeToOctahedralPadding (vp, d3d11) finished in 0.00 seconds. Local cache hits 8 (0.01s CPU time), remote cache hits 0 (0.00s CPU time), compiled 0 variants (0.00s CPU time), skipped 0 variants.
    Prepared data for serialisation in 0.00s
  Pass BilinearCubeToOctahedralPadding (fp, d3d11) finished in 0.02 seconds. Local cache hits 8 (0.04s CPU time), remote cache hits 0 (0.00s CPU time), compiled 0 variants (0.00s CPU time), skipped 0 variants.
    Prepared data for serialisation in 0.00s
  Pass NearestQuadPaddingOctahedral (vp, d3d11) finished in 0.01 seconds. Local cache hits 4 (0.01s CPU time), remote cache hits 0 (0.00s CPU time), compiled 0 variants (0.00s CPU time), skipped 0 variants.
    Prepared data for serialisation in 0.00s
  Pass NearestQuadPaddingOctahedral (fp, d3d11) finished in 0.01 seconds. Local cache hits 4 (0.02s CPU time), remote cache hits 0 (0.00s CPU time), compiled 0 variants (0.00s CPU time), skipped 0 variants.
    Prepared data for serialisation in 0.00s
  Pass NearestQuadPaddingAlphaBlendOctahedral (vp, d3d11) finished in 0.01 seconds. Local cache hits 4 (0.00s CPU time), remote cache hits 0 (0.00s CPU time), compiled 0 variants (0.00s CPU time), skipped 0 variants.
    Prepared data for serialisation in 0.00s
  Pass NearestQuadPaddingAlphaBlendOctahedral (fp, d3d11) finished in 0.00 seconds. Local cache hits 4 (0.00s CPU time), remote cache hits 0 (0.00s CPU time), compiled 0 variants (0.00s CPU time), skipped 0 variants.
    Prepared data for serialisation in 0.00s
Serialized binary data for shader Hidden/HDRP/Blit in 0.00s
    d3d11 (total internal programs: 216, unique: 61)
Compiling shader "Hidden/ScriptableRenderPipeline/ShadowClear"
  Pass "ClearShadow" (vp)
    Target graphics API: d3d11
    Full variant space:         1
    After settings filtering:   1
    After built-in stripping:   1
    After scriptable stripping: 1
    Processed in 0.00 seconds
  Pass "ClearShadow" (fp)
    Target graphics API: d3d11
    Full variant space:         1
    After settings filtering:   1
    After built-in stripping:   1
    After scriptable stripping: 1
    Processed in 0.00 seconds
  Pass ClearShadow (vp, d3d11) finished in 0.00 seconds. Local cache hits 1 (0.00s CPU time), remote cache hits 0 (0.00s CPU time), compiled 0 variants (0.00s CPU time), skipped 0 variants.
    Prepared data for serialisation in 0.00s
  Pass ClearShadow (fp, d3d11) finished in 0.00 seconds. Local cache hits 1 (0.00s CPU time), remote cache hits 0 (0.00s CPU time), compiled 0 variants (0.00s CPU time), skipped 0 variants.
    Prepared data for serialisation in 0.00s
Serialized binary data for shader Hidden/ScriptableRenderPipeline/ShadowClear in 0.00s
    d3d11 (total internal programs: 2, unique: 2)
Compiling shader "Hidden/HDRP/XRMirrorView"
  Pass "" (vp)
    Target graphics API: d3d11
    Full variant space:         1
    After settings filtering:   1
    After built-in stripping:   1
    After scriptable stripping: 1
    Processed in 0.00 seconds
  Pass "" (fp)
    Target graphics API: d3d11
    Full variant space:         4
    After settings filtering:   4
    After built-in stripping:   4
    After scriptable stripping: 2
    Processed in 0.00 seconds
  Pass  (vp, d3d11) finished in 0.01 seconds. Local cache hits 1 (0.01s CPU time), remote cache hits 0 (0.00s CPU time), compiled 0 variants (0.00s CPU time), skipped 0 variants.
    Prepared data for serialisation in 0.00s
  Pass  (fp, d3d11) finished in 0.01 seconds. Local cache hits 2 (0.01s CPU time), remote cache hits 0 (0.00s CPU time), compiled 0 variants (0.00s CPU time), skipped 0 variants.
    Prepared data for serialisation in 0.00s
Serialized binary data for shader Hidden/HDRP/XRMirrorView in 0.00s
    d3d11 (total internal programs: 3, unique: 3)
Compiling shader "Hidden/HDRP/DebugFullScreen"
  Pass "" (vp)
    Target graphics API: d3d11
    Full variant space:         1
    After settings filtering:   1
    After built-in stripping:   1
    After scriptable stripping: 0
    Processed in 0.00 seconds
  Pass "" (fp)
    Target graphics API: d3d11
    Full variant space:         1
    After settings filtering:   1
    After built-in stripping:   1
    After scriptable stripping: 0
    Processed in 0.00 seconds
Serialized binary data for shader Hidden/HDRP/DebugFullScreen in 0.00s
    d3d11 (total internal programs: 0, unique: 0)
Compiling shader "Hidden/HDRP/MotionVecResolve"
  Pass "" (vp)
    Target graphics API: d3d11
    Full variant space:         1
    After settings filtering:   1
    After built-in stripping:   1
    After scriptable stripping: 1
    Processed in 0.00 seconds
  Pass "" (fp)
    Target graphics API: d3d11
    Full variant space:         1
    After settings filtering:   1
    After built-in stripping:   1
    After scriptable stripping: 1
    Processed in 0.00 seconds
  Pass "" (vp)
    Target graphics API: d3d11
    Full variant space:         1
    After settings filtering:   1
    After built-in stripping:   1
    After scriptable stripping: 1
    Processed in 0.00 seconds
  Pass "" (fp)
    Target graphics API: d3d11
    Full variant space:         1
    After settings filtering:   1
    After built-in stripping:   1
    After scriptable stripping: 1
    Processed in 0.00 seconds
  Pass "" (vp)
    Target graphics API: d3d11
    Full variant space:         1
    After settings filtering:   1
    After built-in stripping:   1
    After scriptable stripping: 1
    Processed in 0.00 seconds
  Pass "" (fp)
    Target graphics API: d3d11
    Full variant space:         1
    After settings filtering:   1
    After built-in stripping:   1
    After scriptable stripping: 1
    Processed in 0.00 seconds
  Pass "" (vp)
    Target graphics API: d3d11
    Full variant space:         1
    After settings filtering:   1
    After built-in stripping:   1
    After scriptable stripping: 1
    Processed in 0.00 seconds
  Pass "" (fp)
    Target graphics API: d3d11
    Full variant space:         1
    After settings filtering:   1
    After built-in stripping:   1
    After scriptable stripping: 1
    Processed in 0.00 seconds
  Pass  (vp, d3d11) finished in 0.00 seconds. Local cache hits 1 (0.00s CPU time), remote cache hits 0 (0.00s CPU time), compiled 0 variants (0.00s CPU time), skipped 0 variants.
    Prepared data for serialisation in 0.00s
  Pass  (fp, d3d11) finished in 0.01 seconds. Local cache hits 1 (0.01s CPU time), remote cache hits 0 (0.00s CPU time), compiled 0 variants (0.00s CPU time), skipped 0 variants.
    Prepared data for serialisation in 0.00s
  Pass  (vp, d3d11) finished in 0.00 seconds. Local cache hits 1 (0.00s CPU time), remote cache hits 0 (0.00s CPU time), compiled 0 variants (0.00s CPU time), skipped 0 variants.
    Prepared data for serialisation in 0.00s
  Pass  (fp, d3d11) finished in 0.01 seconds. Local cache hits 1 (0.01s CPU time), remote cache hits 0 (0.00s CPU time), compiled 0 variants (0.00s CPU time), skipped 0 variants.
    Prepared data for serialisation in 0.00s
  Pass  (vp, d3d11) finished in 0.00 seconds. Local cache hits 1 (0.00s CPU time), remote cache hits 0 (0.00s CPU time), compiled 0 variants (0.00s CPU time), skipped 0 variants.
    Prepared data for serialisation in 0.00s
  Pass  (fp, d3d11) finished in 0.01 seconds. Local cache hits 1 (0.01s CPU time), remote cache hits 0 (0.00s CPU time), compiled 0 variants (0.00s CPU time), skipped 0 variants.
    Prepared data for serialisation in 0.00s
  Pass  (vp, d3d11) finished in 0.01 seconds. Local cache hits 1 (0.00s CPU time), remote cache hits 0 (0.00s CPU time), compiled 0 variants (0.00s CPU time), skipped 0 variants.
    Prepared data for serialisation in 0.00s
  Pass  (fp, d3d11) finished in 0.01 seconds. Local cache hits 1 (0.01s CPU time), remote cache hits 0 (0.00s CPU time), compiled 0 variants (0.00s CPU time), skipped 0 variants.
    Prepared data for serialisation in 0.00s
Serialized binary data for shader Hidden/HDRP/MotionVecResolve in 0.00s
    d3d11 (total internal programs: 8, unique: 5)
Compiling shader "Hidden/HDRP/Material/Decal/DecalNormalBuffer"
  Pass "" (vp)
    Target graphics API: d3d11
    Full variant space:         1
    After settings filtering:   1
    After built-in stripping:   1
    After scriptable stripping: 1
    Processed in 0.00 seconds
  Pass "" (fp)
    Target graphics API: d3d11
    Full variant space:         2
    After settings filtering:   2
    After built-in stripping:   2
    After scriptable stripping: 1
    Processed in 0.00 seconds
  Pass  (vp, d3d11) finished in 0.00 seconds. Local cache hits 1 (0.00s CPU time), remote cache hits 0 (0.00s CPU time), compiled 0 variants (0.00s CPU time), skipped 0 variants.
    Prepared data for serialisation in 0.00s
  Pass  (fp, d3d11) finished in 0.01 seconds. Local cache hits 1 (0.01s CPU time), remote cache hits 0 (0.00s CPU time), compiled 0 variants (0.00s CPU time), skipped 0 variants.
    Prepared data for serialisation in 0.00s
Serialized binary data for shader Hidden/HDRP/Material/Decal/DecalNormalBuffer in 0.00s
    d3d11 (total internal programs: 2, unique: 2)
Compiling compute shader "StageSetupSegment"
    starting stripping...
    finished in 0.01 seconds. 0 of 4 variants left
Compiling compute shader "DepthOfFieldCoC"
    starting stripping...
    finished in 0.00 seconds. 16 of 16 variants left
    16 variants, starting compilation...
    finished in 0.02 seconds. Local cache hits 16, remote cache hits 0, compiled 0 variants
Compiling compute shader "LensFlareMergeOcclusionDataDriven"
    starting stripping...
    finished in 0.00 seconds. 2 of 2 variants left
    2 variants, starting compilation...
    finished in 0.01 seconds. Local cache hits 2, remote cache hits 0, compiled 0 variants
Compiling compute shader "ProbeVolumeUploadData"
    starting stripping...
    finished in 0.00 seconds. 32 of 32 variants left
    32 variants, starting compilation...
    finished in 0.04 seconds. Local cache hits 32, remote cache hits 0, compiled 0 variants
Compiling compute shader "BakeCloudTexture"
    starting stripping...
    finished in 0.00 seconds. 4 of 4 variants left
    4 variants, starting compilation...
    finished in 0.01 seconds. Local cache hits 4, remote cache hits 0, compiled 0 variants
Compiling compute shader "Deferred"
    starting stripping...
    finished in 0.11 seconds. 372 of 13392 variants left
    372 variants, starting compilation...
    finished in 0.46 seconds. Local cache hits 372, remote cache hits 0, compiled 0 variants
Compiling compute shader "lightlistbuild-clustered"
    starting stripping...
    finished in 0.00 seconds. 20 of 20 variants left
    20 variants, starting compilation...
    finished in 0.03 seconds. Local cache hits 20, remote cache hits 0, compiled 0 variants
Compiling compute shader "PaniniProjection"
    starting stripping...
    finished in 0.00 seconds. 8 of 8 variants left
    8 variants, starting compilation...
    finished in 0.01 seconds. Local cache hits 8, remote cache hits 0, compiled 0 variants
Compiling compute shader "BloomBlur"
    starting stripping...
    finished in 0.00 seconds. 4 of 4 variants left
    4 variants, starting compilation...
    finished in 0.01 seconds. Local cache hits 4, remote cache hits 0, compiled 0 variants
Compiling compute shader "FXAA"
    starting stripping...
    finished in 0.00 seconds. 4 of 8 variants left
    4 variants, starting compilation...
    finished in 0.01 seconds. Local cache hits 4, remote cache hits 0, compiled 0 variants
Compiling compute shader "StageRasterBin"
    starting stripping...
    finished in 0.00 seconds. 0 of 4 variants left
Compiling compute shader "ApplyExposure"
    starting stripping...
    finished in 0.00 seconds. 4 of 4 variants left
    4 variants, starting compilation...
    finished in 0.01 seconds. Local cache hits 4, remote cache hits 0, compiled 0 variants
Compiling compute shader "DepthOfFieldCoCDilate"
    starting stripping...
    finished in 0.00 seconds. 2 of 2 variants left
    2 variants, starting compilation...
    finished in 0.01 seconds. Local cache hits 2, remote cache hits 0, compiled 0 variants
Compiling compute shader "lightlistbuild-clearatomic"
    starting stripping...
    finished in 0.00 seconds. 2 of 2 variants left
    2 variants, starting compilation...
    finished in 0.01 seconds. Local cache hits 2, remote cache hits 0, compiled 0 variants
Compiling compute shader "DoFGather"
    starting stripping...
    finished in 0.00 seconds. 16 of 16 variants left
    16 variants, starting compilation...
    finished in 0.02 seconds. Local cache hits 16, remote cache hits 0, compiled 0 variants
Compiling compute shader "HistogramExposure"
    starting stripping...
    finished in 0.00 seconds. 8 of 8 variants left
    8 variants, starting compilation...
    finished in 0.01 seconds. Local cache hits 8, remote cache hits 0, compiled 0 variants
Compiling compute shader "ProbeVolumeSamplingDebugPositionNormal"
    starting stripping...
    finished in 0.00 seconds. 0 of 2 variants left
Compiling compute shader "VFXCopyBuffer"
    starting stripping...
    finished in 0.00 seconds. 18 of 18 variants left
    18 variants, starting compilation...
    finished in 0.02 seconds. Local cache hits 18, remote cache hits 0, compiled 0 variants
Compiling compute shader "BloomPrefilter"
    starting stripping...
    finished in 0.00 seconds. 8 of 8 variants left
    8 variants, starting compilation...
    finished in 0.01 seconds. Local cache hits 8, remote cache hits 0, compiled 0 variants
Compiling compute shader "VolumetricMaterial"
    starting stripping...
    finished in 0.00 seconds. 2 of 2 variants left
    2 variants, starting compilation...
    finished in 0.01 seconds. Local cache hits 2, remote cache hits 0, compiled 0 variants
Compiling compute shader "ScreenSpaceMultipleScattering"
    starting stripping...
    finished in 0.00 seconds. 2 of 2 variants left
    2 variants, starting compilation...
    finished in 0.01 seconds. Local cache hits 2, remote cache hits 0, compiled 0 variants
Compiling compute shader "MotionBlur"
    starting stripping...
    finished in 0.00 seconds. 4 of 4 variants left
    4 variants, starting compilation...
    finished in 0.01 seconds. Local cache hits 4, remote cache hits 0, compiled 0 variants
Compiling compute shader "GTAOSpatialDenoise"
    starting stripping...
    finished in 0.00 seconds. 4 of 4 variants left
    4 variants, starting compilation...
    finished in 0.01 seconds. Local cache hits 4, remote cache hits 0, compiled 0 variants
Compiling compute shader "DepthOfFieldMipSafe"
    starting stripping...
    finished in 0.00 seconds. 4 of 4 variants left
    4 variants, starting compilation...
    finished in 0.01 seconds. Local cache hits 4, remote cache hits 0, compiled 0 variants
Compiling compute shader "GTAOTemporalDenoise"
    starting stripping...
    finished in 0.00 seconds. 4 of 4 variants left
    4 variants, starting compilation...
    finished in 0.01 seconds. Local cache hits 4, remote cache hits 0, compiled 0 variants
Compiling compute shader "DownsampleVTFeedback"
    starting stripping...
    finished in 0.00 seconds. 4 of 4 variants left
    4 variants, starting compilation...
    finished in 0.01 seconds. Local cache hits 4, remote cache hits 0, compiled 0 variants
Compiling compute shader "MotionBlurGenTilePass"
    starting stripping...
    finished in 0.00 seconds. 4 of 4 variants left
    4 variants, starting compilation...
    finished in 0.01 seconds. Local cache hits 4, remote cache hits 0, compiled 0 variants
Compiling compute shader "LutBuilder3D"
    starting stripping...
    finished in 0.00 seconds. 24 of 48 variants left
    24 variants, starting compilation...
    finished in 0.03 seconds. Local cache hits 24, remote cache hits 0, compiled 0 variants
Compiling compute shader "DepthOfFieldPreCombineFar"
    starting stripping...
    finished in 0.00 seconds. 4 of 4 variants left
    4 variants, starting compilation...
    finished in 0.01 seconds. Local cache hits 4, remote cache hits 0, compiled 0 variants
Compiling compute shader "ContactShadows"
    starting stripping...
    finished in 0.00 seconds. 2 of 4 variants left
    2 variants, starting compilation...
    finished in 0.00 seconds. Local cache hits 2, remote cache hits 0, compiled 0 variants
Compiling compute shader "BakeCloudShadows"
    starting stripping...
    finished in 0.00 seconds. 32 of 32 variants left
    32 variants, starting compilation...
    finished in 0.04 seconds. Local cache hits 32, remote cache hits 0, compiled 0 variants
Compiling compute shader "DepthOfFieldGather"
    starting stripping...
    finished in 0.00 seconds. 32 of 32 variants left
    32 variants, starting compilation...
    finished in 0.04 seconds. Local cache hits 32, remote cache hits 0, compiled 0 variants
Compiling compute shader "DepthOfFieldCoCReproject"
    starting stripping...
    finished in 0.00 seconds. 4 of 4 variants left
    4 variants, starting compilation...
    finished in 0.01 seconds. Local cache hits 4, remote cache hits 0, compiled 0 variants
Compiling compute shader "HairMultipleScatteringPreIntegration"
    starting stripping...
    finished in 0.00 seconds. 8 of 8 variants left
    8 variants, starting compilation...
    finished in 0.01 seconds. Local cache hits 8, remote cache hits 0, compiled 0 variants
Compiling compute shader "BlitAndExpose"
    starting stripping...
    finished in 0.00 seconds. 6 of 6 variants left
    6 variants, starting compilation...
    finished in 0.01 seconds. Local cache hits 6, remote cache hits 0, compiled 0 variants
Compiling compute shader "MomentShadows"
    starting stripping...
    finished in 0.00 seconds. 6 of 6 variants left
    6 variants, starting compilation...
    finished in 0.01 seconds. Local cache hits 6, remote cache hits 0, compiled 0 variants
Compiling compute shader "ColorPyramid"
    starting stripping...
    finished in 0.00 seconds. 8 of 8 variants left
    8 variants, starting compilation...
    finished in 0.01 seconds. Local cache hits 8, remote cache hits 0, compiled 0 variants
Compiling compute shader "builddispatchindirect"
    starting stripping...
    finished in 0.00 seconds. 2 of 2 variants left
    2 variants, starting compilation...
    finished in 0.01 seconds. Local cache hits 2, remote cache hits 0, compiled 0 variants
Compiling compute shader "RandomDownsample"
    starting stripping...
    finished in 0.00 seconds. 2 of 2 variants left
    2 variants, starting compilation...
    finished in 0.00 seconds. Local cache hits 2, remote cache hits 0, compiled 0 variants
Compiling compute shader "DebugHistogramImage"
    starting stripping...
    finished in 0.00 seconds. 2 of 2 variants left
    2 variants, starting compilation...
    finished in 0.00 seconds. Local cache hits 2, remote cache hits 0, compiled 0 variants
Compiling compute shader "StagePrepare"
    starting stripping...
    finished in 0.00 seconds. 0 of 12 variants left
Compiling compute shader "ContrastAdaptiveSharpen"
    starting stripping...
    finished in 0.00 seconds. 4 of 8 variants left
    4 variants, starting compilation...
    finished in 0.01 seconds. Local cache hits 4, remote cache hits 0, compiled 0 variants
Compiling compute shader "BloomUpsample"
    starting stripping...
    finished in 0.00 seconds. 4 of 4 variants left
    4 variants, starting compilation...
    finished in 0.01 seconds. Local cache hits 4, remote cache hits 0, compiled 0 variants
Compiling compute shader "MotionBlurNeighborhoodTilePass"
    starting stripping...
    finished in 0.00 seconds. 4 of 4 variants left
    4 variants, starting compilation...
    finished in 0.01 seconds. Local cache hits 4, remote cache hits 0, compiled 0 variants
Compiling compute shader "lightlistbuild-bigtile"
    starting stripping...
    finished in 0.00 seconds. 4 of 4 variants left
    4 variants, starting compilation...
    finished in 0.01 seconds. Local cache hits 4, remote cache hits 0, compiled 0 variants
Compiling compute shader "ProbeVolumeUploadDataL2"
    starting stripping...
    finished in 0.00 seconds. 2 of 2 variants left
    2 variants, starting compilation...
    finished in 0.01 seconds. Local cache hits 2, remote cache hits 0, compiled 0 variants
Compiling compute shader "DebugWaveform"
    starting stripping...
    finished in 0.00 seconds. 0 of 4 variants left
Compiling compute shader "DepthPyramid"
    starting stripping...
    finished in 0.00 seconds. 4 of 4 variants left
    4 variants, starting compilation...
    finished in 0.01 seconds. Local cache hits 4, remote cache hits 0, compiled 0 variants
Compiling compute shader "lightlistbuild"
    starting stripping...
    finished in 0.00 seconds. 16 of 16 variants left
    16 variants, starting compilation...
    finished in 0.02 seconds. Local cache hits 16, remote cache hits 0, compiled 0 variants
Compiling compute shader "ResolveStencilBuffer"
    starting stripping...
    finished in 0.00 seconds. 32 of 32 variants left
    32 variants, starting compilation...
    finished in 0.03 seconds. Local cache hits 32, remote cache hits 0, compiled 0 variants
Compiling compute shader "PostSharpenPass"
    starting stripping...
    finished in 0.00 seconds. 8 of 8 variants left
    8 variants, starting compilation...
    finished in 0.01 seconds. Local cache hits 8, remote cache hits 0, compiled 0 variants
Compiling compute shader "GTAO"
    starting stripping...
    finished in 0.00 seconds. 8 of 8 variants left
    8 variants, starting compilation...
    finished in 0.01 seconds. Local cache hits 8, remote cache hits 0, compiled 0 variants
Compiling compute shader "BilateralUpsample"
    starting stripping...
    finished in 0.00 seconds. 4 of 4 variants left
    4 variants, starting compilation...
    finished in 0.01 seconds. Local cache hits 4, remote cache hits 0, compiled 0 variants
Compiling compute shader "GenSdfRayMap"
    starting stripping...
    finished in 0.00 seconds. 42 of 42 variants left
    42 variants, starting compilation...
    finished in 0.04 seconds. Local cache hits 42, remote cache hits 0, compiled 0 variants
Compiling compute shader "DepthOfFieldClearIndirectArgs"
    starting stripping...
    finished in 0.00 seconds. 2 of 2 variants left
    2 variants, starting compilation...
    finished in 0.01 seconds. Local cache hits 2, remote cache hits 0, compiled 0 variants
Compiling compute shader "DebugVectorscope"
    starting stripping...
    finished in 0.00 seconds. 0 of 4 variants left
Compiling compute shader "AmbientProbeConvolution"
    starting stripping...
    finished in 0.00 seconds. 8 of 8 variants left
    8 variants, starting compilation...
    finished in 0.01 seconds. Local cache hits 8, remote cache hits 0, compiled 0 variants
Compiling compute shader "InScatteredRadiancePrecomputation"
    starting stripping...
    finished in 0.00 seconds. 2 of 2 variants left
    2 variants, starting compilation...
    finished in 0.00 seconds. Local cache hits 2, remote cache hits 0, compiled 0 variants
Compiling compute shader "scrbound"
    starting stripping...
    finished in 0.00 seconds. 2 of 2 variants left
    2 variants, starting compilation...
    finished in 0.01 seconds. Local cache hits 2, remote cache hits 0, compiled 0 variants
Compiling compute shader "TemporalFilter"
    starting stripping...
    finished in 0.00 seconds. 20 of 20 variants left
    20 variants, starting compilation...
    finished in 0.03 seconds. Local cache hits 20, remote cache hits 0, compiled 0 variants
Compiling compute shader "ClearLightLists"
    starting stripping...
    finished in 0.00 seconds. 2 of 2 variants left
    2 variants, starting compilation...
    finished in 0.01 seconds. Local cache hits 2, remote cache hits 0, compiled 0 variants
Compiling compute shader "DoFCircleOfConfusion"
    starting stripping...
    finished in 0.00 seconds. 8 of 8 variants left
    8 variants, starting compilation...
    finished in 0.01 seconds. Local cache hits 8, remote cache hits 0, compiled 0 variants
Compiling compute shader "DoFMinMaxDilate"
    starting stripping...
    finished in 0.00 seconds. 2 of 2 variants left
    2 variants, starting compilation...
    finished in 0.01 seconds. Local cache hits 2, remote cache hits 0, compiled 0 variants
Compiling compute shader "ComputeGgxIblSampleData"
    starting stripping...
    finished in 0.00 seconds. 2 of 2 variants left
    2 variants, starting compilation...
    finished in 0.01 seconds. Local cache hits 2, remote cache hits 0, compiled 0 variants
Compiling compute shader "EyeCausticLUTGen"
    starting stripping...
    finished in 0.00 seconds. 6 of 6 variants left
    6 variants, starting compilation...
    finished in 0.01 seconds. Local cache hits 6, remote cache hits 0, compiled 0 variants
Compiling compute shader "GPUPrefixSum"
    starting stripping...
    finished in 0.00 seconds. 14 of 14 variants left
    14 variants, starting compilation...
    finished in 0.02 seconds. Local cache hits 14, remote cache hits 0, compiled 0 variants
Compiling compute shader "VFXPrefixSum"
    starting stripping...
    finished in 0.00 seconds. 10 of 10 variants left
    10 variants, starting compilation...
    finished in 0.01 seconds. Local cache hits 10, remote cache hits 0, compiled 0 variants
Compiling compute shader "DepthOfFieldKernel"
    starting stripping...
    finished in 0.00 seconds. 4 of 4 variants left
    4 variants, starting compilation...
    finished in 0.01 seconds. Local cache hits 4, remote cache hits 0, compiled 0 variants
Compiling compute shader "SkyLUTGenerator"
    starting stripping...
    finished in 0.00 seconds. 10 of 10 variants left
    10 variants, starting compilation...
    finished in 0.01 seconds. Local cache hits 10, remote cache hits 0, compiled 0 variants
Compiling compute shader "GTAOCopyHistory"
    starting stripping...
    finished in 0.00 seconds. 2 of 2 variants left
    2 variants, starting compilation...
    finished in 0.01 seconds. Local cache hits 2, remote cache hits 0, compiled 0 variants
Compiling compute shader "ClearDebugBuffer"
    starting stripping...
    finished in 0.00 seconds. 0 of 2 variants left
Compiling compute shader "Texture3DAtlas"
    starting stripping...
    finished in 0.00 seconds. 4 of 4 variants left
    4 variants, starting compilation...
    finished in 0.01 seconds. Local cache hits 4, remote cache hits 0, compiled 0 variants
Compiling compute shader "NaNKiller"
    starting stripping...
    finished in 0.00 seconds. 4 of 4 variants left
    4 variants, starting compilation...
    finished in 0.01 seconds. Local cache hits 4, remote cache hits 0, compiled 0 variants
Compiling compute shader "VFXFillIndirectArgs"
    starting stripping...
    finished in 0.00 seconds. 2 of 2 variants left
    2 variants, starting compilation...
    finished in 0.01 seconds. Local cache hits 2, remote cache hits 0, compiled 0 variants
Compiling compute shader "DepthOfFieldTileMax"
    starting stripping...
    finished in 0.00 seconds. 8 of 8 variants left
    8 variants, starting compilation...
    finished in 0.01 seconds. Local cache hits 8, remote cache hits 0, compiled 0 variants
Compiling compute shader "StageRasterFine"
    starting stripping...
    finished in 0.00 seconds. 0 of 12 variants left
Compiling compute shader "UpdateStrips"
    starting stripping...
    finished in 0.00 seconds. 2 of 2 variants left
    2 variants, starting compilation...
    finished in 0.00 seconds. Local cache hits 2, remote cache hits 0, compiled 0 variants
Compiling compute shader "ScreenSpaceGlobalIllumination"
    starting stripping...
    finished in 0.00 seconds. 16 of 24 variants left
    16 variants, starting compilation...
    finished in 0.02 seconds. Local cache hits 16, remote cache hits 0, compiled 0 variants
Compiling compute shader "Exposure"
    starting stripping...
    finished in 0.00 seconds. 10 of 10 variants left
    10 variants, starting compilation...
    finished in 0.01 seconds. Local cache hits 10, remote cache hits 0, compiled 0 variants
Compiling compute shader "GTAOBlurAndUpsample"
    starting stripping...
    finished in 0.00 seconds. 10 of 10 variants left
    10 variants, starting compilation...
    finished in 0.01 seconds. Local cache hits 10, remote cache hits 0, compiled 0 variants
Compiling compute shader "PlanarReflectionFiltering"
    starting stripping...
    finished in 0.00 seconds. 6 of 6 variants left
    6 variants, starting compilation...
    finished in 0.01 seconds. Local cache hits 6, remote cache hits 0, compiled 0 variants
Compiling compute shader "ProbeVolumeBlendStates"
    starting stripping...
    finished in 0.00 seconds. 4 of 8 variants left
    4 variants, starting compilation...
    finished in 0.01 seconds. Local cache hits 4, remote cache hits 0, compiled 0 variants
Compiling compute shader "GPUCopy"
    starting stripping...
    finished in 0.00 seconds. 4 of 4 variants left
    4 variants, starting compilation...
    finished in 0.01 seconds. Local cache hits 4, remote cache hits 0, compiled 0 variants
Compiling compute shader "EncodeBC6H"
    starting stripping...
    finished in 0.00 seconds. 2 of 2 variants left
    2 variants, starting compilation...
    finished in 0.01 seconds. Local cache hits 2, remote cache hits 0, compiled 0 variants
Compiling compute shader "SubsurfaceScattering"
    starting stripping...
    finished in 0.00 seconds. 16 of 32 variants left
    16 variants, starting compilation...
    finished in 0.02 seconds. Local cache hits 16, remote cache hits 0, compiled 0 variants
Compiling compute shader "VolumetricLighting"
    starting stripping...
    finished in 0.00 seconds. 128 of 384 variants left
    128 variants, starting compilation...
    finished in 0.14 seconds. Local cache hits 128, remote cache hits 0, compiled 0 variants
Compiling compute shader "DiffuseDenoiser"
    starting stripping...
    finished in 0.00 seconds. 10 of 10 variants left
    10 variants, starting compilation...
    finished in 0.01 seconds. Local cache hits 10, remote cache hits 0, compiled 0 variants
Compiling compute shader "DoFComputeSlowTiles"
    starting stripping...
    finished in 0.00 seconds. 4 of 4 variants left
    4 variants, starting compilation...
    finished in 0.01 seconds. Local cache hits 4, remote cache hits 0, compiled 0 variants
Compiling compute shader "BuildProbabilityTables"
    starting stripping...
    finished in 0.00 seconds. 4 of 4 variants left
    4 variants, starting compilation...
    finished in 0.01 seconds. Local cache hits 4, remote cache hits 0, compiled 0 variants
Compiling compute shader "VolumeVoxelization"
    starting stripping...
    finished in 0.00 seconds. 2 of 4 variants left
    2 variants, starting compilation...
    finished in 0.01 seconds. Local cache hits 2, remote cache hits 0, compiled 0 variants
Compiling compute shader "AlphaCopy"
    starting stripping...
    finished in 0.00 seconds. 2 of 2 variants left
    2 variants, starting compilation...
    finished in 0.00 seconds. Local cache hits 2, remote cache hits 0, compiled 0 variants
Compiling compute shader "DoFCoCMinMax"
    starting stripping...
    finished in 0.00 seconds. 2 of 2 variants left
    2 variants, starting compilation...
    finished in 0.00 seconds. Local cache hits 2, remote cache hits 0, compiled 0 variants
Compiling compute shader "DepthOfFieldCombine"
    starting stripping...
    finished in 0.00 seconds. 48 of 48 variants left
    48 variants, starting compilation...
    finished in 0.05 seconds. Local cache hits 48, remote cache hits 0, compiled 0 variants
Compiling compute shader "VrsTexture"
    starting stripping...
    finished in 0.00 seconds. 48 of 48 variants left
    48 variants, starting compilation...
    finished in 0.05 seconds. Local cache hits 48, remote cache hits 0, compiled 0 variants
Compiling compute shader "MotionBlurMergeTilePass"
    starting stripping...
    finished in 0.00 seconds. 2 of 2 variants left
    2 variants, starting compilation...
    finished in 0.01 seconds. Local cache hits 2, remote cache hits 0, compiled 0 variants
Compiling compute shader "ClearUIntTextureArray"
    starting stripping...
    finished in 0.00 seconds. 4 of 4 variants left
    4 variants, starting compilation...
    finished in 0.01 seconds. Local cache hits 4, remote cache hits 0, compiled 0 variants
Compiling compute shader "ScreenSpaceReflections"
    starting stripping...
    finished in 0.01 seconds. 160 of 160 variants left
    160 variants, starting compilation...
    finished in 0.11 seconds. Local cache hits 160, remote cache hits 0, compiled 0 variants
Compiling compute shader "DepthOfFieldMip"
    starting stripping...
    finished in 0.00 seconds. 10 of 10 variants left
    10 variants, starting compilation...
    finished in 0.01 seconds. Local cache hits 10, remote cache hits 0, compiled 0 variants
Compiling compute shader "DoFCombine"
    starting stripping...
    finished in 0.00 seconds. 8 of 8 variants left
    8 variants, starting compilation...
    finished in 0.01 seconds. Local cache hits 8, remote cache hits 0, compiled 0 variants
Compiling compute shader "StageWorkQueue"
    starting stripping...
    finished in 0.00 seconds. 0 of 10 variants left
Compiling compute shader "DoFApertureShape"
    starting stripping...
    finished in 0.00 seconds. 4 of 4 variants left
    4 variants, starting compilation...
    finished in 0.01 seconds. Local cache hits 4, remote cache hits 0, compiled 0 variants
Compiling compute shader "GPUSort"
    starting stripping...
    finished in 0.00 seconds. 20 of 20 variants left
    20 variants, starting compilation...
    finished in 0.02 seconds. Local cache hits 20, remote cache hits 0, compiled 0 variants
Compiling compute shader "GenerateMaxZ"
    starting stripping...
    finished in 0.00 seconds. 12 of 12 variants left
    12 variants, starting compilation...
    finished in 0.01 seconds. Local cache hits 12, remote cache hits 0, compiled 0 variants
Compiling compute shader "Sort"
    starting stripping...
    finished in 0.00 seconds. 24 of 24 variants left
    24 variants, starting compilation...
    finished in 0.03 seconds. Local cache hits 24, remote cache hits 0, compiled 0 variants
Compiling compute shader "GroundIrradiancePrecomputation"
    starting stripping...
    finished in 0.00 seconds. 2 of 2 variants left
    2 variants, starting compilation...
    finished in 0.01 seconds. Local cache hits 2, remote cache hits 0, compiled 0 variants
Compiling compute shader "Accumulation"
    starting stripping...
    finished in 0.00 seconds. 8 of 8 variants left
    8 variants, starting compilation...
    finished in 0.01 seconds. Local cache hits 8, remote cache hits 0, compiled 0 variants
Compiling compute shader "MotionBlurMotionVecPrep"
    starting stripping...
    finished in 0.00 seconds. 12 of 12 variants left
    12 variants, starting compilation...
    finished in 0.01 seconds. Local cache hits 12, remote cache hits 0, compiled 0 variants
Compiling compute shader "VolumetricLightingFiltering"
    starting stripping...
    finished in 0.00 seconds. 4 of 4 variants left
    4 variants, starting compilation...
    finished in 0.01 seconds. Local cache hits 4, remote cache hits 0, compiled 0 variants
Compiling compute shader "EdgeAdaptiveSpatialUpsampling"
    starting stripping...
    finished in 0.00 seconds. 4 of 8 variants left
    4 variants, starting compilation...
    finished in 0.01 seconds. Local cache hits 4, remote cache hits 0, compiled 0 variants
Compiling compute shader "DebugHDRxyMapping"
    starting stripping...
    finished in 0.00 seconds. 2 of 2 variants left
    2 variants, starting compilation...
    finished in 0.01 seconds. Local cache hits 2, remote cache hits 0, compiled 0 variants
Compiling compute shader "UberPost"
    starting stripping...
    finished in 0.00 seconds. 128 of 256 variants left
    128 variants, starting compilation...
    finished in 0.14 seconds. Local cache hits 128, remote cache hits 0, compiled 0 variants
Compiling compute shader "DepthOfFieldPrefilter"
    starting stripping...
    finished in 0.00 seconds. 48 of 48 variants left
    48 variants, starting compilation...
    finished in 0.05 seconds. Local cache hits 48, remote cache hits 0, compiled 0 variants
Compiling compute shader "DebugLightVolumes"
    starting stripping...
    finished in 0.00 seconds. 0 of 4 variants left
Compiling compute shader "ClearBuffer2D"
    starting stripping...
    finished in 0.00 seconds. 2 of 2 variants left
    2 variants, starting compilation...
    finished in 0.01 seconds. Local cache hits 2, remote cache hits 0, compiled 0 variants
Compiling compute shader "EVSMBlur"
    starting stripping...
    finished in 0.00 seconds. 6 of 6 variants left
    6 variants, starting compilation...
    finished in 0.01 seconds. Local cache hits 6, remote cache hits 0, compiled 0 variants
Compiling compute shader "materialflags"
    starting stripping...
    finished in 0.00 seconds. 4 of 4 variants left
    4 variants, starting compilation...
    finished in 0.01 seconds. Local cache hits 4, remote cache hits 0, compiled 0 variants
Compiling compute shader "cleardispatchindirect"
    starting stripping...
    finished in 0.00 seconds. 2 of 2 variants left
    2 variants, starting compilation...
    finished in 0.01 seconds. Local cache hits 2, remote cache hits 0, compiled 0 variants
Compiling compute shader "StageShadingSetup"
    starting stripping...
    finished in 0.00 seconds. 0 of 20 variants left
Compiling shader "Shader Graphs/Particles/ParticleLitSoft"
  Pass "ShadowCaster" (vp)
    Target graphics API: d3d11
    Full variant space:         4
    After settings filtering:   4
    After built-in stripping:   1
    After scriptable stripping: 1
    Processed in 0.00 seconds
  Pass "ShadowCaster" (fp)
    Target graphics API: d3d11
    Full variant space:         4
    After settings filtering:   4
    After built-in stripping:   1
    After scriptable stripping: 1
    Processed in 0.00 seconds
  Pass "MotionVectors" (vp)
    Target graphics API: d3d11
    Full variant space:         16
    After settings filtering:   16
    After built-in stripping:   4
    After scriptable stripping: 1
    Processed in 0.00 seconds
  Pass "MotionVectors" (fp)
    Target graphics API: d3d11
    Full variant space:         64
    After settings filtering:   64
    After built-in stripping:   16
    After scriptable stripping: 1
    Processed in 0.00 seconds
  Pass "TransparentDepthPrepass" (vp)
    Target graphics API: d3d11
    Full variant space:         8
    After settings filtering:   8
    After built-in stripping:   2
    After scriptable stripping: 1
    Processed in 0.00 seconds
  Pass "TransparentDepthPrepass" (fp)
    Target graphics API: d3d11
    Full variant space:         8
    After settings filtering:   8
    After built-in stripping:   2
    After scriptable stripping: 1
    Processed in 0.00 seconds
  Pass "FullScreenDebug" (vp)
    Target graphics API: d3d11
    Full variant space:         4
    After settings filtering:   4
    After built-in stripping:   1
    After scriptable stripping: 0
    Processed in 0.00 seconds
  Pass "FullScreenDebug" (fp)
    Target graphics API: d3d11
    Full variant space:         4
    After settings filtering:   4
    After built-in stripping:   1
    After scriptable stripping: 0
    Processed in 0.00 seconds
  Pass "DepthOnly" (vp)
    Target graphics API: d3d11
    Full variant space:         8
    After settings filtering:   8
    After built-in stripping:   2
    After scriptable stripping: 1
    Processed in 0.00 seconds
  Pass "DepthOnly" (fp)
    Target graphics API: d3d11
    Full variant space:         48
    After settings filtering:   48
    After built-in stripping:   12
    After scriptable stripping: 1
    Processed in 0.00 seconds
  Pass "GBuffer" (vp)
    Target graphics API: d3d11
    Full variant space:         512
    After settings filtering:   128
    After built-in stripping:   4
    After scriptable stripping: 1
    Processed in 0.00 seconds
  Pass "GBuffer" (fp)
    Target graphics API: d3d11
    Full variant space:         36.864
    After settings filtering:   9.216
    After built-in stripping:   144
    After scriptable stripping: 4
    Processed in 0.00 seconds
  Pass "Forward" (vp)
    Target graphics API: d3d11
    Full variant space:         512
    After settings filtering:   128
    After built-in stripping:   4
    After scriptable stripping: 1
    Processed in 0.00 seconds
  Pass "Forward" (fp)
    Target graphics API: d3d11
    Full variant space:         1.327.104
    After settings filtering:   331.776
    After built-in stripping:   5.184
    After scriptable stripping: 3
    Processed in 0.05 seconds
  Pass "RayTracingPrepass" (vp)
    Target graphics API: d3d11
    Full variant space:         2
    After settings filtering:   2
    After built-in stripping:   1
    After scriptable stripping: 0
    Processed in 0.00 seconds
  Pass "RayTracingPrepass" (fp)
    Target graphics API: d3d11
    Full variant space:         2
    After settings filtering:   2
    After built-in stripping:   1
    After scriptable stripping: 0
    Processed in 0.00 seconds
  Pass "IndirectDXR" (rs)
    Target graphics API: d3d11
    Full variant space:         2.304
    After settings filtering:   1.152
    After built-in stripping:   144
    After scriptable stripping: 0
    Processed in 0.00 seconds
  Pass "VisibilityDXR" (rs)
    Target graphics API: d3d11
    Full variant space:         4
    After settings filtering:   4
    After built-in stripping:   4
    After scriptable stripping: 0
    Processed in 0.00 seconds
  Pass "ForwardDXR" (rs)
    Target graphics API: d3d11
    Full variant space:         192
    After settings filtering:   96
    After built-in stripping:   12
    After scriptable stripping: 0
    Processed in 0.00 seconds
  Pass "GBufferDXR" (rs)
    Target graphics API: d3d11
    Full variant space:         2.304
    After settings filtering:   1.152
    After built-in stripping:   144
    After scriptable stripping: 0
    Processed in 0.00 seconds
  Pass "DebugDXR" (rs)
    Target graphics API: d3d11
    Full variant space:         1
    After settings filtering:   1
    After built-in stripping:   1
    After scriptable stripping: 0
    Processed in 0.00 seconds
  Pass "PathTracingDXR" (rs)
    Target graphics API: d3d11
    Full variant space:         1.152
    After settings filtering:   576
    After built-in stripping:   72
    After scriptable stripping: 0
    Processed in 0.00 seconds
  Pass ShadowCaster (vp, d3d11) finished in 0.06 seconds. Local cache hits 1 (0.01s CPU time), remote cache hits 0 (0.00s CPU time), compiled 0 variants (0.00s CPU time), skipped 0 variants.
    Prepared data for serialisation in 0.00s
  Pass ShadowCaster (fp, d3d11) finished in 0.06 seconds. Local cache hits 1 (0.01s CPU time), remote cache hits 0 (0.00s CPU time), compiled 0 variants (0.00s CPU time), skipped 0 variants.
    Prepared data for serialisation in 0.00s
  Pass MotionVectors (vp, d3d11) finished in 0.05 seconds. Local cache hits 1 (0.01s CPU time), remote cache hits 0 (0.00s CPU time), compiled 0 variants (0.00s CPU time), skipped 0 variants.
    Prepared data for serialisation in 0.00s
  Pass MotionVectors (fp, d3d11) finished in 0.05 seconds. Local cache hits 1 (0.01s CPU time), remote cache hits 0 (0.00s CPU time), compiled 0 variants (0.00s CPU time), skipped 0 variants.
    Prepared data for serialisation in 0.00s
  Pass TransparentDepthPrepass (vp, d3d11) finished in 0.05 seconds. Local cache hits 1 (0.01s CPU time), remote cache hits 0 (0.00s CPU time), compiled 0 variants (0.00s CPU time), skipped 0 variants.
    Prepared data for serialisation in 0.00s
  Pass TransparentDepthPrepass (fp, d3d11) finished in 0.05 seconds. Local cache hits 1 (0.01s CPU time), remote cache hits 0 (0.00s CPU time), compiled 0 variants (0.00s CPU time), skipped 0 variants.
    Prepared data for serialisation in 0.00s
  Pass DepthOnly (vp, d3d11) finished in 0.04 seconds. Local cache hits 1 (0.01s CPU time), remote cache hits 0 (0.00s CPU time), compiled 0 variants (0.00s CPU time), skipped 0 variants.
    Prepared data for serialisation in 0.00s
  Pass DepthOnly (fp, d3d11) finished in 0.04 seconds. Local cache hits 1 (0.01s CPU time), remote cache hits 0 (0.00s CPU time), compiled 0 variants (0.00s CPU time), skipped 0 variants.
    Prepared data for serialisation in 0.00s
  Pass GBuffer (vp, d3d11) finished in 0.04 seconds. Local cache hits 1 (0.01s CPU time), remote cache hits 0 (0.00s CPU time), compiled 0 variants (0.00s CPU time), skipped 0 variants.
    Prepared data for serialisation in 0.00s
  Pass GBuffer (fp, d3d11) finished in 0.04 seconds. Local cache hits 4 (0.02s CPU time), remote cache hits 0 (0.00s CPU time), compiled 0 variants (0.00s CPU time), skipped 0 variants.
    Prepared data for serialisation in 0.00s
  Pass Forward (vp, d3d11) finished in 0.02 seconds. Local cache hits 1 (0.01s CPU time), remote cache hits 0 (0.00s CPU time), compiled 0 variants (0.00s CPU time), skipped 0 variants.
    Prepared data for serialisation in 0.00s
  Pass Forward (fp, d3d11) finished in 0.01 seconds. Local cache hits 3 (0.02s CPU time), remote cache hits 0 (0.00s CPU time), compiled 0 variants (0.00s CPU time), skipped 0 variants.
    Prepared data for serialisation in 0.00s
Serialized binary data for shader Shader Graphs/Particles/ParticleLitSoft in 0.00s
    d3d11 (total internal programs: 17, unique: 17)
Compiling shader "Skybox/Procedural"
  Pass "" (vp)
    Target graphics API: d3d11
    Full variant space:         3
    After settings filtering:   3
    After built-in stripping:   3
    After scriptable stripping: 3
    Processed in 0.00 seconds
  Pass "" (fp)
    Target graphics API: d3d11
    Full variant space:         3
    After settings filtering:   3
    After built-in stripping:   3
    After scriptable stripping: 3
    Processed in 0.00 seconds
  Pass  (vp, d3d11) finished in 0.01 seconds. Local cache hits 3 (0.02s CPU time), remote cache hits 0 (0.00s CPU time), compiled 0 variants (0.00s CPU time), skipped 0 variants.
    Prepared data for serialisation in 0.00s
  Pass  (fp, d3d11) finished in 0.01 seconds. Local cache hits 3 (0.02s CPU time), remote cache hits 0 (0.00s CPU time), compiled 0 variants (0.00s CPU time), skipped 0 variants.
    Prepared data for serialisation in 0.00s
Serialized binary data for shader Skybox/Procedural in 0.00s
    d3d11 (total internal programs: 6, unique: 6)
Request Asset Garbage Collect because used heap size increased from 254.7 MB to 0.67 GB, exceeding the threshold of 256.0 MB.
Unloading 279 Unused Serialized files (Serialized files now loaded: 0)
Unloading 3267 unused Assets / (62.2 MB). Loaded Objects now: 5898.
Memory consumption went from 0.67 GB to 0.61 GB.
Total: 21.448300 ms (FindLiveObjects: 0.553100 ms CreateObjectMapping: 0.533500 ms MarkObjects: 9.729100 ms  DeleteObjects: 10.631300 ms)

Compiling shader "Legacy Shaders/VertexLit"
  Pass "" (vp)
    Target graphics API: d3d11
    Full variant space:         12
    After settings filtering:   12
    After built-in stripping:   3
    After scriptable stripping: 3
    Processed in 0.00 seconds
  Pass "" (fp)
    Target graphics API: d3d11
    Full variant space:         12
    After settings filtering:   12
    After built-in stripping:   3
    After scriptable stripping: 3
    Processed in 0.00 seconds
  Pass "" (vp)
    Target graphics API: d3d11
    Full variant space:         4
    After settings filtering:   4
    After built-in stripping:   1
    After scriptable stripping: 1
    Processed in 0.00 seconds
  Pass "" (fp)
    Target graphics API: d3d11
    Full variant space:         4
    After settings filtering:   4
    After built-in stripping:   1
    After scriptable stripping: 1
    Processed in 0.00 seconds
  Pass "ShadowCaster" (vp)
    Target graphics API: d3d11
    Full variant space:         4
    After settings filtering:   4
    After built-in stripping:   2
    After scriptable stripping: 2
    Processed in 0.00 seconds
  Pass "ShadowCaster" (fp)
    Target graphics API: d3d11
    Full variant space:         4
    After settings filtering:   4
    After built-in stripping:   2
    After scriptable stripping: 2
    Processed in 0.00 seconds
  Pass  (vp, d3d11) finished in 0.01 seconds. Local cache hits 3 (0.02s CPU time), remote cache hits 0 (0.00s CPU time), compiled 0 variants (0.00s CPU time), skipped 0 variants.
    Prepared data for serialisation in 0.00s
  Pass  (fp, d3d11) finished in 0.01 seconds. Local cache hits 3 (0.02s CPU time), remote cache hits 0 (0.00s CPU time), compiled 0 variants (0.00s CPU time), skipped 0 variants.
    Prepared data for serialisation in 0.00s
  Pass  (vp, d3d11) finished in 0.01 seconds. Local cache hits 1 (0.01s CPU time), remote cache hits 0 (0.00s CPU time), compiled 0 variants (0.00s CPU time), skipped 0 variants.
    Prepared data for serialisation in 0.00s
  Pass  (fp, d3d11) finished in 0.01 seconds. Local cache hits 1 (0.01s CPU time), remote cache hits 0 (0.00s CPU time), compiled 0 variants (0.00s CPU time), skipped 0 variants.
    Prepared data for serialisation in 0.00s
  Pass ShadowCaster (vp, d3d11) finished in 0.01 seconds. Local cache hits 2 (0.01s CPU time), remote cache hits 0 (0.00s CPU time), compiled 0 variants (0.00s CPU time), skipped 0 variants.
    Prepared data for serialisation in 0.00s
  Pass ShadowCaster (fp, d3d11) finished in 0.01 seconds. Local cache hits 2 (0.01s CPU time), remote cache hits 0 (0.00s CPU time), compiled 0 variants (0.00s CPU time), skipped 0 variants.
    Prepared data for serialisation in 0.00s
Serialized binary data for shader Legacy Shaders/VertexLit in 0.00s
    d3d11 (total internal programs: 12, unique: 12)
Compiling shader "Legacy Shaders/Diffuse"
  Pass "FORWARD" (vp)
    Target graphics API: d3d11
    Full variant space:         664
    After settings filtering:   664
    After built-in stripping:   8
    After scriptable stripping: 8
    Processed in 0.00 seconds
  Pass "FORWARD" (fp)
    Target graphics API: d3d11
    Full variant space:         504
    After settings filtering:   504
    After built-in stripping:   4
    After scriptable stripping: 4
    Processed in 0.00 seconds
  Pass "FORWARD" (vp)
    Target graphics API: d3d11
    Full variant space:         20
    After settings filtering:   20
    After built-in stripping:   5
    After scriptable stripping: 5
    Processed in 0.00 seconds
  Pass "FORWARD" (fp)
    Target graphics API: d3d11
    Full variant space:         20
    After settings filtering:   20
    After built-in stripping:   5
    After scriptable stripping: 5
    Processed in 0.00 seconds
  Pass "DEFERRED" (vp)
    Target graphics API: d3d11
    Full variant space:         76
    After settings filtering:   76
    After built-in stripping:   4
    After scriptable stripping: 4
    Processed in 0.00 seconds
  Pass "DEFERRED" (fp)
    Target graphics API: d3d11
    Full variant space:         76
    After settings filtering:   76
    After built-in stripping:   4
    After scriptable stripping: 4
    Processed in 0.00 seconds
  Pass FORWARD (vp, d3d11) finished in 0.02 seconds. Local cache hits 8 (0.05s CPU time), remote cache hits 0 (0.00s CPU time), compiled 0 variants (0.00s CPU time), skipped 0 variants.
    Prepared data for serialisation in 0.00s
  Pass FORWARD (fp, d3d11) finished in 0.01 seconds. Local cache hits 4 (0.03s CPU time), remote cache hits 0 (0.00s CPU time), compiled 0 variants (0.00s CPU time), skipped 0 variants.
    Prepared data for serialisation in 0.00s
  Pass FORWARD (vp, d3d11) finished in 0.01 seconds. Local cache hits 5 (0.03s CPU time), remote cache hits 0 (0.00s CPU time), compiled 0 variants (0.00s CPU time), skipped 0 variants.
    Prepared data for serialisation in 0.00s
  Pass FORWARD (fp, d3d11) finished in 0.01 seconds. Local cache hits 5 (0.03s CPU time), remote cache hits 0 (0.00s CPU time), compiled 0 variants (0.00s CPU time), skipped 0 variants.
    Prepared data for serialisation in 0.00s
  Pass DEFERRED (vp, d3d11) finished in 0.01 seconds. Local cache hits 4 (0.03s CPU time), remote cache hits 0 (0.00s CPU time), compiled 0 variants (0.00s CPU time), skipped 0 variants.
    Prepared data for serialisation in 0.00s
  Pass DEFERRED (fp, d3d11) finished in 0.01 seconds. Local cache hits 4 (0.02s CPU time), remote cache hits 0 (0.00s CPU time), compiled 0 variants (0.00s CPU time), skipped 0 variants.
    Prepared data for serialisation in 0.00s
Serialized binary data for shader Legacy Shaders/Diffuse in 0.00s
    d3d11 (total internal programs: 30, unique: 30)
Compiling shader "Hidden/Internal-StencilWrite"
  Pass "" (vp)
    Target graphics API: d3d11
    Full variant space:         1
    After settings filtering:   1
    After built-in stripping:   1
    After scriptable stripping: 1
    Processed in 0.00 seconds
  Pass "" (fp)
    Target graphics API: d3d11
    Full variant space:         1
    After settings filtering:   1
    After built-in stripping:   1
    After scriptable stripping: 1
    Processed in 0.00 seconds
  Pass  (vp, d3d11) finished in 0.01 seconds. Local cache hits 1 (0.01s CPU time), remote cache hits 0 (0.00s CPU time), compiled 0 variants (0.00s CPU time), skipped 0 variants.
    Prepared data for serialisation in 0.00s
  Pass  (fp, d3d11) finished in 0.01 seconds. Local cache hits 1 (0.01s CPU time), remote cache hits 0 (0.00s CPU time), compiled 0 variants (0.00s CPU time), skipped 0 variants.
    Prepared data for serialisation in 0.00s
Serialized binary data for shader Hidden/Internal-StencilWrite in 0.00s
    d3d11 (total internal programs: 2, unique: 2)
Compiling shader "Hidden/Internal-DepthNormalsTexture"
  Pass "" (vp)
    Target graphics API: d3d11
    Full variant space:         1
    After settings filtering:   1
    After built-in stripping:   1
    After scriptable stripping: 1
    Processed in 0.00 seconds
  Pass "" (fp)
    Target graphics API: d3d11
    Full variant space:         1
    After settings filtering:   1
    After built-in stripping:   1
    After scriptable stripping: 1
    Processed in 0.00 seconds
  Pass "" (vp)
    Target graphics API: d3d11
    Full variant space:         1
    After settings filtering:   1
    After built-in stripping:   1
    After scriptable stripping: 1
    Processed in 0.00 seconds
  Pass "" (fp)
    Target graphics API: d3d11
    Full variant space:         1
    After settings filtering:   1
    After built-in stripping:   1
    After scriptable stripping: 1
    Processed in 0.00 seconds
  Pass "" (vp)
    Target graphics API: d3d11
    Full variant space:         1
    After settings filtering:   1
    After built-in stripping:   1
    After scriptable stripping: 1
    Processed in 0.00 seconds
  Pass "" (fp)
    Target graphics API: d3d11
    Full variant space:         1
    After settings filtering:   1
    After built-in stripping:   1
    After scriptable stripping: 1
    Processed in 0.00 seconds
  Pass "" (vp)
    Target graphics API: d3d11
    Full variant space:         1
    After settings filtering:   1
    After built-in stripping:   1
    After scriptable stripping: 1
    Processed in 0.00 seconds
  Pass "" (fp)
    Target graphics API: d3d11
    Full variant space:         1
    After settings filtering:   1
    After built-in stripping:   1
    After scriptable stripping: 1
    Processed in 0.00 seconds
  Pass "" (vp)
    Target graphics API: d3d11
    Full variant space:         1
    After settings filtering:   1
    After built-in stripping:   1
    After scriptable stripping: 1
    Processed in 0.00 seconds
  Pass "" (fp)
    Target graphics API: d3d11
    Full variant space:         1
    After settings filtering:   1
    After built-in stripping:   1
    After scriptable stripping: 1
    Processed in 0.00 seconds
  Pass "" (vp)
    Target graphics API: d3d11
    Full variant space:         1
    After settings filtering:   1
    After built-in stripping:   1
    After scriptable stripping: 1
    Processed in 0.00 seconds
  Pass "" (fp)
    Target graphics API: d3d11
    Full variant space:         1
    After settings filtering:   1
    After built-in stripping:   1
    After scriptable stripping: 1
    Processed in 0.00 seconds
  Pass "" (vp)
    Target graphics API: d3d11
    Full variant space:         1
    After settings filtering:   1
    After built-in stripping:   1
    After scriptable stripping: 1
    Processed in 0.00 seconds
  Pass "" (fp)
    Target graphics API: d3d11
    Full variant space:         1
    After settings filtering:   1
    After built-in stripping:   1
    After scriptable stripping: 1
    Processed in 0.00 seconds
  Pass "" (vp)
    Target graphics API: d3d11
    Full variant space:         1
    After settings filtering:   1
    After built-in stripping:   1
    After scriptable stripping: 1
    Processed in 0.00 seconds
  Pass "" (fp)
    Target graphics API: d3d11
    Full variant space:         1
    After settings filtering:   1
    After built-in stripping:   1
    After scriptable stripping: 1
    Processed in 0.00 seconds
  Pass "" (vp)
    Target graphics API: d3d11
    Full variant space:         1
    After settings filtering:   1
    After built-in stripping:   1
    After scriptable stripping: 1
    Processed in 0.00 seconds
  Pass "" (fp)
    Target graphics API: d3d11
    Full variant space:         1
    After settings filtering:   1
    After built-in stripping:   1
    After scriptable stripping: 1
    Processed in 0.00 seconds
  Pass "" (vp)
    Target graphics API: d3d11
    Full variant space:         1
    After settings filtering:   1
    After built-in stripping:   1
    After scriptable stripping: 1
    Processed in 0.00 seconds
  Pass "" (fp)
    Target graphics API: d3d11
    Full variant space:         1
    After settings filtering:   1
    After built-in stripping:   1
    After scriptable stripping: 1
    Processed in 0.00 seconds
  Pass  (vp, d3d11) finished in 0.01 seconds. Local cache hits 1 (0.01s CPU time), remote cache hits 0 (0.00s CPU time), compiled 0 variants (0.00s CPU time), skipped 0 variants.
    Prepared data for serialisation in 0.00s
  Pass  (fp, d3d11) finished in 0.01 seconds. Local cache hits 1 (0.01s CPU time), remote cache hits 0 (0.00s CPU time), compiled 0 variants (0.00s CPU time), skipped 0 variants.
    Prepared data for serialisation in 0.00s
  Pass  (vp, d3d11) finished in 0.01 seconds. Local cache hits 1 (0.01s CPU time), remote cache hits 0 (0.00s CPU time), compiled 0 variants (0.00s CPU time), skipped 0 variants.
    Prepared data for serialisation in 0.00s
  Pass  (fp, d3d11) finished in 0.01 seconds. Local cache hits 1 (0.01s CPU time), remote cache hits 0 (0.00s CPU time), compiled 0 variants (0.00s CPU time), skipped 0 variants.
    Prepared data for serialisation in 0.00s
  Pass  (vp, d3d11) finished in 0.01 seconds. Local cache hits 1 (0.01s CPU time), remote cache hits 0 (0.00s CPU time), compiled 0 variants (0.00s CPU time), skipped 0 variants.
    Prepared data for serialisation in 0.00s
  Pass  (fp, d3d11) finished in 0.01 seconds. Local cache hits 1 (0.01s CPU time), remote cache hits 0 (0.00s CPU time), compiled 0 variants (0.00s CPU time), skipped 0 variants.
    Prepared data for serialisation in 0.00s
  Pass  (vp, d3d11) finished in 0.01 seconds. Local cache hits 1 (0.01s CPU time), remote cache hits 0 (0.00s CPU time), compiled 0 variants (0.00s CPU time), skipped 0 variants.
    Prepared data for serialisation in 0.00s
  Pass  (fp, d3d11) finished in 0.01 seconds. Local cache hits 1 (0.01s CPU time), remote cache hits 0 (0.00s CPU time), compiled 0 variants (0.00s CPU time), skipped 0 variants.
    Prepared data for serialisation in 0.00s
  Pass  (vp, d3d11) finished in 0.01 seconds. Local cache hits 1 (0.01s CPU time), remote cache hits 0 (0.00s CPU time), compiled 0 variants (0.00s CPU time), skipped 0 variants.
    Prepared data for serialisation in 0.00s
  Pass  (fp, d3d11) finished in 0.01 seconds. Local cache hits 1 (0.00s CPU time), remote cache hits 0 (0.00s CPU time), compiled 0 variants (0.00s CPU time), skipped 0 variants.
    Prepared data for serialisation in 0.00s
  Pass  (vp, d3d11) finished in 0.01 seconds. Local cache hits 1 (0.01s CPU time), remote cache hits 0 (0.00s CPU time), compiled 0 variants (0.00s CPU time), skipped 0 variants.
    Prepared data for serialisation in 0.00s
  Pass  (fp, d3d11) finished in 0.01 seconds. Local cache hits 1 (0.01s CPU time), remote cache hits 0 (0.00s CPU time), compiled 0 variants (0.00s CPU time), skipped 0 variants.
    Prepared data for serialisation in 0.00s
  Pass  (vp, d3d11) finished in 0.01 seconds. Local cache hits 1 (0.01s CPU time), remote cache hits 0 (0.00s CPU time), compiled 0 variants (0.00s CPU time), skipped 0 variants.
    Prepared data for serialisation in 0.00s
  Pass  (fp, d3d11) finished in 0.00 seconds. Local cache hits 1 (0.00s CPU time), remote cache hits 0 (0.00s CPU time), compiled 0 variants (0.00s CPU time), skipped 0 variants.
    Prepared data for serialisation in 0.00s
  Pass  (vp, d3d11) finished in 0.01 seconds. Local cache hits 1 (0.01s CPU time), remote cache hits 0 (0.00s CPU time), compiled 0 variants (0.00s CPU time), skipped 0 variants.
    Prepared data for serialisation in 0.00s
  Pass  (fp, d3d11) finished in 0.01 seconds. Local cache hits 1 (0.01s CPU time), remote cache hits 0 (0.00s CPU time), compiled 0 variants (0.00s CPU time), skipped 0 variants.
    Prepared data for serialisation in 0.00s
  Pass  (vp, d3d11) finished in 0.01 seconds. Local cache hits 1 (0.01s CPU time), remote cache hits 0 (0.00s CPU time), compiled 0 variants (0.00s CPU time), skipped 0 variants.
    Prepared data for serialisation in 0.00s
  Pass  (fp, d3d11) finished in 0.00 seconds. Local cache hits 1 (0.00s CPU time), remote cache hits 0 (0.00s CPU time), compiled 0 variants (0.00s CPU time), skipped 0 variants.
    Prepared data for serialisation in 0.00s
  Pass  (vp, d3d11) finished in 0.01 seconds. Local cache hits 1 (0.01s CPU time), remote cache hits 0 (0.00s CPU time), compiled 0 variants (0.00s CPU time), skipped 0 variants.
    Prepared data for serialisation in 0.00s
  Pass  (fp, d3d11) finished in 0.01 seconds. Local cache hits 1 (0.00s CPU time), remote cache hits 0 (0.00s CPU time), compiled 0 variants (0.00s CPU time), skipped 0 variants.
    Prepared data for serialisation in 0.00s
Serialized binary data for shader Hidden/Internal-DepthNormalsTexture in 0.00s
    d3d11 (total internal programs: 20, unique: 17)
Compiling shader "Hidden/Internal-ScreenSpaceShadows"
  Pass "" (vp)
    Target graphics API: d3d11
    Full variant space:         4
    After settings filtering:   4
    After built-in stripping:   4
    After scriptable stripping: 4
    Processed in 0.00 seconds
  Pass "" (fp)
    Target graphics API: d3d11
    Full variant space:         4
    After settings filtering:   4
    After built-in stripping:   4
    After scriptable stripping: 4
    Processed in 0.00 seconds
  Pass "" (vp)
    Target graphics API: d3d11
    Full variant space:         4
    After settings filtering:   4
    After built-in stripping:   4
    After scriptable stripping: 4
    Processed in 0.00 seconds
  Pass "" (fp)
    Target graphics API: d3d11
    Full variant space:         4
    After settings filtering:   4
    After built-in stripping:   4
    After scriptable stripping: 4
    Processed in 0.00 seconds
  Pass "" (vp)
    Target graphics API: d3d11
    Full variant space:         4
    After settings filtering:   4
    After built-in stripping:   4
    After scriptable stripping: 4
    Processed in 0.00 seconds
  Pass "" (fp)
    Target graphics API: d3d11
    Full variant space:         4
    After settings filtering:   4
    After built-in stripping:   4
    After scriptable stripping: 4
    Processed in 0.00 seconds
  Pass "" (vp)
    Target graphics API: d3d11
    Full variant space:         4
    After settings filtering:   4
    After built-in stripping:   4
    After scriptable stripping: 4
    Processed in 0.00 seconds
  Pass "" (fp)
    Target graphics API: d3d11
    Full variant space:         4
    After settings filtering:   4
    After built-in stripping:   4
    After scriptable stripping: 4
    Processed in 0.00 seconds
  Pass  (vp, d3d11) finished in 0.01 seconds. Local cache hits 4 (0.02s CPU time), remote cache hits 0 (0.00s CPU time), compiled 0 variants (0.00s CPU time), skipped 0 variants.
    Prepared data for serialisation in 0.00s
  Pass  (fp, d3d11) finished in 0.01 seconds. Local cache hits 4 (0.03s CPU time), remote cache hits 0 (0.00s CPU time), compiled 0 variants (0.00s CPU time), skipped 0 variants.
    Prepared data for serialisation in 0.00s
  Pass  (vp, d3d11) finished in 0.00 seconds. Local cache hits 4 (0.00s CPU time), remote cache hits 0 (0.00s CPU time), compiled 0 variants (0.00s CPU time), skipped 0 variants.
    Prepared data for serialisation in 0.00s
  Pass  (fp, d3d11) finished in 0.01 seconds. Local cache hits 4 (0.03s CPU time), remote cache hits 0 (0.00s CPU time), compiled 0 variants (0.00s CPU time), skipped 0 variants.
    Prepared data for serialisation in 0.00s
  Pass  (vp, d3d11) finished in 0.01 seconds. Local cache hits 4 (0.00s CPU time), remote cache hits 0 (0.00s CPU time), compiled 0 variants (0.00s CPU time), skipped 0 variants.
    Prepared data for serialisation in 0.00s
  Pass  (fp, d3d11) finished in 0.01 seconds. Local cache hits 4 (0.03s CPU time), remote cache hits 0 (0.00s CPU time), compiled 0 variants (0.00s CPU time), skipped 0 variants.
    Prepared data for serialisation in 0.00s
  Pass  (vp, d3d11) finished in 0.00 seconds. Local cache hits 4 (0.01s CPU time), remote cache hits 0 (0.00s CPU time), compiled 0 variants (0.00s CPU time), skipped 0 variants.
    Prepared data for serialisation in 0.00s
  Pass  (fp, d3d11) finished in 0.01 seconds. Local cache hits 4 (0.03s CPU time), remote cache hits 0 (0.00s CPU time), compiled 0 variants (0.00s CPU time), skipped 0 variants.
    Prepared data for serialisation in 0.00s
Serialized binary data for shader Hidden/Internal-ScreenSpaceShadows in 0.00s
    d3d11 (total internal programs: 32, unique: 20)
Compiling shader "Hidden/Internal-CombineDepthNormals"
  Pass "" (vp)
    Target graphics API: d3d11
    Full variant space:         1
    After settings filtering:   1
    After built-in stripping:   1
    After scriptable stripping: 1
    Processed in 0.00 seconds
  Pass "" (fp)
    Target graphics API: d3d11
    Full variant space:         1
    After settings filtering:   1
    After built-in stripping:   1
    After scriptable stripping: 1
    Processed in 0.00 seconds
  Pass  (vp, d3d11) finished in 0.01 seconds. Local cache hits 1 (0.01s CPU time), remote cache hits 0 (0.00s CPU time), compiled 0 variants (0.00s CPU time), skipped 0 variants.
    Prepared data for serialisation in 0.00s
  Pass  (fp, d3d11) finished in 0.01 seconds. Local cache hits 1 (0.01s CPU time), remote cache hits 0 (0.00s CPU time), compiled 0 variants (0.00s CPU time), skipped 0 variants.
    Prepared data for serialisation in 0.00s
Serialized binary data for shader Hidden/Internal-CombineDepthNormals in 0.00s
    d3d11 (total internal programs: 2, unique: 2)
Compiling shader "Hidden/BlitCopy"
  Pass "" (vp)
    Target graphics API: d3d11
    Full variant space:         1
    After settings filtering:   1
    After built-in stripping:   1
    After scriptable stripping: 1
    Processed in 0.00 seconds
  Pass "" (fp)
    Target graphics API: d3d11
    Full variant space:         1
    After settings filtering:   1
    After built-in stripping:   1
    After scriptable stripping: 1
    Processed in 0.00 seconds
  Pass  (vp, d3d11) finished in 0.01 seconds. Local cache hits 1 (0.01s CPU time), remote cache hits 0 (0.00s CPU time), compiled 0 variants (0.00s CPU time), skipped 0 variants.
    Prepared data for serialisation in 0.00s
  Pass  (fp, d3d11) finished in 0.01 seconds. Local cache hits 1 (0.01s CPU time), remote cache hits 0 (0.00s CPU time), compiled 0 variants (0.00s CPU time), skipped 0 variants.
    Prepared data for serialisation in 0.00s
Serialized binary data for shader Hidden/BlitCopy in 0.00s
    d3d11 (total internal programs: 2, unique: 2)
Compiling shader "Hidden/BlitCopyDepth"
  Pass "" (vp)
    Target graphics API: d3d11
    Full variant space:         1
    After settings filtering:   1
    After built-in stripping:   1
    After scriptable stripping: 1
    Processed in 0.00 seconds
  Pass "" (fp)
    Target graphics API: d3d11
    Full variant space:         1
    After settings filtering:   1
    After built-in stripping:   1
    After scriptable stripping: 1
    Processed in 0.00 seconds
  Pass  (vp, d3d11) finished in 0.01 seconds. Local cache hits 1 (0.01s CPU time), remote cache hits 0 (0.00s CPU time), compiled 0 variants (0.00s CPU time), skipped 0 variants.
    Prepared data for serialisation in 0.00s
  Pass  (fp, d3d11) finished in 0.01 seconds. Local cache hits 1 (0.01s CPU time), remote cache hits 0 (0.00s CPU time), compiled 0 variants (0.00s CPU time), skipped 0 variants.
    Prepared data for serialisation in 0.00s
Serialized binary data for shader Hidden/BlitCopyDepth in 0.00s
    d3d11 (total internal programs: 2, unique: 2)
Compiling shader "Hidden/ConvertTexture"
  Pass "" (vp)
    Target graphics API: d3d11
    Full variant space:         1
    After settings filtering:   1
    After built-in stripping:   1
    After scriptable stripping: 1
    Processed in 0.00 seconds
  Pass "" (fp)
    Target graphics API: d3d11
    Full variant space:         1
    After settings filtering:   1
    After built-in stripping:   1
    After scriptable stripping: 1
    Processed in 0.00 seconds
  Pass  (vp, d3d11) finished in 0.01 seconds. Local cache hits 1 (0.01s CPU time), remote cache hits 0 (0.00s CPU time), compiled 0 variants (0.00s CPU time), skipped 0 variants.
    Prepared data for serialisation in 0.00s
  Pass  (fp, d3d11) finished in 0.01 seconds. Local cache hits 1 (0.01s CPU time), remote cache hits 0 (0.00s CPU time), compiled 0 variants (0.00s CPU time), skipped 0 variants.
    Prepared data for serialisation in 0.00s
Serialized binary data for shader Hidden/ConvertTexture in 0.00s
    d3d11 (total internal programs: 2, unique: 2)
Compiling shader "Hidden/Internal-DeferredShading"
  Pass "" (vp)
    Target graphics API: d3d11
    Full variant space:         94
    After settings filtering:   94
    After built-in stripping:   26
    After scriptable stripping: 26
    Processed in 0.00 seconds
  Pass "" (fp)
    Target graphics API: d3d11
    Full variant space:         94
    After settings filtering:   94
    After built-in stripping:   26
    After scriptable stripping: 26
    Processed in 0.00 seconds
  Pass "" (vp)
    Target graphics API: d3d11
    Full variant space:         1
    After settings filtering:   1
    After built-in stripping:   1
    After scriptable stripping: 1
    Processed in 0.00 seconds
  Pass "" (fp)
    Target graphics API: d3d11
    Full variant space:         1
    After settings filtering:   1
    After built-in stripping:   1
    After scriptable stripping: 1
    Processed in 0.00 seconds
  Pass  (vp, d3d11) finished in 0.06 seconds. Local cache hits 26 (0.17s CPU time), remote cache hits 0 (0.00s CPU time), compiled 0 variants (0.00s CPU time), skipped 0 variants.
    Prepared data for serialisation in 0.00s
  Pass  (fp, d3d11) finished in 0.06 seconds. Local cache hits 26 (0.18s CPU time), remote cache hits 0 (0.00s CPU time), compiled 0 variants (0.00s CPU time), skipped 0 variants.
    Prepared data for serialisation in 0.00s
  Pass  (vp, d3d11) finished in 0.01 seconds. Local cache hits 1 (0.01s CPU time), remote cache hits 0 (0.00s CPU time), compiled 0 variants (0.00s CPU time), skipped 0 variants.
    Prepared data for serialisation in 0.00s
  Pass  (fp, d3d11) finished in 0.01 seconds. Local cache hits 1 (0.01s CPU time), remote cache hits 0 (0.00s CPU time), compiled 0 variants (0.00s CPU time), skipped 0 variants.
    Prepared data for serialisation in 0.00s
Serialized binary data for shader Hidden/Internal-DeferredShading in 0.00s
    d3d11 (total internal programs: 54, unique: 54)
Compiling shader "Hidden/Internal-DeferredReflections"
  Pass "" (vp)
    Target graphics API: d3d11
    Full variant space:         1
    After settings filtering:   1
    After built-in stripping:   1
    After scriptable stripping: 1
    Processed in 0.00 seconds
  Pass "" (fp)
    Target graphics API: d3d11
    Full variant space:         1
    After settings filtering:   1
    After built-in stripping:   1
    After scriptable stripping: 1
    Processed in 0.00 seconds
  Pass "" (vp)
    Target graphics API: d3d11
    Full variant space:         2
    After settings filtering:   2
    After built-in stripping:   2
    After scriptable stripping: 2
    Processed in 0.00 seconds
  Pass "" (fp)
    Target graphics API: d3d11
    Full variant space:         2
    After settings filtering:   2
    After built-in stripping:   2
    After scriptable stripping: 2
    Processed in 0.00 seconds
  Pass  (vp, d3d11) finished in 0.01 seconds. Local cache hits 1 (0.01s CPU time), remote cache hits 0 (0.00s CPU time), compiled 0 variants (0.00s CPU time), skipped 0 variants.
    Prepared data for serialisation in 0.00s
  Pass  (fp, d3d11) finished in 0.01 seconds. Local cache hits 1 (0.01s CPU time), remote cache hits 0 (0.00s CPU time), compiled 0 variants (0.00s CPU time), skipped 0 variants.
    Prepared data for serialisation in 0.00s
  Pass  (vp, d3d11) finished in 0.01 seconds. Local cache hits 2 (0.01s CPU time), remote cache hits 0 (0.00s CPU time), compiled 0 variants (0.00s CPU time), skipped 0 variants.
    Prepared data for serialisation in 0.00s
  Pass  (fp, d3d11) finished in 0.01 seconds. Local cache hits 2 (0.02s CPU time), remote cache hits 0 (0.00s CPU time), compiled 0 variants (0.00s CPU time), skipped 0 variants.
    Prepared data for serialisation in 0.00s
Serialized binary data for shader Hidden/Internal-DeferredReflections in 0.00s
    d3d11 (total internal programs: 6, unique: 6)
Compiling shader "Hidden/Internal-MotionVectors"
  Pass "" (vp)
    Target graphics API: d3d11
    Full variant space:         1
    After settings filtering:   1
    After built-in stripping:   1
    After scriptable stripping: 1
    Processed in 0.00 seconds
  Pass "" (fp)
    Target graphics API: d3d11
    Full variant space:         1
    After settings filtering:   1
    After built-in stripping:   1
    After scriptable stripping: 1
    Processed in 0.00 seconds
  Pass "" (vp)
    Target graphics API: d3d11
    Full variant space:         1
    After settings filtering:   1
    After built-in stripping:   1
    After scriptable stripping: 1
    Processed in 0.00 seconds
  Pass "" (fp)
    Target graphics API: d3d11
    Full variant space:         1
    After settings filtering:   1
    After built-in stripping:   1
    After scriptable stripping: 1
    Processed in 0.00 seconds
  Pass "" (vp)
    Target graphics API: d3d11
    Full variant space:         1
    After settings filtering:   1
    After built-in stripping:   1
    After scriptable stripping: 1
    Processed in 0.00 seconds
  Pass "" (fp)
    Target graphics API: d3d11
    Full variant space:         1
    After settings filtering:   1
    After built-in stripping:   1
    After scriptable stripping: 1
    Processed in 0.00 seconds
  Pass  (vp, d3d11) finished in 0.01 seconds. Local cache hits 1 (0.01s CPU time), remote cache hits 0 (0.00s CPU time), compiled 0 variants (0.00s CPU time), skipped 0 variants.
    Prepared data for serialisation in 0.00s
  Pass  (fp, d3d11) finished in 0.01 seconds. Local cache hits 1 (0.01s CPU time), remote cache hits 0 (0.00s CPU time), compiled 0 variants (0.00s CPU time), skipped 0 variants.
    Prepared data for serialisation in 0.00s
  Pass  (vp, d3d11) finished in 0.01 seconds. Local cache hits 1 (0.01s CPU time), remote cache hits 0 (0.00s CPU time), compiled 0 variants (0.00s CPU time), skipped 0 variants.
    Prepared data for serialisation in 0.00s
  Pass  (fp, d3d11) finished in 0.01 seconds. Local cache hits 1 (0.01s CPU time), remote cache hits 0 (0.00s CPU time), compiled 0 variants (0.00s CPU time), skipped 0 variants.
    Prepared data for serialisation in 0.00s
  Pass  (vp, d3d11) finished in 0.00 seconds. Local cache hits 1 (0.00s CPU time), remote cache hits 0 (0.00s CPU time), compiled 0 variants (0.00s CPU time), skipped 0 variants.
    Prepared data for serialisation in 0.00s
  Pass  (fp, d3d11) finished in 0.01 seconds. Local cache hits 1 (0.01s CPU time), remote cache hits 0 (0.00s CPU time), compiled 0 variants (0.00s CPU time), skipped 0 variants.
    Prepared data for serialisation in 0.00s
Serialized binary data for shader Hidden/Internal-MotionVectors in 0.00s
    d3d11 (total internal programs: 6, unique: 5)
Compiling shader "Hidden/Internal-Flare"
  Pass "" (vp)
    Target graphics API: d3d11
    Full variant space:         1
    After settings filtering:   1
    After built-in stripping:   1
    After scriptable stripping: 1
    Processed in 0.00 seconds
  Pass "" (fp)
    Target graphics API: d3d11
    Full variant space:         1
    After settings filtering:   1
    After built-in stripping:   1
    After scriptable stripping: 1
    Processed in 0.00 seconds
  Pass  (vp, d3d11) finished in 0.01 seconds. Local cache hits 1 (0.01s CPU time), remote cache hits 0 (0.00s CPU time), compiled 0 variants (0.00s CPU time), skipped 0 variants.
    Prepared data for serialisation in 0.00s
  Pass  (fp, d3d11) finished in 0.01 seconds. Local cache hits 1 (0.01s CPU time), remote cache hits 0 (0.00s CPU time), compiled 0 variants (0.00s CPU time), skipped 0 variants.
    Prepared data for serialisation in 0.00s
Serialized binary data for shader Hidden/Internal-Flare in 0.00s
    d3d11 (total internal programs: 2, unique: 2)
Compiling shader "Hidden/Internal-Halo"
  Pass "" (vp)
    Target graphics API: d3d11
    Full variant space:         4
    After settings filtering:   4
    After built-in stripping:   1
    After scriptable stripping: 1
    Processed in 0.00 seconds
  Pass "" (fp)
    Target graphics API: d3d11
    Full variant space:         4
    After settings filtering:   4
    After built-in stripping:   1
    After scriptable stripping: 1
    Processed in 0.00 seconds
  Pass  (vp, d3d11) finished in 0.01 seconds. Local cache hits 1 (0.01s CPU time), remote cache hits 0 (0.00s CPU time), compiled 0 variants (0.00s CPU time), skipped 0 variants.
    Prepared data for serialisation in 0.00s
  Pass  (fp, d3d11) finished in 0.01 seconds. Local cache hits 1 (0.01s CPU time), remote cache hits 0 (0.00s CPU time), compiled 0 variants (0.00s CPU time), skipped 0 variants.
    Prepared data for serialisation in 0.00s
Serialized binary data for shader Hidden/Internal-Halo in 0.00s
    d3d11 (total internal programs: 2, unique: 2)
Compiling shader "Hidden/BlitCopyWithDepth"
  Pass "" (vp)
    Target graphics API: d3d11
    Full variant space:         1
    After settings filtering:   1
    After built-in stripping:   1
    After scriptable stripping: 1
    Processed in 0.00 seconds
  Pass "" (fp)
    Target graphics API: d3d11
    Full variant space:         1
    After settings filtering:   1
    After built-in stripping:   1
    After scriptable stripping: 1
    Processed in 0.00 seconds
  Pass  (vp, d3d11) finished in 0.00 seconds. Local cache hits 1 (0.00s CPU time), remote cache hits 0 (0.00s CPU time), compiled 0 variants (0.00s CPU time), skipped 0 variants.
    Prepared data for serialisation in 0.00s
  Pass  (fp, d3d11) finished in 0.01 seconds. Local cache hits 1 (0.01s CPU time), remote cache hits 0 (0.00s CPU time), compiled 0 variants (0.00s CPU time), skipped 0 variants.
    Prepared data for serialisation in 0.00s
Serialized binary data for shader Hidden/BlitCopyWithDepth in 0.00s
    d3d11 (total internal programs: 2, unique: 2)
Compiling shader "Hidden/BlitToDepth"
  Pass "" (vp)
    Target graphics API: d3d11
    Full variant space:         1
    After settings filtering:   1
    After built-in stripping:   1
    After scriptable stripping: 1
    Processed in 0.00 seconds
  Pass "" (fp)
    Target graphics API: d3d11
    Full variant space:         1
    After settings filtering:   1
    After built-in stripping:   1
    After scriptable stripping: 1
    Processed in 0.00 seconds
  Pass  (vp, d3d11) finished in 0.01 seconds. Local cache hits 1 (0.01s CPU time), remote cache hits 0 (0.00s CPU time), compiled 0 variants (0.00s CPU time), skipped 0 variants.
    Prepared data for serialisation in 0.00s
  Pass  (fp, d3d11) finished in 0.00 seconds. Local cache hits 1 (0.00s CPU time), remote cache hits 0 (0.00s CPU time), compiled 0 variants (0.00s CPU time), skipped 0 variants.
    Prepared data for serialisation in 0.00s
Serialized binary data for shader Hidden/BlitToDepth in 0.00s
    d3d11 (total internal programs: 2, unique: 2)
Compiling shader "Hidden/BlitToDepth_MSAA"
  Pass "" (vp)
    Target graphics API: d3d11
    Full variant space:         1
    After settings filtering:   1
    After built-in stripping:   1
    After scriptable stripping: 1
    Processed in 0.00 seconds
  Pass "" (fp)
    Target graphics API: d3d11
    Full variant space:         1
    After settings filtering:   1
    After built-in stripping:   1
    After scriptable stripping: 1
    Processed in 0.00 seconds
  Pass  (vp, d3d11) finished in 0.01 seconds. Local cache hits 1 (0.01s CPU time), remote cache hits 0 (0.00s CPU time), compiled 0 variants (0.00s CPU time), skipped 0 variants.
    Prepared data for serialisation in 0.00s
  Pass  (fp, d3d11) finished in 0.01 seconds. Local cache hits 1 (0.01s CPU time), remote cache hits 0 (0.00s CPU time), compiled 0 variants (0.00s CPU time), skipped 0 variants.
    Prepared data for serialisation in 0.00s
Serialized binary data for shader Hidden/BlitToDepth_MSAA in 0.00s
    d3d11 (total internal programs: 2, unique: 2)
Compiling shader "Hidden/BlitCopyHDRTonemap"
  Pass "" (vp)
    Target graphics API: d3d11
    Full variant space:         1
    After settings filtering:   1
    After built-in stripping:   1
    After scriptable stripping: 1
    Processed in 0.00 seconds
  Pass "" (fp)
    Target graphics API: d3d11
    Full variant space:         1
    After settings filtering:   1
    After built-in stripping:   1
    After scriptable stripping: 1
    Processed in 0.00 seconds
  Pass  (vp, d3d11) finished in 0.00 seconds. Local cache hits 1 (0.00s CPU time), remote cache hits 0 (0.00s CPU time), compiled 0 variants (0.00s CPU time), skipped 0 variants.
    Prepared data for serialisation in 0.00s
  Pass  (fp, d3d11) finished in 0.01 seconds. Local cache hits 1 (0.01s CPU time), remote cache hits 0 (0.00s CPU time), compiled 0 variants (0.00s CPU time), skipped 0 variants.
    Prepared data for serialisation in 0.00s
Serialized binary data for shader Hidden/BlitCopyHDRTonemap in 0.00s
    d3d11 (total internal programs: 2, unique: 2)
Compiling shader "Hidden/Internal-DebugPattern"
  Pass "Target Color and DepthStencil" (vp)
    Target graphics API: d3d11
    Full variant space:         1
    After settings filtering:   1
    After built-in stripping:   1
    After scriptable stripping: 1
    Processed in 0.00 seconds
  Pass "Target Color and DepthStencil" (fp)
    Target graphics API: d3d11
    Full variant space:         1
    After settings filtering:   1
    After built-in stripping:   1
    After scriptable stripping: 1
    Processed in 0.00 seconds
  Pass "Target only Color" (vp)
    Target graphics API: d3d11
    Full variant space:         1
    After settings filtering:   1
    After built-in stripping:   1
    After scriptable stripping: 1
    Processed in 0.00 seconds
  Pass "Target only Color" (fp)
    Target graphics API: d3d11
    Full variant space:         1
    After settings filtering:   1
    After built-in stripping:   1
    After scriptable stripping: 1
    Processed in 0.00 seconds
  Pass "Target only DepthStencil" (vp)
    Target graphics API: d3d11
    Full variant space:         1
    After settings filtering:   1
    After built-in stripping:   1
    After scriptable stripping: 1
    Processed in 0.00 seconds
  Pass "Target only DepthStencil" (fp)
    Target graphics API: d3d11
    Full variant space:         1
    After settings filtering:   1
    After built-in stripping:   1
    After scriptable stripping: 1
    Processed in 0.00 seconds
  Pass Target Color and DepthStencil (vp, d3d11) finished in 0.01 seconds. Local cache hits 1 (0.01s CPU time), remote cache hits 0 (0.00s CPU time), compiled 0 variants (0.00s CPU time), skipped 0 variants.
    Prepared data for serialisation in 0.00s
  Pass Target Color and DepthStencil (fp, d3d11) finished in 0.01 seconds. Local cache hits 1 (0.01s CPU time), remote cache hits 0 (0.00s CPU time), compiled 0 variants (0.00s CPU time), skipped 0 variants.
    Prepared data for serialisation in 0.00s
  Pass Target only Color (vp, d3d11) finished in 0.00 seconds. Local cache hits 1 (0.00s CPU time), remote cache hits 0 (0.00s CPU time), compiled 0 variants (0.00s CPU time), skipped 0 variants.
    Prepared data for serialisation in 0.00s
  Pass Target only Color (fp, d3d11) finished in 0.01 seconds. Local cache hits 1 (0.01s CPU time), remote cache hits 0 (0.00s CPU time), compiled 0 variants (0.00s CPU time), skipped 0 variants.
    Prepared data for serialisation in 0.00s
  Pass Target only DepthStencil (vp, d3d11) finished in 0.00 seconds. Local cache hits 1 (0.00s CPU time), remote cache hits 0 (0.00s CPU time), compiled 0 variants (0.00s CPU time), skipped 0 variants.
    Prepared data for serialisation in 0.00s
  Pass Target only DepthStencil (fp, d3d11) finished in 0.01 seconds. Local cache hits 1 (0.01s CPU time), remote cache hits 0 (0.00s CPU time), compiled 0 variants (0.00s CPU time), skipped 0 variants.
    Prepared data for serialisation in 0.00s
Serialized binary data for shader Hidden/Internal-DebugPattern in 0.00s
    d3d11 (total internal programs: 6, unique: 4)
Compiling shader "Hidden/Internal-GUITextureClip"
  Pass "" (vp)
    Target graphics API: d3d11
    Full variant space:         1
    After settings filtering:   1
    After built-in stripping:   1
    After scriptable stripping: 1
    Processed in 0.00 seconds
  Pass "" (fp)
    Target graphics API: d3d11
    Full variant space:         1
    After settings filtering:   1
    After built-in stripping:   1
    After scriptable stripping: 1
    Processed in 0.00 seconds
  Pass "" (vp)
    Target graphics API: d3d11
    Full variant space:         1
    After settings filtering:   1
    After built-in stripping:   1
    After scriptable stripping: 1
    Processed in 0.00 seconds
  Pass "" (fp)
    Target graphics API: d3d11
    Full variant space:         1
    After settings filtering:   1
    After built-in stripping:   1
    After scriptable stripping: 1
    Processed in 0.00 seconds
  Pass  (vp, d3d11) finished in 0.01 seconds. Local cache hits 1 (0.01s CPU time), remote cache hits 0 (0.00s CPU time), compiled 0 variants (0.00s CPU time), skipped 0 variants.
    Prepared data for serialisation in 0.00s
  Pass  (fp, d3d11) finished in 0.01 seconds. Local cache hits 1 (0.01s CPU time), remote cache hits 0 (0.00s CPU time), compiled 0 variants (0.00s CPU time), skipped 0 variants.
    Prepared data for serialisation in 0.00s
  Pass  (vp, d3d11) finished in 0.00 seconds. Local cache hits 1 (0.00s CPU time), remote cache hits 0 (0.00s CPU time), compiled 0 variants (0.00s CPU time), skipped 0 variants.
    Prepared data for serialisation in 0.00s
  Pass  (fp, d3d11) finished in 0.00 seconds. Local cache hits 1 (0.00s CPU time), remote cache hits 0 (0.00s CPU time), compiled 0 variants (0.00s CPU time), skipped 0 variants.
    Prepared data for serialisation in 0.00s
Serialized binary data for shader Hidden/Internal-GUITextureClip in 0.00s
    d3d11 (total internal programs: 4, unique: 2)
Compiling shader "Hidden/Internal-GUITextureClipText"
  Pass "" (vp)
    Target graphics API: d3d11
    Full variant space:         1
    After settings filtering:   1
    After built-in stripping:   1
    After scriptable stripping: 1
    Processed in 0.00 seconds
  Pass "" (fp)
    Target graphics API: d3d11
    Full variant space:         1
    After settings filtering:   1
    After built-in stripping:   1
    After scriptable stripping: 1
    Processed in 0.00 seconds
  Pass "" (vp)
    Target graphics API: d3d11
    Full variant space:         1
    After settings filtering:   1
    After built-in stripping:   1
    After scriptable stripping: 1
    Processed in 0.00 seconds
  Pass "" (fp)
    Target graphics API: d3d11
    Full variant space:         1
    After settings filtering:   1
    After built-in stripping:   1
    After scriptable stripping: 1
    Processed in 0.00 seconds
  Pass  (vp, d3d11) finished in 0.01 seconds. Local cache hits 1 (0.01s CPU time), remote cache hits 0 (0.00s CPU time), compiled 0 variants (0.00s CPU time), skipped 0 variants.
    Prepared data for serialisation in 0.00s
  Pass  (fp, d3d11) finished in 0.01 seconds. Local cache hits 1 (0.01s CPU time), remote cache hits 0 (0.00s CPU time), compiled 0 variants (0.00s CPU time), skipped 0 variants.
    Prepared data for serialisation in 0.00s
  Pass  (vp, d3d11) finished in 0.00 seconds. Local cache hits 1 (0.00s CPU time), remote cache hits 0 (0.00s CPU time), compiled 0 variants (0.00s CPU time), skipped 0 variants.
    Prepared data for serialisation in 0.00s
  Pass  (fp, d3d11) finished in 0.00 seconds. Local cache hits 1 (0.00s CPU time), remote cache hits 0 (0.00s CPU time), compiled 0 variants (0.00s CPU time), skipped 0 variants.
    Prepared data for serialisation in 0.00s
Serialized binary data for shader Hidden/Internal-GUITextureClipText in 0.00s
    d3d11 (total internal programs: 4, unique: 2)
Compiling shader "Hidden/Internal-GUITexture"
  Pass "" (vp)
    Target graphics API: d3d11
    Full variant space:         1
    After settings filtering:   1
    After built-in stripping:   1
    After scriptable stripping: 1
    Processed in 0.00 seconds
  Pass "" (fp)
    Target graphics API: d3d11
    Full variant space:         1
    After settings filtering:   1
    After built-in stripping:   1
    After scriptable stripping: 1
    Processed in 0.00 seconds
  Pass "" (vp)
    Target graphics API: d3d11
    Full variant space:         1
    After settings filtering:   1
    After built-in stripping:   1
    After scriptable stripping: 1
    Processed in 0.00 seconds
  Pass "" (fp)
    Target graphics API: d3d11
    Full variant space:         1
    After settings filtering:   1
    After built-in stripping:   1
    After scriptable stripping: 1
    Processed in 0.00 seconds
  Pass  (vp, d3d11) finished in 0.01 seconds. Local cache hits 1 (0.01s CPU time), remote cache hits 0 (0.00s CPU time), compiled 0 variants (0.00s CPU time), skipped 0 variants.
    Prepared data for serialisation in 0.00s
  Pass  (fp, d3d11) finished in 0.01 seconds. Local cache hits 1 (0.01s CPU time), remote cache hits 0 (0.00s CPU time), compiled 0 variants (0.00s CPU time), skipped 0 variants.
    Prepared data for serialisation in 0.00s
  Pass  (vp, d3d11) finished in 0.00 seconds. Local cache hits 1 (0.00s CPU time), remote cache hits 0 (0.00s CPU time), compiled 0 variants (0.00s CPU time), skipped 0 variants.
    Prepared data for serialisation in 0.00s
  Pass  (fp, d3d11) finished in 0.00 seconds. Local cache hits 1 (0.00s CPU time), remote cache hits 0 (0.00s CPU time), compiled 0 variants (0.00s CPU time), skipped 0 variants.
    Prepared data for serialisation in 0.00s
Serialized binary data for shader Hidden/Internal-GUITexture in 0.00s
    d3d11 (total internal programs: 4, unique: 2)
Compiling shader "Hidden/Internal-GUITextureBlit"
  Pass "" (vp)
    Target graphics API: d3d11
    Full variant space:         1
    After settings filtering:   1
    After built-in stripping:   1
    After scriptable stripping: 1
    Processed in 0.00 seconds
  Pass "" (fp)
    Target graphics API: d3d11
    Full variant space:         1
    After settings filtering:   1
    After built-in stripping:   1
    After scriptable stripping: 1
    Processed in 0.00 seconds
  Pass "" (vp)
    Target graphics API: d3d11
    Full variant space:         1
    After settings filtering:   1
    After built-in stripping:   1
    After scriptable stripping: 1
    Processed in 0.00 seconds
  Pass "" (fp)
    Target graphics API: d3d11
    Full variant space:         1
    After settings filtering:   1
    After built-in stripping:   1
    After scriptable stripping: 1
    Processed in 0.00 seconds
  Pass  (vp, d3d11) finished in 0.01 seconds. Local cache hits 1 (0.01s CPU time), remote cache hits 0 (0.00s CPU time), compiled 0 variants (0.00s CPU time), skipped 0 variants.
    Prepared data for serialisation in 0.00s
  Pass  (fp, d3d11) finished in 0.01 seconds. Local cache hits 1 (0.01s CPU time), remote cache hits 0 (0.00s CPU time), compiled 0 variants (0.00s CPU time), skipped 0 variants.
    Prepared data for serialisation in 0.00s
  Pass  (vp, d3d11) finished in 0.00 seconds. Local cache hits 1 (0.00s CPU time), remote cache hits 0 (0.00s CPU time), compiled 0 variants (0.00s CPU time), skipped 0 variants.
    Prepared data for serialisation in 0.00s
  Pass  (fp, d3d11) finished in 0.00 seconds. Local cache hits 1 (0.00s CPU time), remote cache hits 0 (0.00s CPU time), compiled 0 variants (0.00s CPU time), skipped 0 variants.
    Prepared data for serialisation in 0.00s
Serialized binary data for shader Hidden/Internal-GUITextureBlit in 0.00s
    d3d11 (total internal programs: 4, unique: 2)
Compiling shader "Hidden/Internal-GUIRoundedRect"
  Pass "" (vp)
    Target graphics API: d3d11
    Full variant space:         1
    After settings filtering:   1
    After built-in stripping:   1
    After scriptable stripping: 1
    Processed in 0.00 seconds
  Pass "" (fp)
    Target graphics API: d3d11
    Full variant space:         1
    After settings filtering:   1
    After built-in stripping:   1
    After scriptable stripping: 1
    Processed in 0.00 seconds
  Pass "" (vp)
    Target graphics API: d3d11
    Full variant space:         1
    After settings filtering:   1
    After built-in stripping:   1
    After scriptable stripping: 1
    Processed in 0.00 seconds
  Pass "" (fp)
    Target graphics API: d3d11
    Full variant space:         1
    After settings filtering:   1
    After built-in stripping:   1
    After scriptable stripping: 1
    Processed in 0.00 seconds
  Pass  (vp, d3d11) finished in 0.01 seconds. Local cache hits 1 (0.01s CPU time), remote cache hits 0 (0.00s CPU time), compiled 0 variants (0.00s CPU time), skipped 0 variants.
    Prepared data for serialisation in 0.00s
  Pass  (fp, d3d11) finished in 0.01 seconds. Local cache hits 1 (0.01s CPU time), remote cache hits 0 (0.00s CPU time), compiled 0 variants (0.00s CPU time), skipped 0 variants.
    Prepared data for serialisation in 0.00s
  Pass  (vp, d3d11) finished in 0.00 seconds. Local cache hits 1 (0.00s CPU time), remote cache hits 0 (0.00s CPU time), compiled 0 variants (0.00s CPU time), skipped 0 variants.
    Prepared data for serialisation in 0.00s
  Pass  (fp, d3d11) finished in 0.00 seconds. Local cache hits 1 (0.00s CPU time), remote cache hits 0 (0.00s CPU time), compiled 0 variants (0.00s CPU time), skipped 0 variants.
    Prepared data for serialisation in 0.00s
Serialized binary data for shader Hidden/Internal-GUIRoundedRect in 0.00s
    d3d11 (total internal programs: 4, unique: 2)
Compiling shader "Hidden/Internal-GUIRoundedRectWithColorPerBorder"
  Pass "" (vp)
    Target graphics API: d3d11
    Full variant space:         1
    After settings filtering:   1
    After built-in stripping:   1
    After scriptable stripping: 1
    Processed in 0.00 seconds
  Pass "" (fp)
    Target graphics API: d3d11
    Full variant space:         1
    After settings filtering:   1
    After built-in stripping:   1
    After scriptable stripping: 1
    Processed in 0.00 seconds
  Pass "" (vp)
    Target graphics API: d3d11
    Full variant space:         1
    After settings filtering:   1
    After built-in stripping:   1
    After scriptable stripping: 1
    Processed in 0.00 seconds
  Pass "" (fp)
    Target graphics API: d3d11
    Full variant space:         1
    After settings filtering:   1
    After built-in stripping:   1
    After scriptable stripping: 1
    Processed in 0.00 seconds
  Pass  (vp, d3d11) finished in 0.01 seconds. Local cache hits 1 (0.01s CPU time), remote cache hits 0 (0.00s CPU time), compiled 0 variants (0.00s CPU time), skipped 0 variants.
    Prepared data for serialisation in 0.00s
  Pass  (fp, d3d11) finished in 0.01 seconds. Local cache hits 1 (0.01s CPU time), remote cache hits 0 (0.00s CPU time), compiled 0 variants (0.00s CPU time), skipped 0 variants.
    Prepared data for serialisation in 0.00s
  Pass  (vp, d3d11) finished in 0.00 seconds. Local cache hits 1 (0.00s CPU time), remote cache hits 0 (0.00s CPU time), compiled 0 variants (0.00s CPU time), skipped 0 variants.
    Prepared data for serialisation in 0.00s
  Pass  (fp, d3d11) finished in 0.00 seconds. Local cache hits 1 (0.00s CPU time), remote cache hits 0 (0.00s CPU time), compiled 0 variants (0.00s CPU time), skipped 0 variants.
    Prepared data for serialisation in 0.00s
Serialized binary data for shader Hidden/Internal-GUIRoundedRectWithColorPerBorder in 0.00s
    d3d11 (total internal programs: 4, unique: 2)
Compiling shader "Hidden/Internal-UIRDefault"
  Pass "" (vp)
    Target graphics API: d3d11
    Full variant space:         40
    After settings filtering:   40
    After built-in stripping:   40
    After scriptable stripping: 40
    Processed in 0.00 seconds
  Pass "" (fp)
    Target graphics API: d3d11
    Full variant space:         40
    After settings filtering:   40
    After built-in stripping:   40
    After scriptable stripping: 40
    Processed in 0.00 seconds
  Pass  (vp, d3d11) finished in 0.08 seconds. Local cache hits 40 (0.24s CPU time), remote cache hits 0 (0.00s CPU time), compiled 0 variants (0.00s CPU time), skipped 0 variants.
    Prepared data for serialisation in 0.00s
  Pass  (fp, d3d11) finished in 0.09 seconds. Local cache hits 40 (0.27s CPU time), remote cache hits 0 (0.00s CPU time), compiled 0 variants (0.00s CPU time), skipped 0 variants.
    Prepared data for serialisation in 0.00s
Serialized binary data for shader Hidden/Internal-UIRDefault in 0.00s
    d3d11 (total internal programs: 80, unique: 80)
Compiling shader "Hidden/Internal-UIRAtlasBlitCopy"
  Pass "" (vp)
    Target graphics API: d3d11
    Full variant space:         1
    After settings filtering:   1
    After built-in stripping:   1
    After scriptable stripping: 1
    Processed in 0.00 seconds
  Pass "" (fp)
    Target graphics API: d3d11
    Full variant space:         1
    After settings filtering:   1
    After built-in stripping:   1
    After scriptable stripping: 1
    Processed in 0.00 seconds
  Pass  (vp, d3d11) finished in 0.01 seconds. Local cache hits 1 (0.01s CPU time), remote cache hits 0 (0.00s CPU time), compiled 0 variants (0.00s CPU time), skipped 0 variants.
    Prepared data for serialisation in 0.00s
  Pass  (fp, d3d11) finished in 0.01 seconds. Local cache hits 1 (0.01s CPU time), remote cache hits 0 (0.00s CPU time), compiled 0 variants (0.00s CPU time), skipped 0 variants.
    Prepared data for serialisation in 0.00s
Serialized binary data for shader Hidden/Internal-UIRAtlasBlitCopy in 0.00s
    d3d11 (total internal programs: 2, unique: 2)
Compiling shader "Sprites/Default"
  Pass "" (vp)
    Target graphics API: d3d11
    Full variant space:         8
    After settings filtering:   8
    After built-in stripping:   4
    After scriptable stripping: 4
    Processed in 0.00 seconds
  Pass "" (fp)
    Target graphics API: d3d11
    Full variant space:         8
    After settings filtering:   8
    After built-in stripping:   4
    After scriptable stripping: 4
    Processed in 0.00 seconds
  Pass  (vp, d3d11) finished in 0.02 seconds. Local cache hits 4 (0.03s CPU time), remote cache hits 0 (0.00s CPU time), compiled 0 variants (0.00s CPU time), skipped 0 variants.
    Prepared data for serialisation in 0.00s
  Pass  (fp, d3d11) finished in 0.01 seconds. Local cache hits 4 (0.02s CPU time), remote cache hits 0 (0.00s CPU time), compiled 0 variants (0.00s CPU time), skipped 0 variants.
    Prepared data for serialisation in 0.00s
Serialized binary data for shader Sprites/Default in 0.00s
    d3d11 (total internal programs: 8, unique: 8)
Compiling shader "Sprites/Mask"
  Pass "" (vp)
    Target graphics API: d3d11
    Full variant space:         4
    After settings filtering:   4
    After built-in stripping:   4
    After scriptable stripping: 4
    Processed in 0.00 seconds
  Pass "" (fp)
    Target graphics API: d3d11
    Full variant space:         4
    After settings filtering:   4
    After built-in stripping:   4
    After scriptable stripping: 4
    Processed in 0.00 seconds
  Pass  (vp, d3d11) finished in 0.01 seconds. Local cache hits 4 (0.02s CPU time), remote cache hits 0 (0.00s CPU time), compiled 0 variants (0.00s CPU time), skipped 0 variants.
    Prepared data for serialisation in 0.00s
  Pass  (fp, d3d11) finished in 0.01 seconds. Local cache hits 4 (0.03s CPU time), remote cache hits 0 (0.00s CPU time), compiled 0 variants (0.00s CPU time), skipped 0 variants.
    Prepared data for serialisation in 0.00s
Serialized binary data for shader Sprites/Mask in 0.00s
    d3d11 (total internal programs: 8, unique: 8)
Compiling shader "UI/Default"
  Pass "Default" (vp)
    Target graphics API: d3d11
    Full variant space:         4
    After settings filtering:   4
    After built-in stripping:   4
    After scriptable stripping: 4
    Processed in 0.00 seconds
  Pass "Default" (fp)
    Target graphics API: d3d11
    Full variant space:         4
    After settings filtering:   4
    After built-in stripping:   4
    After scriptable stripping: 4
    Processed in 0.00 seconds
  Pass Default (vp, d3d11) finished in 0.01 seconds. Local cache hits 4 (0.03s CPU time), remote cache hits 0 (0.00s CPU time), compiled 0 variants (0.00s CPU time), skipped 0 variants.
    Prepared data for serialisation in 0.00s
  Pass Default (fp, d3d11) finished in 0.02 seconds. Local cache hits 4 (0.03s CPU time), remote cache hits 0 (0.00s CPU time), compiled 0 variants (0.00s CPU time), skipped 0 variants.
    Prepared data for serialisation in 0.00s
Serialized binary data for shader UI/Default in 0.00s
    d3d11 (total internal programs: 8, unique: 8)
Compiling shader "UI/DefaultETC1"
  Pass "Default" (vp)
    Target graphics API: d3d11
    Full variant space:         4
    After settings filtering:   4
    After built-in stripping:   4
    After scriptable stripping: 4
    Processed in 0.00 seconds
  Pass "Default" (fp)
    Target graphics API: d3d11
    Full variant space:         4
    After settings filtering:   4
    After built-in stripping:   4
    After scriptable stripping: 4
    Processed in 0.00 seconds
  Pass Default (vp, d3d11) finished in 0.00 seconds. Local cache hits 4 (0.01s CPU time), remote cache hits 0 (0.00s CPU time), compiled 0 variants (0.00s CPU time), skipped 0 variants.
    Prepared data for serialisation in 0.00s
  Pass Default (fp, d3d11) finished in 0.02 seconds. Local cache hits 4 (0.04s CPU time), remote cache hits 0 (0.00s CPU time), compiled 0 variants (0.00s CPU time), skipped 0 variants.
    Prepared data for serialisation in 0.00s
Serialized binary data for shader UI/DefaultETC1 in 0.00s
    d3d11 (total internal programs: 8, unique: 8)
Compiling shader "Hidden/CubeBlur"
  Pass "" (vp)
    Target graphics API: d3d11
    Full variant space:         1
    After settings filtering:   1
    After built-in stripping:   1
    After scriptable stripping: 1
    Processed in 0.00 seconds
  Pass "" (fp)
    Target graphics API: d3d11
    Full variant space:         1
    After settings filtering:   1
    After built-in stripping:   1
    After scriptable stripping: 1
    Processed in 0.00 seconds
  Pass "" (vp)
    Target graphics API: d3d11
    Full variant space:         1
    After settings filtering:   1
    After built-in stripping:   1
    After scriptable stripping: 1
    Processed in 0.00 seconds
  Pass "" (fp)
    Target graphics API: d3d11
    Full variant space:         1
    After settings filtering:   1
    After built-in stripping:   1
    After scriptable stripping: 1
    Processed in 0.00 seconds
  Pass  (vp, d3d11) finished in 0.01 seconds. Local cache hits 1 (0.01s CPU time), remote cache hits 0 (0.00s CPU time), compiled 0 variants (0.00s CPU time), skipped 0 variants.
    Prepared data for serialisation in 0.00s
  Pass  (fp, d3d11) finished in 0.01 seconds. Local cache hits 1 (0.01s CPU time), remote cache hits 0 (0.00s CPU time), compiled 0 variants (0.00s CPU time), skipped 0 variants.
    Prepared data for serialisation in 0.00s
  Pass  (vp, d3d11) finished in 0.00 seconds. Local cache hits 1 (0.00s CPU time), remote cache hits 0 (0.00s CPU time), compiled 0 variants (0.00s CPU time), skipped 0 variants.
    Prepared data for serialisation in 0.00s
  Pass  (fp, d3d11) finished in 0.01 seconds. Local cache hits 1 (0.01s CPU time), remote cache hits 0 (0.00s CPU time), compiled 0 variants (0.00s CPU time), skipped 0 variants.
    Prepared data for serialisation in 0.00s
Serialized binary data for shader Hidden/CubeBlur in 0.00s
    d3d11 (total internal programs: 4, unique: 3)
Compiling shader "Hidden/CubeCopy"
  Pass "" (vp)
    Target graphics API: d3d11
    Full variant space:         1
    After settings filtering:   1
    After built-in stripping:   1
    After scriptable stripping: 1
    Processed in 0.00 seconds
  Pass "" (fp)
    Target graphics API: d3d11
    Full variant space:         1
    After settings filtering:   1
    After built-in stripping:   1
    After scriptable stripping: 1
    Processed in 0.00 seconds
  Pass "" (vp)
    Target graphics API: d3d11
    Full variant space:         1
    After settings filtering:   1
    After built-in stripping:   1
    After scriptable stripping: 1
    Processed in 0.00 seconds
  Pass "" (fp)
    Target graphics API: d3d11
    Full variant space:         1
    After settings filtering:   1
    After built-in stripping:   1
    After scriptable stripping: 1
    Processed in 0.00 seconds
  Pass  (vp, d3d11) finished in 0.00 seconds. Local cache hits 1 (0.00s CPU time), remote cache hits 0 (0.00s CPU time), compiled 0 variants (0.00s CPU time), skipped 0 variants.
    Prepared data for serialisation in 0.00s
  Pass  (fp, d3d11) finished in 0.00 seconds. Local cache hits 1 (0.00s CPU time), remote cache hits 0 (0.00s CPU time), compiled 0 variants (0.00s CPU time), skipped 0 variants.
    Prepared data for serialisation in 0.00s
  Pass  (vp, d3d11) finished in 0.00 seconds. Local cache hits 1 (0.00s CPU time), remote cache hits 0 (0.00s CPU time), compiled 0 variants (0.00s CPU time), skipped 0 variants.
    Prepared data for serialisation in 0.00s
  Pass  (fp, d3d11) finished in 0.00 seconds. Local cache hits 1 (0.00s CPU time), remote cache hits 0 (0.00s CPU time), compiled 0 variants (0.00s CPU time), skipped 0 variants.
    Prepared data for serialisation in 0.00s
Serialized binary data for shader Hidden/CubeCopy in 0.00s
    d3d11 (total internal programs: 4, unique: 2)
Compiling shader "Hidden/CubeBlend"
  Pass "" (vp)
    Target graphics API: d3d11
    Full variant space:         1
    After settings filtering:   1
    After built-in stripping:   1
    After scriptable stripping: 1
    Processed in 0.00 seconds
  Pass "" (fp)
    Target graphics API: d3d11
    Full variant space:         1
    After settings filtering:   1
    After built-in stripping:   1
    After scriptable stripping: 1
    Processed in 0.00 seconds
  Pass "" (vp)
    Target graphics API: d3d11
    Full variant space:         1
    After settings filtering:   1
    After built-in stripping:   1
    After scriptable stripping: 1
    Processed in 0.00 seconds
  Pass "" (fp)
    Target graphics API: d3d11
    Full variant space:         1
    After settings filtering:   1
    After built-in stripping:   1
    After scriptable stripping: 1
    Processed in 0.00 seconds
  Pass  (vp, d3d11) finished in 0.01 seconds. Local cache hits 1 (0.01s CPU time), remote cache hits 0 (0.00s CPU time), compiled 0 variants (0.00s CPU time), skipped 0 variants.
    Prepared data for serialisation in 0.00s
  Pass  (fp, d3d11) finished in 0.01 seconds. Local cache hits 1 (0.01s CPU time), remote cache hits 0 (0.00s CPU time), compiled 0 variants (0.00s CPU time), skipped 0 variants.
    Prepared data for serialisation in 0.00s
  Pass  (vp, d3d11) finished in 0.01 seconds. Local cache hits 1 (0.01s CPU time), remote cache hits 0 (0.00s CPU time), compiled 0 variants (0.00s CPU time), skipped 0 variants.
    Prepared data for serialisation in 0.00s
  Pass  (fp, d3d11) finished in 0.00 seconds. Local cache hits 1 (0.00s CPU time), remote cache hits 0 (0.00s CPU time), compiled 0 variants (0.00s CPU time), skipped 0 variants.
    Prepared data for serialisation in 0.00s
Serialized binary data for shader Hidden/CubeBlend in 0.00s
    d3d11 (total internal programs: 4, unique: 2)
Compiling shader "Hidden/VR/BlitTexArraySlice"
  Pass "" (vp)
    Target graphics API: d3d11
    Full variant space:         1
    After settings filtering:   1
    After built-in stripping:   1
    After scriptable stripping: 1
    Processed in 0.00 seconds
  Pass "" (fp)
    Target graphics API: d3d11
    Full variant space:         1
    After settings filtering:   1
    After built-in stripping:   1
    After scriptable stripping: 1
    Processed in 0.00 seconds
  Pass  (vp, d3d11) finished in 0.00 seconds. Local cache hits 1 (0.00s CPU time), remote cache hits 0 (0.00s CPU time), compiled 0 variants (0.00s CPU time), skipped 0 variants.
    Prepared data for serialisation in 0.00s
  Pass  (fp, d3d11) finished in 0.01 seconds. Local cache hits 1 (0.01s CPU time), remote cache hits 0 (0.00s CPU time), compiled 0 variants (0.00s CPU time), skipped 0 variants.
    Prepared data for serialisation in 0.00s
Serialized binary data for shader Hidden/VR/BlitTexArraySlice in 0.00s
    d3d11 (total internal programs: 2, unique: 2)
Compiling shader "Hidden/Internal-ODSWorldTexture"
  Pass "" (vp)
    Target graphics API: d3d11
    Full variant space:         1
    After settings filtering:   1
    After built-in stripping:   1
    After scriptable stripping: 1
    Processed in 0.00 seconds
  Pass "" (fp)
    Target graphics API: d3d11
    Full variant space:         1
    After settings filtering:   1
    After built-in stripping:   1
    After scriptable stripping: 1
    Processed in 0.00 seconds
  Pass "" (vp)
    Target graphics API: d3d11
    Full variant space:         1
    After settings filtering:   1
    After built-in stripping:   1
    After scriptable stripping: 1
    Processed in 0.00 seconds
  Pass "" (fp)
    Target graphics API: d3d11
    Full variant space:         1
    After settings filtering:   1
    After built-in stripping:   1
    After scriptable stripping: 1
    Processed in 0.00 seconds
  Pass "" (vp)
    Target graphics API: d3d11
    Full variant space:         1
    After settings filtering:   1
    After built-in stripping:   1
    After scriptable stripping: 1
    Processed in 0.00 seconds
  Pass "" (fp)
    Target graphics API: d3d11
    Full variant space:         1
    After settings filtering:   1
    After built-in stripping:   1
    After scriptable stripping: 1
    Processed in 0.00 seconds
  Pass "" (vp)
    Target graphics API: d3d11
    Full variant space:         1
    After settings filtering:   1
    After built-in stripping:   1
    After scriptable stripping: 1
    Processed in 0.00 seconds
  Pass "" (fp)
    Target graphics API: d3d11
    Full variant space:         1
    After settings filtering:   1
    After built-in stripping:   1
    After scriptable stripping: 1
    Processed in 0.00 seconds
  Pass "" (vp)
    Target graphics API: d3d11
    Full variant space:         1
    After settings filtering:   1
    After built-in stripping:   1
    After scriptable stripping: 1
    Processed in 0.00 seconds
  Pass "" (fp)
    Target graphics API: d3d11
    Full variant space:         1
    After settings filtering:   1
    After built-in stripping:   1
    After scriptable stripping: 1
    Processed in 0.00 seconds
  Pass "" (vp)
    Target graphics API: d3d11
    Full variant space:         1
    After settings filtering:   1
    After built-in stripping:   1
    After scriptable stripping: 1
    Processed in 0.00 seconds
  Pass "" (fp)
    Target graphics API: d3d11
    Full variant space:         1
    After settings filtering:   1
    After built-in stripping:   1
    After scriptable stripping: 1
    Processed in 0.00 seconds
  Pass "" (vp)
    Target graphics API: d3d11
    Full variant space:         1
    After settings filtering:   1
    After built-in stripping:   1
    After scriptable stripping: 1
    Processed in 0.00 seconds
  Pass "" (fp)
    Target graphics API: d3d11
    Full variant space:         1
    After settings filtering:   1
    After built-in stripping:   1
    After scriptable stripping: 1
    Processed in 0.00 seconds
  Pass "" (vp)
    Target graphics API: d3d11
    Full variant space:         1
    After settings filtering:   1
    After built-in stripping:   1
    After scriptable stripping: 1
    Processed in 0.00 seconds
  Pass "" (fp)
    Target graphics API: d3d11
    Full variant space:         1
    After settings filtering:   1
    After built-in stripping:   1
    After scriptable stripping: 1
    Processed in 0.00 seconds
  Pass "" (vp)
    Target graphics API: d3d11
    Full variant space:         1
    After settings filtering:   1
    After built-in stripping:   1
    After scriptable stripping: 1
    Processed in 0.00 seconds
  Pass "" (fp)
    Target graphics API: d3d11
    Full variant space:         1
    After settings filtering:   1
    After built-in stripping:   1
    After scriptable stripping: 1
    Processed in 0.00 seconds
  Pass "" (vp)
    Target graphics API: d3d11
    Full variant space:         1
    After settings filtering:   1
    After built-in stripping:   1
    After scriptable stripping: 1
    Processed in 0.00 seconds
  Pass "" (fp)
    Target graphics API: d3d11
    Full variant space:         1
    After settings filtering:   1
    After built-in stripping:   1
    After scriptable stripping: 1
    Processed in 0.00 seconds
  Pass  (vp, d3d11) finished in 0.01 seconds. Local cache hits 1 (0.01s CPU time), remote cache hits 0 (0.00s CPU time), compiled 0 variants (0.00s CPU time), skipped 0 variants.
    Prepared data for serialisation in 0.00s
  Pass  (fp, d3d11) finished in 0.01 seconds. Local cache hits 1 (0.01s CPU time), remote cache hits 0 (0.00s CPU time), compiled 0 variants (0.00s CPU time), skipped 0 variants.
    Prepared data for serialisation in 0.00s
  Pass  (vp, d3d11) finished in 0.01 seconds. Local cache hits 1 (0.01s CPU time), remote cache hits 0 (0.00s CPU time), compiled 0 variants (0.00s CPU time), skipped 0 variants.
    Prepared data for serialisation in 0.00s
  Pass  (fp, d3d11) finished in 0.01 seconds. Local cache hits 1 (0.01s CPU time), remote cache hits 0 (0.00s CPU time), compiled 0 variants (0.00s CPU time), skipped 0 variants.
    Prepared data for serialisation in 0.00s
  Pass  (vp, d3d11) finished in 0.01 seconds. Local cache hits 1 (0.01s CPU time), remote cache hits 0 (0.00s CPU time), compiled 0 variants (0.00s CPU time), skipped 0 variants.
    Prepared data for serialisation in 0.00s
  Pass  (fp, d3d11) finished in 0.01 seconds. Local cache hits 1 (0.00s CPU time), remote cache hits 0 (0.00s CPU time), compiled 0 variants (0.00s CPU time), skipped 0 variants.
    Prepared data for serialisation in 0.00s
  Pass  (vp, d3d11) finished in 0.01 seconds. Local cache hits 1 (0.01s CPU time), remote cache hits 0 (0.00s CPU time), compiled 0 variants (0.00s CPU time), skipped 0 variants.
    Prepared data for serialisation in 0.00s
  Pass  (fp, d3d11) finished in 0.01 seconds. Local cache hits 1 (0.01s CPU time), remote cache hits 0 (0.00s CPU time), compiled 0 variants (0.00s CPU time), skipped 0 variants.
    Prepared data for serialisation in 0.00s
  Pass  (vp, d3d11) finished in 0.01 seconds. Local cache hits 1 (0.01s CPU time), remote cache hits 0 (0.00s CPU time), compiled 0 variants (0.00s CPU time), skipped 0 variants.
    Prepared data for serialisation in 0.00s
  Pass  (fp, d3d11) finished in 0.00 seconds. Local cache hits 1 (0.00s CPU time), remote cache hits 0 (0.00s CPU time), compiled 0 variants (0.00s CPU time), skipped 0 variants.
    Prepared data for serialisation in 0.00s
  Pass  (vp, d3d11) finished in 0.01 seconds. Local cache hits 1 (0.01s CPU time), remote cache hits 0 (0.00s CPU time), compiled 0 variants (0.00s CPU time), skipped 0 variants.
    Prepared data for serialisation in 0.00s
  Pass  (fp, d3d11) finished in 0.01 seconds. Local cache hits 1 (0.01s CPU time), remote cache hits 0 (0.00s CPU time), compiled 0 variants (0.00s CPU time), skipped 0 variants.
    Prepared data for serialisation in 0.00s
  Pass  (vp, d3d11) finished in 0.00 seconds. Local cache hits 1 (0.00s CPU time), remote cache hits 0 (0.00s CPU time), compiled 0 variants (0.00s CPU time), skipped 0 variants.
    Prepared data for serialisation in 0.00s
  Pass  (fp, d3d11) finished in 0.00 seconds. Local cache hits 1 (0.00s CPU time), remote cache hits 0 (0.00s CPU time), compiled 0 variants (0.00s CPU time), skipped 0 variants.
    Prepared data for serialisation in 0.00s
  Pass  (vp, d3d11) finished in 0.01 seconds. Local cache hits 1 (0.01s CPU time), remote cache hits 0 (0.00s CPU time), compiled 0 variants (0.00s CPU time), skipped 0 variants.
    Prepared data for serialisation in 0.00s
  Pass  (fp, d3d11) finished in 0.01 seconds. Local cache hits 1 (0.01s CPU time), remote cache hits 0 (0.00s CPU time), compiled 0 variants (0.00s CPU time), skipped 0 variants.
    Prepared data for serialisation in 0.00s
  Pass  (vp, d3d11) finished in 0.01 seconds. Local cache hits 1 (0.01s CPU time), remote cache hits 0 (0.00s CPU time), compiled 0 variants (0.00s CPU time), skipped 0 variants.
    Prepared data for serialisation in 0.00s
  Pass  (fp, d3d11) finished in 0.01 seconds. Local cache hits 1 (0.01s CPU time), remote cache hits 0 (0.00s CPU time), compiled 0 variants (0.00s CPU time), skipped 0 variants.
    Prepared data for serialisation in 0.00s
  Pass  (vp, d3d11) finished in 0.01 seconds. Local cache hits 1 (0.01s CPU time), remote cache hits 0 (0.00s CPU time), compiled 0 variants (0.00s CPU time), skipped 0 variants.
    Prepared data for serialisation in 0.00s
  Pass  (fp, d3d11) finished in 0.01 seconds. Local cache hits 1 (0.00s CPU time), remote cache hits 0 (0.00s CPU time), compiled 0 variants (0.00s CPU time), skipped 0 variants.
    Prepared data for serialisation in 0.00s
Serialized binary data for shader Hidden/Internal-ODSWorldTexture in 0.00s
    d3d11 (total internal programs: 20, unique: 15)
Compiling shader "Hidden/Internal-CubemapToEquirect"
  Pass "" (vp)
    Target graphics API: d3d11
    Full variant space:         1
    After settings filtering:   1
    After built-in stripping:   1
    After scriptable stripping: 1
    Processed in 0.00 seconds
  Pass "" (fp)
    Target graphics API: d3d11
    Full variant space:         1
    After settings filtering:   1
    After built-in stripping:   1
    After scriptable stripping: 1
    Processed in 0.00 seconds
  Pass  (vp, d3d11) finished in 0.01 seconds. Local cache hits 1 (0.01s CPU time), remote cache hits 0 (0.00s CPU time), compiled 0 variants (0.00s CPU time), skipped 0 variants.
    Prepared data for serialisation in 0.00s
  Pass  (fp, d3d11) finished in 0.01 seconds. Local cache hits 1 (0.01s CPU time), remote cache hits 0 (0.00s CPU time), compiled 0 variants (0.00s CPU time), skipped 0 variants.
    Prepared data for serialisation in 0.00s
Serialized binary data for shader Hidden/Internal-CubemapToEquirect in 0.00s
    d3d11 (total internal programs: 2, unique: 2)
Compiling shader "Hidden/VR/BlitFromTex2DToTexArraySlice"
  Pass "" (vp)
    Target graphics API: d3d11
    Full variant space:         1
    After settings filtering:   1
    After built-in stripping:   1
    After scriptable stripping: 1
    Processed in 0.00 seconds
  Pass "" (fp)
    Target graphics API: d3d11
    Full variant space:         1
    After settings filtering:   1
    After built-in stripping:   1
    After scriptable stripping: 1
    Processed in 0.00 seconds
  Pass "" (vp)
    Target graphics API: d3d11
    Full variant space:         1
    After settings filtering:   1
    After built-in stripping:   1
    After scriptable stripping: 1
    Processed in 0.00 seconds
  Pass "" (fp)
    Target graphics API: d3d11
    Full variant space:         1
    After settings filtering:   1
    After built-in stripping:   1
    After scriptable stripping: 1
    Processed in 0.00 seconds
  Pass "" (gp)
    Target graphics API: d3d11
    Full variant space:         1
    After settings filtering:   1
    After built-in stripping:   1
    After scriptable stripping: 1
    Processed in 0.00 seconds
  Pass  (vp, d3d11) finished in 0.01 seconds. Local cache hits 1 (0.01s CPU time), remote cache hits 0 (0.00s CPU time), compiled 0 variants (0.00s CPU time), skipped 0 variants.
    Prepared data for serialisation in 0.00s
  Pass  (fp, d3d11) finished in 0.01 seconds. Local cache hits 1 (0.00s CPU time), remote cache hits 0 (0.00s CPU time), compiled 0 variants (0.00s CPU time), skipped 0 variants.
    Prepared data for serialisation in 0.00s
  Pass  (vp, d3d11) finished in 0.00 seconds. Local cache hits 1 (0.00s CPU time), remote cache hits 0 (0.00s CPU time), compiled 0 variants (0.00s CPU time), skipped 0 variants.
    Prepared data for serialisation in 0.00s
  Pass  (fp, d3d11) finished in 0.01 seconds. Local cache hits 1 (0.01s CPU time), remote cache hits 0 (0.00s CPU time), compiled 0 variants (0.00s CPU time), skipped 0 variants.
    Prepared data for serialisation in 0.00s
  Pass  (gp, d3d11) finished in 0.01 seconds. Local cache hits 1 (0.01s CPU time), remote cache hits 0 (0.00s CPU time), compiled 0 variants (0.00s CPU time), skipped 0 variants.
    Prepared data for serialisation in 0.00s
Serialized binary data for shader Hidden/VR/BlitFromTex2DToTexArraySlice in 0.00s
    d3d11 (total internal programs: 5, unique: 5)
Compiling shader "Hidden/VideoComposite"
  Pass "Default" (vp)
    Target graphics API: d3d11
    Full variant space:         1
    After settings filtering:   1
    After built-in stripping:   1
    After scriptable stripping: 1
    Processed in 0.00 seconds
  Pass "Default" (fp)
    Target graphics API: d3d11
    Full variant space:         1
    After settings filtering:   1
    After built-in stripping:   1
    After scriptable stripping: 1
    Processed in 0.00 seconds
  Pass Default (vp, d3d11) finished in 0.01 seconds. Local cache hits 1 (0.01s CPU time), remote cache hits 0 (0.00s CPU time), compiled 0 variants (0.00s CPU time), skipped 0 variants.
    Prepared data for serialisation in 0.00s
  Pass Default (fp, d3d11) finished in 0.01 seconds. Local cache hits 1 (0.01s CPU time), remote cache hits 0 (0.00s CPU time), compiled 0 variants (0.00s CPU time), skipped 0 variants.
    Prepared data for serialisation in 0.00s
Serialized binary data for shader Hidden/VideoComposite in 0.00s
    d3d11 (total internal programs: 2, unique: 2)
Compiling shader "Hidden/VideoDecode"
  Pass "YCbCr_To_RGB1" (vp)
    Target graphics API: d3d11
    Full variant space:         2
    After settings filtering:   2
    After built-in stripping:   2
    After scriptable stripping: 2
    Processed in 0.00 seconds
  Pass "YCbCr_To_RGB1" (fp)
    Target graphics API: d3d11
    Full variant space:         2
    After settings filtering:   2
    After built-in stripping:   2
    After scriptable stripping: 2
    Processed in 0.00 seconds
  Pass "YCbCrA_To_RGBAFull" (vp)
    Target graphics API: d3d11
    Full variant space:         2
    After settings filtering:   2
    After built-in stripping:   2
    After scriptable stripping: 2
    Processed in 0.00 seconds
  Pass "YCbCrA_To_RGBAFull" (fp)
    Target graphics API: d3d11
    Full variant space:         2
    After settings filtering:   2
    After built-in stripping:   2
    After scriptable stripping: 2
    Processed in 0.00 seconds
  Pass "YCbCrA_To_RGBA" (vp)
    Target graphics API: d3d11
    Full variant space:         2
    After settings filtering:   2
    After built-in stripping:   2
    After scriptable stripping: 2
    Processed in 0.00 seconds
  Pass "YCbCrA_To_RGBA" (fp)
    Target graphics API: d3d11
    Full variant space:         2
    After settings filtering:   2
    After built-in stripping:   2
    After scriptable stripping: 2
    Processed in 0.00 seconds
  Pass "Flip_RGBA_To_RGBA" (vp)
    Target graphics API: d3d11
    Full variant space:         2
    After settings filtering:   2
    After built-in stripping:   2
    After scriptable stripping: 2
    Processed in 0.00 seconds
  Pass "Flip_RGBA_To_RGBA" (fp)
    Target graphics API: d3d11
    Full variant space:         2
    After settings filtering:   2
    After built-in stripping:   2
    After scriptable stripping: 2
    Processed in 0.00 seconds
  Pass "Flip_RGBASplit_To_RGBA" (vp)
    Target graphics API: d3d11
    Full variant space:         2
    After settings filtering:   2
    After built-in stripping:   2
    After scriptable stripping: 2
    Processed in 0.00 seconds
  Pass "Flip_RGBASplit_To_RGBA" (fp)
    Target graphics API: d3d11
    Full variant space:         2
    After settings filtering:   2
    After built-in stripping:   2
    After scriptable stripping: 2
    Processed in 0.00 seconds
  Pass "Flip_NV12_To_RGB1" (vp)
    Target graphics API: d3d11
    Full variant space:         2
    After settings filtering:   2
    After built-in stripping:   2
    After scriptable stripping: 2
    Processed in 0.00 seconds
  Pass "Flip_NV12_To_RGB1" (fp)
    Target graphics API: d3d11
    Full variant space:         2
    After settings filtering:   2
    After built-in stripping:   2
    After scriptable stripping: 2
    Processed in 0.00 seconds
  Pass "Flip_NV12_To_RGBA" (vp)
    Target graphics API: d3d11
    Full variant space:         2
    After settings filtering:   2
    After built-in stripping:   2
    After scriptable stripping: 2
    Processed in 0.00 seconds
  Pass "Flip_NV12_To_RGBA" (fp)
    Target graphics API: d3d11
    Full variant space:         2
    After settings filtering:   2
    After built-in stripping:   2
    After scriptable stripping: 2
    Processed in 0.00 seconds
  Pass "Flip_P010_To_RGB1" (vp)
    Target graphics API: d3d11
    Full variant space:         1
    After settings filtering:   1
    After built-in stripping:   1
    After scriptable stripping: 1
    Processed in 0.00 seconds
  Pass "Flip_P010_To_RGB1" (fp)
    Target graphics API: d3d11
    Full variant space:         1
    After settings filtering:   1
    After built-in stripping:   1
    After scriptable stripping: 1
    Processed in 0.00 seconds
  Pass YCbCr_To_RGB1 (vp, d3d11) finished in 0.01 seconds. Local cache hits 2 (0.01s CPU time), remote cache hits 0 (0.00s CPU time), compiled 0 variants (0.00s CPU time), skipped 0 variants.
    Prepared data for serialisation in 0.00s
  Pass YCbCr_To_RGB1 (fp, d3d11) finished in 0.01 seconds. Local cache hits 2 (0.01s CPU time), remote cache hits 0 (0.00s CPU time), compiled 0 variants (0.00s CPU time), skipped 0 variants.
    Prepared data for serialisation in 0.00s
  Pass YCbCrA_To_RGBAFull (vp, d3d11) finished in 0.00 seconds. Local cache hits 2 (0.00s CPU time), remote cache hits 0 (0.00s CPU time), compiled 0 variants (0.00s CPU time), skipped 0 variants.
    Prepared data for serialisation in 0.00s
  Pass YCbCrA_To_RGBAFull (fp, d3d11) finished in 0.01 seconds. Local cache hits 2 (0.01s CPU time), remote cache hits 0 (0.00s CPU time), compiled 0 variants (0.00s CPU time), skipped 0 variants.
    Prepared data for serialisation in 0.00s
  Pass YCbCrA_To_RGBA (vp, d3d11) finished in 0.00 seconds. Local cache hits 2 (0.00s CPU time), remote cache hits 0 (0.00s CPU time), compiled 0 variants (0.00s CPU time), skipped 0 variants.
    Prepared data for serialisation in 0.00s
  Pass YCbCrA_To_RGBA (fp, d3d11) finished in 0.01 seconds. Local cache hits 2 (0.01s CPU time), remote cache hits 0 (0.00s CPU time), compiled 0 variants (0.00s CPU time), skipped 0 variants.
    Prepared data for serialisation in 0.00s
  Pass Flip_RGBA_To_RGBA (vp, d3d11) finished in 0.01 seconds. Local cache hits 2 (0.02s CPU time), remote cache hits 0 (0.00s CPU time), compiled 0 variants (0.00s CPU time), skipped 0 variants.
    Prepared data for serialisation in 0.00s
  Pass Flip_RGBA_To_RGBA (fp, d3d11) finished in 0.01 seconds. Local cache hits 2 (0.01s CPU time), remote cache hits 0 (0.00s CPU time), compiled 0 variants (0.00s CPU time), skipped 0 variants.
    Prepared data for serialisation in 0.00s
  Pass Flip_RGBASplit_To_RGBA (vp, d3d11) finished in 0.01 seconds. Local cache hits 2 (0.00s CPU time), remote cache hits 0 (0.00s CPU time), compiled 0 variants (0.00s CPU time), skipped 0 variants.
    Prepared data for serialisation in 0.00s
  Pass Flip_RGBASplit_To_RGBA (fp, d3d11) finished in 0.01 seconds. Local cache hits 2 (0.01s CPU time), remote cache hits 0 (0.00s CPU time), compiled 0 variants (0.00s CPU time), skipped 0 variants.
    Prepared data for serialisation in 0.00s
  Pass Flip_NV12_To_RGB1 (vp, d3d11) finished in 0.00 seconds. Local cache hits 2 (0.00s CPU time), remote cache hits 0 (0.00s CPU time), compiled 0 variants (0.00s CPU time), skipped 0 variants.
    Prepared data for serialisation in 0.00s
  Pass Flip_NV12_To_RGB1 (fp, d3d11) finished in 0.01 seconds. Local cache hits 2 (0.01s CPU time), remote cache hits 0 (0.00s CPU time), compiled 0 variants (0.00s CPU time), skipped 0 variants.
    Prepared data for serialisation in 0.00s
  Pass Flip_NV12_To_RGBA (vp, d3d11) finished in 0.00 seconds. Local cache hits 2 (0.00s CPU time), remote cache hits 0 (0.00s CPU time), compiled 0 variants (0.00s CPU time), skipped 0 variants.
    Prepared data for serialisation in 0.00s
  Pass Flip_NV12_To_RGBA (fp, d3d11) finished in 0.01 seconds. Local cache hits 2 (0.01s CPU time), remote cache hits 0 (0.00s CPU time), compiled 0 variants (0.00s CPU time), skipped 0 variants.
    Prepared data for serialisation in 0.00s
  Pass Flip_P010_To_RGB1 (vp, d3d11) finished in 0.00 seconds. Local cache hits 1 (0.00s CPU time), remote cache hits 0 (0.00s CPU time), compiled 0 variants (0.00s CPU time), skipped 0 variants.
    Prepared data for serialisation in 0.00s
  Pass Flip_P010_To_RGB1 (fp, d3d11) finished in 0.01 seconds. Local cache hits 1 (0.01s CPU time), remote cache hits 0 (0.00s CPU time), compiled 0 variants (0.00s CPU time), skipped 0 variants.
    Prepared data for serialisation in 0.00s
Serialized binary data for shader Hidden/VideoDecode in 0.00s
    d3d11 (total internal programs: 30, unique: 19)
Compiling shader "Hidden/TextCore/Distance Field SSD"
  Pass "" (vp)
    Target graphics API: d3d11
    Full variant space:         1
    After settings filtering:   1
    After built-in stripping:   1
    After scriptable stripping: 1
    Processed in 0.00 seconds
  Pass "" (fp)
    Target graphics API: d3d11
    Full variant space:         1
    After settings filtering:   1
    After built-in stripping:   1
    After scriptable stripping: 1
    Processed in 0.00 seconds
  Pass  (vp, d3d11) finished in 0.01 seconds. Local cache hits 1 (0.01s CPU time), remote cache hits 0 (0.00s CPU time), compiled 0 variants (0.00s CPU time), skipped 0 variants.
    Prepared data for serialisation in 0.00s
  Pass  (fp, d3d11) finished in 0.01 seconds. Local cache hits 1 (0.01s CPU time), remote cache hits 0 (0.00s CPU time), compiled 0 variants (0.00s CPU time), skipped 0 variants.
    Prepared data for serialisation in 0.00s
Serialized binary data for shader Hidden/TextCore/Distance Field SSD in 0.00s
    d3d11 (total internal programs: 2, unique: 2)
Compiling shader "Hidden/Physics2D/SDF_CircleGeometry"
  Pass "" (vp)
    Target graphics API: d3d11
    Full variant space:         2
    After settings filtering:   2
    After built-in stripping:   1
    After scriptable stripping: 1
    Processed in 0.00 seconds
  Pass "" (fp)
    Target graphics API: d3d11
    Full variant space:         2
    After settings filtering:   2
    After built-in stripping:   1
    After scriptable stripping: 1
    Processed in 0.00 seconds
  Pass  (vp, d3d11) finished in 0.01 seconds. Local cache hits 1 (0.01s CPU time), remote cache hits 0 (0.00s CPU time), compiled 0 variants (0.00s CPU time), skipped 0 variants.
    Prepared data for serialisation in 0.00s
  Pass  (fp, d3d11) finished in 0.01 seconds. Local cache hits 1 (0.01s CPU time), remote cache hits 0 (0.00s CPU time), compiled 0 variants (0.00s CPU time), skipped 0 variants.
    Prepared data for serialisation in 0.00s
Serialized binary data for shader Hidden/Physics2D/SDF_CircleGeometry in 0.00s
    d3d11 (total internal programs: 2, unique: 2)
Compiling shader "Hidden/Physics2D/SDF_CapsuleGeometry"
  Pass "" (vp)
    Target graphics API: d3d11
    Full variant space:         2
    After settings filtering:   2
    After built-in stripping:   1
    After scriptable stripping: 1
    Processed in 0.00 seconds
  Pass "" (fp)
    Target graphics API: d3d11
    Full variant space:         2
    After settings filtering:   2
    After built-in stripping:   1
    After scriptable stripping: 1
    Processed in 0.00 seconds
  Pass  (vp, d3d11) finished in 0.01 seconds. Local cache hits 1 (0.01s CPU time), remote cache hits 0 (0.00s CPU time), compiled 0 variants (0.00s CPU time), skipped 0 variants.
    Prepared data for serialisation in 0.00s
  Pass  (fp, d3d11) finished in 0.01 seconds. Local cache hits 1 (0.01s CPU time), remote cache hits 0 (0.00s CPU time), compiled 0 variants (0.00s CPU time), skipped 0 variants.
    Prepared data for serialisation in 0.00s
Serialized binary data for shader Hidden/Physics2D/SDF_CapsuleGeometry in 0.00s
    d3d11 (total internal programs: 2, unique: 2)
Compiling shader "Hidden/Physics2D/SDF_PolygonGeometry"
  Pass "" (vp)
    Target graphics API: d3d11
    Full variant space:         2
    After settings filtering:   2
    After built-in stripping:   1
    After scriptable stripping: 1
    Processed in 0.00 seconds
  Pass "" (fp)
    Target graphics API: d3d11
    Full variant space:         2
    After settings filtering:   2
    After built-in stripping:   1
    After scriptable stripping: 1
    Processed in 0.00 seconds
  Pass  (vp, d3d11) finished in 0.01 seconds. Local cache hits 1 (0.01s CPU time), remote cache hits 0 (0.00s CPU time), compiled 0 variants (0.00s CPU time), skipped 0 variants.
    Prepared data for serialisation in 0.00s
  Pass  (fp, d3d11) finished in 0.01 seconds. Local cache hits 1 (0.01s CPU time), remote cache hits 0 (0.00s CPU time), compiled 0 variants (0.00s CPU time), skipped 0 variants.
    Prepared data for serialisation in 0.00s
Serialized binary data for shader Hidden/Physics2D/SDF_PolygonGeometry in 0.00s
    d3d11 (total internal programs: 2, unique: 2)
Compiling shader "Hidden/Physics2D/SDF_Line"
  Pass "" (vp)
    Target graphics API: d3d11
    Full variant space:         2
    After settings filtering:   2
    After built-in stripping:   1
    After scriptable stripping: 1
    Processed in 0.00 seconds
  Pass "" (fp)
    Target graphics API: d3d11
    Full variant space:         2
    After settings filtering:   2
    After built-in stripping:   1
    After scriptable stripping: 1
    Processed in 0.00 seconds
  Pass  (vp, d3d11) finished in 0.01 seconds. Local cache hits 1 (0.01s CPU time), remote cache hits 0 (0.00s CPU time), compiled 0 variants (0.00s CPU time), skipped 0 variants.
    Prepared data for serialisation in 0.00s
  Pass  (fp, d3d11) finished in 0.01 seconds. Local cache hits 1 (0.01s CPU time), remote cache hits 0 (0.00s CPU time), compiled 0 variants (0.00s CPU time), skipped 0 variants.
    Prepared data for serialisation in 0.00s
Serialized binary data for shader Hidden/Physics2D/SDF_Line in 0.00s
    d3d11 (total internal programs: 2, unique: 2)
Compiling shader "Hidden/Physics2D/SDF_Point"
  Pass "" (vp)
    Target graphics API: d3d11
    Full variant space:         2
    After settings filtering:   2
    After built-in stripping:   1
    After scriptable stripping: 1
    Processed in 0.00 seconds
  Pass "" (fp)
    Target graphics API: d3d11
    Full variant space:         2
    After settings filtering:   2
    After built-in stripping:   1
    After scriptable stripping: 1
    Processed in 0.00 seconds
  Pass  (vp, d3d11) finished in 0.01 seconds. Local cache hits 1 (0.01s CPU time), remote cache hits 0 (0.00s CPU time), compiled 0 variants (0.00s CPU time), skipped 0 variants.
    Prepared data for serialisation in 0.00s
  Pass  (fp, d3d11) finished in 0.01 seconds. Local cache hits 1 (0.01s CPU time), remote cache hits 0 (0.00s CPU time), compiled 0 variants (0.00s CPU time), skipped 0 variants.
    Prepared data for serialisation in 0.00s
Serialized binary data for shader Hidden/Physics2D/SDF_Point in 0.00s
    d3d11 (total internal programs: 2, unique: 2)
Starting: D:\Unity\Hub\6000.4.4f1\Editor\Data\Tools\BuildPipeline\bee_backend.exe --ipc --dagfile="Library/Bee/Player6ee592bd.dag" --profile="Library/Bee/backend1.traceevents" Player
WorkingDir: D:/Dev/Krag-Kings/benchmark/unity
DisplayProgressbar: Incremental Player Build
D:/Dev/Krag-Kings/benchmark/unity/Library/PackageCache/com.unity.burst@6bb9aca3ef38/.Runtime\bcl.exe exited after 3842 ms.
stdout:
Starting 1 library requests
Done
stderr:

ExitCode: 4 Duration: 9s20ms
Starting: D:\Unity\Hub\6000.4.4f1\Editor\Data\netcorerun\netcorerun.exe "D:\Unity\Hub\6000.4.4f1\Editor\Data\PlaybackEngines\WindowsStandaloneSupport\WinPlayerBuildProgram.exe" "D:/Unity/Hub/6000.4.4f1/Editor/Data/PlaybackEngines/WindowsStandaloneSupport/Bee;D:/Unity/Hub/6000.4.4f1/Editor/Data/Tools/BuildPipeline" "Library/Bee/Player6ee592bd.dag.json" "Library/Bee/Player6ee592bd-inputdata.json" "Library\Bee\buildprogram0.traceevents"
WorkingDir: D:/Dev/Krag-Kings/benchmark/unity
ExitCode: 0 Duration: 0s658ms
Starting: D:\Unity\Hub\6000.4.4f1\Editor\Data\Tools\BuildPipeline\bee_backend.exe --ipc --dagfile="Library/Bee/Player6ee592bd.dag" --dagfilejson="Library\Bee\Player6ee592bd.dag.json" --profile="Library/Bee/backend2.traceevents" Player
WorkingDir: D:/Dev/Krag-Kings/benchmark/unity
ExitCode: 0 Duration: 0s106ms
Asset Pipeline Refresh (id=9d94c96a1cd0f1146b92a4fcaedc6a21): Total: 0.102 seconds - Initiated by RefreshV2(NoUpdateAssetOptions)
Total cache size 267246036
Total cache size after purge 267246036, took 00:00:00.2691582
Start importing ProjectSettings/ProjectSettings.asset using Guid(00000000000000004000000000000000) (LibraryAssetImporter) -> (Import Result ID: '71dd96538bbbc564cd863d79beaa69fe') in 0.0032611 seconds [static dependencies only]. Details - ImportResultOutputID=d3ca6db29495033f6ec6c171ea098da8 DependenciesID=5d9ee42149b044f287b1b10674149558 StaticDependenciesID=fca69fca57d69462e8f0d0cb40fa4c47 
Start importing Packages/com.unity.render-pipelines.high-definition/Runtime/RenderPipelineResources/ComputeMaterialLibrary.asset using Guid(833ab0ec618db411699ea8cb1a221d0d) (NativeFormatImporter) -> (Import Result ID: 'b7cbf45f9c558d842b43e9ff31699efb') in 0.0018628 seconds [static dependencies only]. Details - ImportResultOutputID=7280c861847fa7e885484bd7cbc1bd94 DependenciesID=3c02ec07783f5a712919e97d60107010 StaticDependenciesID=d024f37b499c599b9e3bc5b012a3b61c 
Asset Pipeline Refresh (id=8768ca164fe044241af453275e9956ae): Total: 0.078 seconds - Initiated by StopAssetImportingV2(NoUpdateAssetOptions)

-------------------------------------------------------------------------------
Build Report
Uncompressed usage by category (Percentages based on user generated assets only):
Textures               152.6 mb	 25.6% 
Meshes                 403.0 mb	 67.6% 
Animations             4.0 mb	 0.7% 
Sounds                 108.3 kb	 0.0% 
Shaders                1.3 mb	 0.2% 
Other Assets           35.0 mb	 5.9% 
Levels                 6.1 kb	 0.0% 
File headers           158.9 kb	 0.0% 
Total User Assets      596.3 mb	 100.0% 
Complete build size    687.8 mb
Used Assets and files from the Resources folder, sorted by uncompressed size:
 70.8 mb	 10.3% Assets/Benchmark/Imported/characters/krag/Krag_IronJaw.fbx
 70.4 mb	 10.2% Assets/Benchmark/Imported/characters/krag/Krag_Natural.fbx
 68.0 mb	 9.9% Assets/Benchmark/Imported/characters/krag/Krag_Crusher.fbx
 67.8 mb	 9.9% Assets/Benchmark/Imported/characters/krag/Krag_Piston.fbx
 42.8 mb	 6.2% Assets/Benchmark/Imported/characters/nib/Nib_Natural.fbx
 42.5 mb	 6.2% Assets/Benchmark/Imported/characters/nib/Nib_LegReplacement.fbx
 42.4 mb	 6.2% Assets/Benchmark/Imported/characters/nib/Nib_GripReplacement.fbx
 25.2 mb	 3.7% Packages/com.unity.render-pipelines.high-definition/Runtime/Lighting/LightLoop/Deferred.compute
 5.3 mb	 0.8% Assets/Benchmark/Imported/characters/krag/textures/Krag_SandstoneSkin_Normal.png
 5.3 mb	 0.8% Assets/Benchmark/Imported/characters/krag/textures/Krag_SandstoneSkin_BaseColor.png
 5.3 mb	 0.8% Assets/Benchmark/Imported/characters/nib/textures/Nib_Skin_BaseColor.png
 5.3 mb	 0.8% Assets/Benchmark/Imported/environment/Sand_MaskHDRP.png
 5.3 mb	 0.8% Assets/Benchmark/Imported/environment/Sand_BaseColor.png
 5.3 mb	 0.8% Assets/Benchmark/Imported/characters/nib/textures/Nib_Skin_Normal.png
 5.3 mb	 0.8% Assets/Benchmark/Generated/Nib_Skin_Mask.png
 5.3 mb	 0.8% Assets/Benchmark/Imported/environment/Sand_Normal.png
 3.9 mb	 0.6% Packages/com.unity.render-pipelines.high-definition/Runtime/Lighting/VolumetricLighting/VolumetricLighting.compute
 2.7 mb	 0.4% Built-in Texture2D: Splash Screen Unity Logo
 2.3 mb	 0.3% Assets/Benchmark/Imported/environment/Dunes.fbx
 2.0 mb	 0.3% Packages/com.unity.render-pipelines.high-definition/Runtime/RenderPipelineResources/Texture/DefaultCloudMap.png
 2.0 mb	 0.3% Packages/com.unity.render-pipelines.high-definition/Runtime/RenderPipelineResources/Texture/HairLongitudinalScatteringLUT.asset
 2.0 mb	 0.3% Packages/com.unity.render-pipelines.high-definition/Runtime/RenderPipelineResources/Texture/HairAzimuthalScatteringLUT.asset
 2.0 mb	 0.3% Packages/com.unity.render-pipelines.high-definition/Runtime/RenderPipelineResources/Texture/HairAttenuationLUT.asset
 1.3 mb	 0.2% Assets/Benchmark/Imported/characters/krag/textures/Krag_BlackenedSteel_BaseColor.png
 1.3 mb	 0.2% Assets/Benchmark/Imported/characters/nib/textures/Nib_MouthInterior_BaseColor.png
 1.3 mb	 0.2% Assets/Benchmark/Imported/characters/krag/textures/Krag_WeatheredTeal_Normal.png
 1.3 mb	 0.2% Assets/Benchmark/Imported/characters/krag/textures/Krag_WeatheredTeal_BaseColor.png
 1.3 mb	 0.2% Assets/Benchmark/Imported/characters/krag/textures/Krag_OralTissue_BaseColor.png
 1.3 mb	 0.2% Assets/Benchmark/Imported/characters/krag/textures/Krag_OiledLeather_BaseColor.png
 1.3 mb	 0.2% Assets/Benchmark/Imported/characters/krag/textures/Krag_FacialSkin_BaseColor.png
 1.3 mb	 0.2% Assets/Benchmark/Imported/characters/krag/textures/Krag_DesertCanvas_BaseColor.png
 1.3 mb	 0.2% Assets/Benchmark/Imported/characters/krag/textures/Krag_CopperHose_BaseColor.png
 1.3 mb	 0.2% Assets/Benchmark/Imported/characters/krag/textures/Krag_BlackenedSteel_Normal.png
 1.3 mb	 0.2% Assets/Benchmark/Imported/characters/nib/textures/Nib_Workwear_BaseColor.png
 1.3 mb	 0.2% Assets/Benchmark/Imported/characters/nib/textures/Nib_MouthInterior_Normal.png
 1.3 mb	 0.2% Assets/Benchmark/Imported/characters/nib/textures/Nib_Leather_BaseColor.png
 1.3 mb	 0.2% Assets/Benchmark/Imported/characters/nib/textures/Nib_EarInner_BaseColor.png
 1.3 mb	 0.2% Assets/Benchmark/Imported/characters/krag/textures/Krag_Tongue_BaseColor.png
 1.3 mb	 0.2% Assets/Benchmark/Imported/characters/krag/textures/Krag_OralTissue_Normal.png
 1.3 mb	 0.2% Assets/Benchmark/Imported/characters/krag/textures/Krag_OiledLeather_Normal.png
 1.3 mb	 0.2% Assets/Benchmark/Imported/characters/krag/textures/Krag_FacialSkin_Normal.png
 1.3 mb	 0.2% Assets/Benchmark/Imported/characters/krag/textures/Krag_DesertCanvas_Normal.png
 1.3 mb	 0.2% Assets/Benchmark/Imported/characters/krag/textures/Krag_CopperHose_Normal.png
 1.3 mb	 0.2% Assets/Benchmark/Imported/characters/krag/textures/Krag_AgedBrass_Normal.png
 1.3 mb	 0.2% Assets/Benchmark/Imported/characters/krag/textures/Krag_AgedBrass_BaseColor.png
 1.3 mb	 0.2% Assets/Benchmark/Generated/Nib_MouthInterior_Mask.png
 1.3 mb	 0.2% Assets/Benchmark/Imported/characters/nib/textures/Nib_Workwear_Normal.png
 1.3 mb	 0.2% Assets/Benchmark/Imported/characters/nib/textures/Nib_Tooth_BaseColor.png
 1.3 mb	 0.2% Assets/Benchmark/Imported/characters/nib/textures/Nib_Tongue_Normal.png
 1.3 mb	 0.2% Assets/Benchmark/Imported/characters/nib/textures/Nib_Tongue_BaseColor.png
 1.3 mb	 0.2% Assets/Benchmark/Imported/characters/nib/textures/Nib_Teal_BaseColor.png
 1.3 mb	 0.2% Assets/Benchmark/Imported/characters/nib/textures/Nib_Stitch_Normal.png
 1.3 mb	 0.2% Assets/Benchmark/Imported/characters/nib/textures/Nib_Stitch_BaseColor.png
 1.3 mb	 0.2% Assets/Benchmark/Imported/characters/nib/textures/Nib_Steel_BaseColor.png
 1.3 mb	 0.2% Assets/Benchmark/Imported/characters/nib/textures/Nib_Muzzle_Normal.png
 1.3 mb	 0.2% Assets/Benchmark/Imported/characters/nib/textures/Nib_Muzzle_BaseColor.png
 1.3 mb	 0.2% Assets/Benchmark/Imported/characters/nib/textures/Nib_Lens_BaseColor.png
 1.3 mb	 0.2% Assets/Benchmark/Imported/characters/nib/textures/Nib_Leather_Normal.png
 1.3 mb	 0.2% Assets/Benchmark/Imported/characters/nib/textures/Nib_Hair_BaseColor.png
 1.3 mb	 0.2% Assets/Benchmark/Imported/characters/nib/textures/Nib_Gum_BaseColor.png
 1.3 mb	 0.2% Assets/Benchmark/Imported/characters/nib/textures/Nib_Eye_BaseColor.png
 1.3 mb	 0.2% Assets/Benchmark/Imported/characters/nib/textures/Nib_EarInner_Normal.png
 1.3 mb	 0.2% Assets/Benchmark/Imported/characters/nib/textures/Nib_Dark_BaseColor.png
 1.3 mb	 0.2% Assets/Benchmark/Imported/characters/nib/textures/Nib_Cloth_BaseColor.png
 1.3 mb	 0.2% Assets/Benchmark/Imported/characters/nib/textures/Nib_Brass_BaseColor.png
 1.3 mb	 0.2% Assets/Benchmark/Imported/characters/krag/textures/Krag_Tongue_Normal.png
 1.3 mb	 0.2% Assets/Benchmark/Generated/Nib_Workwear_Mask.png
 1.3 mb	 0.2% Assets/Benchmark/Generated/Nib_EarInner_Mask.png
 1.3 mb	 0.2% Assets/Benchmark/Imported/characters/nib/textures/Nib_Tooth_Normal.png
 1.3 mb	 0.2% Assets/Benchmark/Imported/characters/nib/textures/Nib_Teal_Normal.png
 1.3 mb	 0.2% Assets/Benchmark/Imported/characters/nib/textures/Nib_Steel_Normal.png
 1.3 mb	 0.2% Assets/Benchmark/Imported/characters/nib/textures/Nib_Lens_Normal.png
 1.3 mb	 0.2% Assets/Benchmark/Imported/characters/nib/textures/Nib_Hair_Normal.png
 1.3 mb	 0.2% Assets/Benchmark/Imported/characters/nib/textures/Nib_Gum_Normal.png
 1.3 mb	 0.2% Assets/Benchmark/Imported/characters/nib/textures/Nib_Eye_Normal.png
 1.3 mb	 0.2% Assets/Benchmark/Imported/characters/nib/textures/Nib_Dark_Normal.png
 1.3 mb	 0.2% Assets/Benchmark/Imported/characters/nib/textures/Nib_Cloth_Normal.png
 1.3 mb	 0.2% Assets/Benchmark/Imported/characters/nib/textures/Nib_Brass_Normal.png
 1.3 mb	 0.2% Assets/Benchmark/Generated/Nib_Tooth_Mask.png
 1.3 mb	 0.2% Assets/Benchmark/Generated/Nib_Tongue_Mask.png
 1.3 mb	 0.2% Assets/Benchmark/Generated/Nib_Teal_Mask.png
 1.3 mb	 0.2% Assets/Benchmark/Generated/Nib_Stitch_Mask.png
 1.3 mb	 0.2% Assets/Benchmark/Generated/Nib_Steel_Mask.png
 1.3 mb	 0.2% Assets/Benchmark/Generated/Nib_Muzzle_Mask.png
 1.3 mb	 0.2% Assets/Benchmark/Generated/Nib_Lens_Mask.png
 1.3 mb	 0.2% Assets/Benchmark/Generated/Nib_Leather_Mask.png
 1.3 mb	 0.2% Assets/Benchmark/Generated/Nib_Hair_Mask.png
 1.3 mb	 0.2% Assets/Benchmark/Generated/Nib_Dark_Mask.png
 1.3 mb	 0.2% Assets/Benchmark/Generated/Nib_Cloth_Mask.png
 1.3 mb	 0.2% Assets/Benchmark/Generated/Nib_Brass_Mask.png
 1.3 mb	 0.2% Assets/Benchmark/Generated/Nib_Gum_Mask.png
 1.3 mb	 0.2% Assets/Benchmark/Generated/Nib_Eye_Mask.png
 798.5 kb	 0.1% Packages/com.unity.render-pipelines.high-definition/Runtime/PostProcessing/Shaders/UberPost.compute
 622.8 kb	 0.1% Packages/com.unity.render-pipelines.high-definition/Runtime/Sky/CloudSystem/CloudLayer/BakeCloudShadows.compute
 545.9 kb	 0.1% Resources/unity_builtin_extra
 431.9 kb	 0.1% Packages/com.unity.render-pipelines.high-definition/Runtime/Lighting/ScreenSpaceLighting/ScreenSpaceReflections.compute
 384.2 kb	 0.1% Packages/com.unity.render-pipelines.high-definition/Runtime/RenderPipelineResources/Texture/CoherentNoise/ScramblingTile8SPP.png
 384.2 kb	 0.1% Packages/com.unity.render-pipelines.high-definition/Runtime/RenderPipelineResources/Texture/CoherentNoise/ScramblingTile256SPP.png
 384.2 kb	 0.1% Packages/com.unity.render-pipelines.high-definition/Runtime/RenderPipelineResources/Texture/CoherentNoise/ScramblingTile1SPP.png
 384.2 kb	 0.1% Packages/com.unity.render-pipelines.high-definition/Runtime/RenderPipelineResources/Texture/CoherentNoise/RankingTile256SPP.png
 384.2 kb	 0.1% Packages/com.unity.render-pipelines.high-definition/Runtime/RenderPipelineResources/Texture/CoherentNoise/RankingTile8SPP.png
 384.2 kb	 0.1% Packages/com.unity.render-pipelines.high-definition/Runtime/RenderPipelineResources/Texture/CoherentNoise/RankingTile1SPP.png
 337.5 kb	 0.0% Packages/com.unity.render-pipelines.high-definition/Runtime/PostProcessing/Shaders/TemporalAntiAliasing.shader
 300.9 kb	 0.0% Packages/com.unity.render-pipelines.high-definition/Runtime/Lighting/LightLoop/lightlistbuild-clustered.compute
 265.1 kb	 0.0% Packages/com.unity.render-pipelines.high-definition/Runtime/PostProcessing/Shaders/LutBuilder3D.compute
 262.6 kb	 0.0% Packages/com.unity.render-pipelines.high-definition/Runtime/RenderPipelineResources/Texture/SMAA/AreaTex.tga
 256.1 kb	 0.0% Packages/com.unity.render-pipelines.high-definition/Runtime/RenderPipelineResources/Texture/FilmGrain/Thin02.png
 256.1 kb	 0.0% Packages/com.unity.render-pipelines.high-definition/Runtime/RenderPipelineResources/Texture/FilmGrain/Thin01.png
 256.1 kb	 0.0% Packages/com.unity.render-pipelines.high-definition/Runtime/RenderPipelineResources/Texture/FilmGrain/Medium06.png
 256.1 kb	 0.0% Packages/com.unity.render-pipelines.high-definition/Runtime/RenderPipelineResources/Texture/FilmGrain/Medium05.png
 256.1 kb	 0.0% Packages/com.unity.render-pipelines.high-definition/Runtime/RenderPipelineResources/Texture/FilmGrain/Medium04.png
 256.1 kb	 0.0% Packages/com.unity.render-pipelines.high-definition/Runtime/RenderPipelineResources/Texture/FilmGrain/Medium03.png
 256.1 kb	 0.0% Packages/com.unity.render-pipelines.high-definition/Runtime/RenderPipelineResources/Texture/FilmGrain/Medium02.png
 256.1 kb	 0.0% Packages/com.unity.render-pipelines.high-definition/Runtime/RenderPipelineResources/Texture/FilmGrain/Medium01.png
 256.1 kb	 0.0% Packages/com.unity.render-pipelines.high-definition/Runtime/RenderPipelineResources/Texture/FilmGrain/Large02.png
 256.1 kb	 0.0% Packages/com.unity.render-pipelines.high-definition/Runtime/RenderPipelineResources/Texture/FilmGrain/Large01.png
 231.3 kb	 0.0% Packages/com.unity.render-pipelines.high-definition/Runtime/Lighting/LightLoop/lightlistbuild.compute
 229.1 kb	 0.0% Packages/com.unity.render-pipelines.high-definition/Runtime/Lighting/ScreenSpaceLighting/ScreenSpaceGlobalIllumination.compute
 192.2 kb	 0.0% Packages/com.unity.render-pipelines.high-definition/Runtime/RenderPipelineResources/Texture/CoherentNoise/OwenScrambledNoise256.png
 192.2 kb	 0.0% Packages/com.unity.render-pipelines.high-definition/Runtime/RenderPipelineResources/Texture/CoherentNoise/ScrambleNoise.png
 169.8 kb	 0.0% Packages/com.unity.render-pipelines.high-definition/Runtime/PostProcessing/Shaders/DoFGather.compute
 146.7 kb	 0.0% Packages/com.unity.render-pipelines.core/Runtime/Lighting/ProbeVolume/ProbeVolumeUploadData.compute
 134.2 kb	 0.0% Packages/com.unity.visualeffectgraph/Shaders/Sort.compute
 128.4 kb	 0.0% Packages/com.unity.render-pipelines.high-definition/Runtime/RenderPipelineResources/Texture/DefaultHDRISky.exr
 117.1 kb	 0.0% Packages/com.unity.visualeffectgraph/Shaders/SDFBaker/GenSdfRayMap.compute
 112.2 kb	 0.0% Packages/com.unity.render-pipelines.high-definition/Runtime/Sky/PhysicallyBasedSky/SkyLUTGenerator.compute
 111.0 kb	 0.0% Packages/com.unity.render-pipelines.high-definition/Runtime/Sky/CloudSystem/CloudLayer/CloudLayer.shader
 102.2 kb	 0.0% Assets/Benchmark/Shaders/ParticleLitSoft.shadergraph
 99.3 kb	 0.0% Packages/com.unity.render-pipelines.high-definition/Runtime/PostProcessing/Shaders/FinalPass.shader
 85.6 kb	 0.0% Packages/com.unity.render-pipelines.core/Runtime/Debug/ProbeVolumeNumbersDisplayTex.png
 85.5 kb	 0.0% Assets/Benchmark/Imported/characters/krag/textures/Krag_Recess_BaseColor.png
 85.5 kb	 0.0% Assets/Benchmark/Imported/characters/krag/textures/Krag_EyeWhite_BaseColor.png
 85.5 kb	 0.0% Assets/Benchmark/Imported/characters/krag/textures/Krag_Recess_Normal.png
 85.5 kb	 0.0% Assets/Benchmark/Imported/characters/krag/textures/Krag_Ivory_Normal.png
 85.5 kb	 0.0% Assets/Benchmark/Imported/characters/krag/textures/Krag_Ivory_BaseColor.png
 85.5 kb	 0.0% Assets/Benchmark/Imported/characters/krag/textures/Krag_EyeWhite_Normal.png
 85.5 kb	 0.0% Assets/Benchmark/Imported/characters/krag/textures/Krag_Amber_Normal.png
 85.5 kb	 0.0% Assets/Benchmark/Imported/characters/krag/textures/Krag_Amber_BaseColor.png
 79.7 kb	 0.0% Packages/com.unity.render-pipelines.core/Runtime/Debugging/Prefabs/Fonts/PerfectDOSVGA437.ttf
 77.2 kb	 0.0% Packages/com.unity.render-pipelines.high-definition/Runtime/Material/SubsurfaceScattering/SubsurfaceScattering.compute
 74.6 kb	 0.0% Packages/com.unity.render-pipelines.high-definition/Runtime/PostProcessing/Shaders/DepthOfFieldGather.compute
 74.4 kb	 0.0% Packages/com.unity.render-pipelines.high-definition/Runtime/PostProcessing/Shaders/DepthOfFieldCombine.compute
 72.9 kb	 0.0% Packages/com.unity.render-pipelines.high-definition/Runtime/Material/Hair/MultipleScattering/HairMultipleScatteringPreIntegration.compute
 71.0 kb	 0.0% Packages/com.unity.render-pipelines.high-definition/Runtime/Sky/AmbientProbeConvolution.compute
 70.9 kb	 0.0% Packages/com.unity.render-pipelines.high-definition/Runtime/ShaderLibrary/Blit.shader
 68.3 kb	 0.0% Packages/com.unity.render-pipelines.core/Runtime/Vrs/Shaders/VrsTexture.compute
 67.4 kb	 0.0% Packages/com.unity.render-pipelines.high-definition/Runtime/Sky/HDRISky/HDRISky.shader
 64.1 kb	 0.0% Packages/com.unity.render-pipelines.high-definition/Runtime/RenderPipelineResources/Texture/EyeCausticLUT16R.exr
 60.5 kb	 0.0% Packages/com.unity.render-pipelines.high-definition/Runtime/Lighting/ScreenSpaceLighting/GTAO.compute
 59.1 kb	 0.0% Packages/com.unity.render-pipelines.core/Runtime/Debugging/Prefabs/Widgets/DebugUIHandlerRenderingLayerField.prefab
 59.1 kb	 0.0% Packages/com.unity.render-pipelines.core/Runtime/Debugging/Prefabs/Widgets/DebugUIBitField.prefab
 59.0 kb	 0.0% Packages/com.unity.render-pipelines.high-definition/Runtime/PostProcessing/Shaders/DepthOfFieldPrefilter.compute
 58.1 kb	 0.0% Packages/com.unity.render-pipelines.high-definition/Runtime/Material/Lit/Lit.shader
 57.3 kb	 0.0% Packages/com.unity.render-pipelines.high-definition/Runtime/Lighting/ScreenSpaceLighting/GTAOBlurAndUpsample.compute
 55.3 kb	 0.0% Packages/com.unity.render-pipelines.high-definition/Runtime/PostProcessing/Shaders/BloomPrefilter.compute
 54.3 kb	 0.0% Packages/com.unity.render-pipelines.high-definition/Runtime/Utilities/GPUSort/GPUSort.compute
 52.0 kb	 0.0% Packages/com.unity.render-pipelines.high-definition/Runtime/PostProcessing/Shaders/ContrastAdaptiveSharpen.compute
 47.9 kb	 0.0% Packages/com.unity.render-pipelines.high-definition/Runtime/PostProcessing/Shaders/MotionBlurMotionVecPrep.compute
 44.6 kb	 0.0% Packages/com.unity.render-pipelines.high-definition/Runtime/RenderPipeline/Raytracing/Shaders/Denoising/TemporalFilter.compute
 43.4 kb	 0.0% Packages/com.unity.render-pipelines.high-definition/Runtime/Lighting/LightLoop/lightlistbuild-bigtile.compute
 42.8 kb	 0.0% Packages/com.unity.render-pipelines.high-definition/Runtime/RenderPipelineResources/Texture/Matcap/DefaultMatcap.png
 41.7 kb	 0.0% Packages/com.unity.render-pipelines.high-definition/Runtime/PostProcessing/Shaders/EdgeAdaptiveSpatialUpsampling.compute
 41.6 kb	 0.0% Packages/com.unity.render-pipelines.high-definition/Runtime/PostProcessing/Shaders/DoFComputeSlowTiles.compute
 41.5 kb	 0.0% Packages/com.unity.render-pipelines.high-definition/Runtime/RenderPipeline/Raytracing/Shaders/Denoising/DiffuseDenoiser.compute
 39.5 kb	 0.0% Packages/com.unity.render-pipelines.high-definition/Runtime/RenderPipelineResources/Mesh/Sphere.fbx
 37.5 kb	 0.0% Packages/com.unity.render-pipelines.high-definition/Runtime/Sky/CloudSystem/CloudLayer/BakeCloudTexture.compute
 32.2 kb	 0.0% Packages/com.unity.render-pipelines.high-definition/Runtime/RenderPipelineResources/Texture/DebugFont.tga
 31.5 kb	 0.0% Packages/com.unity.render-pipelines.high-definition/Runtime/Core/CoreResources/EncodeBC6H.compute
 29.4 kb	 0.0% Packages/com.unity.render-pipelines.high-definition/Runtime/Lighting/LightLoop/scrbound.compute
 27.3 kb	 0.0% Packages/com.unity.render-pipelines.high-definition/Runtime/ShaderLibrary/ResolveStencilBuffer.compute
 26.3 kb	 0.0% Packages/com.unity.render-pipelines.high-definition/Runtime/RenderPipeline/RenderPass/ColorPyramid.compute
 25.1 kb	 0.0% Packages/com.unity.render-pipelines.high-definition/Runtime/Lighting/Shadow/EVSMBlur.compute
 24.9 kb	 0.0% Packages/com.unity.render-pipelines.high-definition/Runtime/Lighting/AtmosphericScattering/OpaqueAtmosphericScattering.shader
 24.5 kb	 0.0% Packages/com.unity.visualeffectgraph/Shaders/VFXPrefixSum.compute
 23.6 kb	 0.0% Packages/com.unity.render-pipelines.high-definition/Runtime/Material/Eye/EyeCausticLUTGen.compute
 23.3 kb	 0.0% Assets/Benchmark/Imported/audio/Krag_Shot.wav
 23.0 kb	 0.0% Packages/com.unity.render-pipelines.high-definition/Runtime/PostProcessing/Shaders/HistogramExposure.compute
 23.0 kb	 0.0% Packages/com.unity.render-pipelines.high-definition/Runtime/PostProcessing/Shaders/BloomBlur.compute
 22.9 kb	 0.0% Packages/com.unity.render-pipelines.high-definition/Runtime/PostProcessing/Shaders/DepthOfFieldMip.compute
 22.3 kb	 0.0% Packages/com.unity.render-pipelines.high-definition/Runtime/PostProcessing/Shaders/MotionBlur.compute
 21.5 kb	 0.0% Assets/Benchmark/Generated/Krag_WeatheredTeal_Mask.png
 21.5 kb	 0.0% Assets/Benchmark/Generated/Krag_SandstoneSkin_Mask.png
 21.5 kb	 0.0% Assets/Benchmark/Generated/Krag_OiledLeather_Mask.png
 21.5 kb	 0.0% Assets/Benchmark/Generated/Krag_DesertCanvas_Mask.png
 21.5 kb	 0.0% Assets/Benchmark/Generated/Krag_BlackenedSteel_Mask.png
 21.5 kb	 0.0% Assets/Benchmark/Generated/Krag_OralTissue_Mask.png
 21.5 kb	 0.0% Assets/Benchmark/Generated/Krag_FacialSkin_Mask.png
 21.5 kb	 0.0% Assets/Benchmark/Generated/Krag_CopperHose_Mask.png
 21.5 kb	 0.0% Assets/Benchmark/Generated/Krag_AgedBrass_Mask.png
 21.5 kb	 0.0% Assets/Benchmark/Generated/Krag_Tongue_Mask.png
 21.5 kb	 0.0% Assets/Benchmark/Imported/effects/SandDustMask.png
 20.3 kb	 0.0% Packages/com.unity.render-pipelines.high-definition/Runtime/PostProcessing/Shaders/LensFlareDataDriven.shader
 20.1 kb	 0.0% Packages/com.unity.render-pipelines.high-definition/Runtime/PostProcessing/Shaders/Exposure.compute
 19.9 kb	 0.0% Packages/com.unity.render-pipelines.high-definition/Runtime/RenderPipelineResources/ShaderGraph/PhysicallyBasedSky.shadergraph
 19.8 kb	 0.0% Packages/com.unity.render-pipelines.high-definition/Runtime/Lighting/LightLoop/materialflags.compute
 19.7 kb	 0.0% Packages/com.unity.render-pipelines.high-definition/Runtime/Material/Unlit/Unlit.shader
 19.5 kb	 0.0% Packages/com.unity.render-pipelines.high-definition/Runtime/Utilities/GPUPrefixSum/GPUPrefixSum.compute
 18.7 kb	 0.0% Packages/com.unity.render-pipelines.high-definition/Runtime/ShaderLibrary/SolidColor.shadergraph
 18.3 kb	 0.0% Packages/com.unity.render-pipelines.high-definition/Runtime/PostProcessing/Shaders/LensFlareScreenSpace.shader
 18.2 kb	 0.0% Packages/com.unity.render-pipelines.high-definition/Runtime/Sky/PhysicallyBasedSky/PhysicallyBasedSky.shader
 17.8 kb	 0.0% Packages/com.unity.render-pipelines.high-definition/Runtime/PostProcessing/Shaders/DepthOfFieldCoC.compute
 17.7 kb	 0.0% Packages/com.unity.render-pipelines.high-definition/Runtime/RenderPipeline/RenderPass/GenerateMaxZ.compute
 17.1 kb	 0.0% Packages/com.unity.render-pipelines.high-definition/Runtime/Lighting/Shadow/ContactShadows.compute
 16.6 kb	 0.0% Assets/Benchmark/Imported/audio/Nib_Shot.wav
 16.6 kb	 0.0% Packages/com.unity.render-pipelines.high-definition/Runtime/Lighting/ScreenSpaceLighting/GTAOSpatialDenoise.compute
 16.4 kb	 0.0% Packages/com.unity.render-pipelines.high-definition/Runtime/PostProcessing/Shaders/PostSharpenPass.compute
 16.1 kb	 0.0% Packages/com.unity.render-pipelines.high-definition/Runtime/RenderPipeline/RenderPass/DepthPyramid.compute
 16.0 kb	 0.0% Packages/com.unity.render-pipelines.high-definition/Runtime/PostProcessing/Shaders/FXAA.compute
 15.8 kb	 0.0% Packages/com.unity.render-pipelines.high-definition/Runtime/PostProcessing/Shaders/MotionBlurGenTilePass.compute
 15.5 kb	 0.0% Packages/com.unity.render-pipelines.high-definition/Runtime/Sky/PhysicallyBasedSky/InScatteredRadiancePrecomputation.compute
 15.2 kb	 0.0% Packages/com.unity.render-pipelines.high-definition/Runtime/RenderPipelineResources/ShaderGraph/DefaultFogVolume.shadergraph
 14.9 kb	 0.0% Packages/com.unity.render-pipelines.high-definition/Runtime/RenderPipeline/RenderPass/CustomPass/CustomPassUtils.shader
 14.6 kb	 0.0% Packages/com.unity.render-pipelines.high-definition/Runtime/PostProcessing/Shaders/DoFCombine.compute
 14.5 kb	 0.0% Packages/com.unity.render-pipelines.high-definition/Runtime/PostProcessing/Shaders/DepthOfFieldTileMax.compute
 14.2 kb	 0.0% Packages/com.unity.render-pipelines.high-definition/Runtime/Sky/PhysicallyBasedSky/GroundIrradiancePrecomputation.compute
 13.9 kb	 0.0% Packages/com.unity.render-pipelines.high-definition/Runtime/Lighting/PlanarReflectionFiltering.compute
 13.7 kb	 0.0% Packages/com.unity.render-pipelines.high-definition/Runtime/PostProcessing/Shaders/SubpixelMorphologicalAntialiasing.shader
 13.6 kb	 0.0% Packages/com.unity.render-pipelines.core/Runtime/Debug/ProbeSamplingDebugMesh.fbx
 13.4 kb	 0.0% Packages/com.unity.render-pipelines.high-definition/Runtime/Lighting/ScreenSpaceLighting/GTAOTemporalDenoise.compute
 13.1 kb	 0.0% Packages/com.unity.render-pipelines.core/Runtime/Lighting/ProbeVolume/ProbeVolumeBlendStates.compute
 13.0 kb	 0.0% Packages/com.unity.render-pipelines.high-definition/Runtime/ShaderLibrary/CopyStencilBuffer.shader
 12.7 kb	 0.0% Packages/com.unity.render-pipelines.high-definition/Runtime/ShaderLibrary/BlitColorAndDepth.shader
 12.6 kb	 0.0% Assets/Benchmark/Generated/Prefabs/Nib_LegReplacement.prefab
 12.6 kb	 0.0% Assets/Benchmark/Generated/Prefabs/Nib_GripReplacement.prefab
 12.6 kb	 0.0% Assets/Benchmark/Generated/Prefabs/Nib_Natural.prefab
 12.5 kb	 0.0% Packages/com.unity.render-pipelines.high-definition/Runtime/PostProcessing/Shaders/PaniniProjection.compute
 12.4 kb	 0.0% Packages/com.unity.render-pipelines.high-definition/Runtime/RenderPipeline/RenderPass/CustomPass/CustomPassRenderersUtils.shader
 11.7 kb	 0.0% Packages/com.unity.render-pipelines.high-definition/Runtime/RenderPipeline/Accumulation/Shaders/Accumulation.compute
 11.7 kb	 0.0% Packages/com.unity.render-pipelines.high-definition/Runtime/RenderPipeline/RenderPass/MSAA/DepthValues.shader
 11.7 kb	 0.0% Assets/Benchmark/Generated/Prefabs/Krag_Natural.prefab
 11.7 kb	 0.0% Assets/Benchmark/Generated/Prefabs/Krag_IronJaw.prefab
 11.7 kb	 0.0% Assets/Benchmark/Generated/Prefabs/Krag_Piston.prefab
 11.6 kb	 0.0% Assets/Benchmark/Generated/Prefabs/Krag_Crusher.prefab
 11.6 kb	 0.0% Packages/com.unity.render-pipelines.high-definition/Runtime/PostProcessing/Shaders/DepthOfFieldCoCReproject.compute
 11.5 kb	 0.0% Packages/com.unity.render-pipelines.high-definition/Runtime/Lighting/ScreenSpaceLighting/BilateralUpsample.compute
 11.2 kb	 0.0% Packages/com.unity.visualeffectgraph/Shaders/VFXCopyBuffer.compute
 11.2 kb	 0.0% Packages/com.unity.render-pipelines.high-definition/Runtime/Material/LTCAreaLight/FilterAreaLightCookies.shader
 10.7 kb	 0.0% Packages/com.unity.render-pipelines.high-definition/Runtime/RenderPipeline/RenderPass/MSAA/ColorResolve.shader
 10.6 kb	 0.0% Packages/com.unity.render-pipelines.high-definition/Runtime/RenderPipeline/RenderPass/MSAA/MotionVecResolve.shader
 9.9 kb	 0.0% Packages/com.unity.render-pipelines.high-definition/Runtime/Material/GGXConvolution/BuildProbabilityTables.compute
 9.8 kb	 0.0% Assets/InputSystem_Actions.inputactions
 9.8 kb	 0.0% Packages/com.unity.render-pipelines.high-definition/Runtime/ShaderLibrary/UpsampleTransparent.shader
 9.5 kb	 0.0% Packages/com.unity.render-pipelines.high-definition/Runtime/Material/VolumetricMaterial/VolumetricMaterial.compute
 9.4 kb	 0.0% Packages/com.unity.render-pipelines.high-definition/Runtime/PostProcessing/Shaders/MotionBlurNeighborhoodTilePass.compute
 9.3 kb	 0.0% Packages/com.unity.render-pipelines.core/Runtime/Debugging/Prefabs/Widgets/DebugUIPanel.prefab
 9.2 kb	 0.0% Packages/com.unity.render-pipelines.core/Runtime/Lighting/ProbeVolume/ProbeVolumeUploadDataL2.compute
 9.0 kb	 0.0% Packages/com.unity.render-pipelines.high-definition/Runtime/PostProcessing/Shaders/DoFCircleOfConfusion.compute
 9.0 kb	 0.0% Assets/Settings/HDRPDefaultResources/DefaultSettingsVolumeProfile.asset
 8.7 kb	 0.0% Packages/com.unity.render-pipelines.high-definition/Runtime/RenderPipeline/LineRendering/CompositeLines.shader
 8.7 kb	 0.0% Packages/com.unity.render-pipelines.high-definition/Runtime/Lighting/VolumetricLighting/VolumetricLightingFiltering.compute
 8.2 kb	 0.0% Packages/com.unity.render-pipelines.core/Runtime/Debug/ProbeVolumeSamplingDebug.shader
 8.1 kb	 0.0% Packages/com.unity.render-pipelines.high-definition/Runtime/PostProcessing/Shaders/BloomUpsample.compute
 8.0 kb	 0.0% Assets/Settings/HDRPDefaultResources/HDRenderPipelineGlobalSettings.asset
 7.2 kb	 0.0% Packages/com.unity.render-pipelines.high-definition/Runtime/PostProcessing/Shaders/DepthOfFieldKernel.compute
 6.7 kb	 0.0% Packages/com.unity.visualeffectgraph/Shaders/SDFBaker/RayMapVoxelize.shader
 6.7 kb	 0.0% Assets/Benchmark/Imported/audio/Krag_Sand_01.wav
 6.7 kb	 0.0% Packages/com.unity.render-pipelines.high-definition/Runtime/RenderPipeline/ShaderPass/ComputeThickness.shader
 6.7 kb	 0.0% Assets/Benchmark/Imported/audio/Krag_Hit.wav
 6.6 kb	 0.0% Packages/com.unity.render-pipelines.high-definition/Runtime/Lighting/Shadow/MomentShadows.compute
 6.5 kb	 0.0% Packages/com.unity.render-pipelines.core/Runtime/Debugging/Prefabs/Widgets/DebugUIColor.prefab
 6.4 kb	 0.0% Packages/com.unity.render-pipelines.high-definition/Runtime/RenderPipelineResources/Mesh/Cylinder.fbx
 6.3 kb	 0.0% Packages/com.unity.render-pipelines.high-definition/Runtime/Sky/GradientSky/GradientSky.shader
 6.3 kb	 0.0% Packages/com.unity.render-pipelines.high-definition/Runtime/PostProcessing/Shaders/DepthOfFieldCoCDilate.compute
 6.2 kb	 0.0% Packages/com.unity.render-pipelines.high-definition/Runtime/PostProcessing/Shaders/CompositeWithUIAndOETF.shader
 6.1 kb	 0.0% Packages/com.unity.render-pipelines.high-definition/Runtime/RenderPipeline/RenderPass/ColorPyramidPS.shader
 6.1 kb	 0.0% Packages/com.unity.render-pipelines.core/Runtime/Debugging/Prefabs/Widgets/DebugUIVector4.prefab
 6.1 kb	 0.0% Assets/Benchmark/Imported/audio/Krag_Sand_04.wav
 6.1 kb	 0.0% Packages/com.unity.render-pipelines.high-definition/Runtime/Lighting/Shadow/DebugDisplayHDShadowMap.shader
 6.1 kb	 0.0% Packages/com.unity.render-pipelines.high-definition/Runtime/Compositor/Shaders/CustomClear.shader
 5.8 kb	 0.0% Packages/com.unity.render-pipelines.high-definition/Runtime/Material/SubsurfaceScattering/CombineLighting.shader
 5.8 kb	 0.0% Assets/Benchmark/Imported/audio/Nib_Sand_01.wav
 5.6 kb	 0.0% Packages/com.unity.render-pipelines.core/Shaders/CoreCopy.shader
 5.4 kb	 0.0% Packages/com.unity.render-pipelines.high-definition/Runtime/Material/GGXConvolution/ComputeGgxIblSampleData.compute
 5.2 kb	 0.0% Assets/Benchmark/Imported/audio/Krag_Sand_05.wav
 5.2 kb	 0.0% Packages/com.unity.render-pipelines.high-definition/Runtime/VirtualTexturing/Shaders/DownsampleVTFeedback.compute
 5.2 kb	 0.0% Assets/Benchmark/Imported/audio/Krag_Sand_06.wav
 5.2 kb	 0.0% Packages/com.unity.render-pipelines.core/Runtime/Debugging/Prefabs/Widgets/DebugUIVector3.prefab
 5.1 kb	 0.0% Packages/com.unity.render-pipelines.core/Runtime/Debug/ProbeVolumeOffsetDebug.shader
 5.1 kb	 0.0% Assets/Benchmark/Imported/audio/Krag_Sand_02.wav
 5.1 kb	 0.0% Assets/Benchmark/Generated/Krag_SandstoneSkin.mat
 5.1 kb	 0.0% Assets/Benchmark/Generated/Krag_FacialSkin.mat
 5.1 kb	 0.0% Assets/Benchmark/Generated/Nib_Muzzle.mat
 5.1 kb	 0.0% Assets/Benchmark/Generated/Nib_EarInner.mat
 5.1 kb	 0.0% Assets/Benchmark/Generated/Nib_Skin.mat
 5.0 kb	 0.0% Assets/Benchmark/Generated/Nib_MouthInterior.mat
 5.0 kb	 0.0% Assets/Benchmark/Generated/Krag_WeatheredTeal.mat
 5.0 kb	 0.0% Assets/Benchmark/Generated/Krag_OiledLeather.mat
 5.0 kb	 0.0% Assets/Benchmark/Generated/Krag_DesertCanvas.mat
 5.0 kb	 0.0% Assets/Benchmark/Generated/Krag_BlackenedSteel.mat
 5.0 kb	 0.0% Assets/Benchmark/Generated/Krag_OralTissue.mat
 5.0 kb	 0.0% Assets/Benchmark/Generated/Krag_EyeWhite.mat
 5.0 kb	 0.0% Assets/Benchmark/Generated/Krag_CopperHose.mat
 5.0 kb	 0.0% Assets/Benchmark/Generated/Krag_AgedBrass.mat
 5.0 kb	 0.0% Assets/Benchmark/Generated/Nib_Workwear.mat
 5.0 kb	 0.0% Assets/Benchmark/Generated/Nib_Tooth.mat
 5.0 kb	 0.0% Assets/Benchmark/Generated/Nib_Tongue.mat
 5.0 kb	 0.0% Assets/Benchmark/Generated/Nib_Stitch.mat
 5.0 kb	 0.0% Assets/Benchmark/Generated/Nib_Steel.mat
 5.0 kb	 0.0% Assets/Benchmark/Generated/Nib_Leather.mat
 5.0 kb	 0.0% Assets/Benchmark/Generated/Nib_Cloth.mat
 5.0 kb	 0.0% Assets/Benchmark/Generated/Nib_Brass.mat
 5.0 kb	 0.0% Assets/Benchmark/Generated/Krag_Tongue.mat
 5.0 kb	 0.0% Assets/Benchmark/Generated/Krag_Recess.mat
 5.0 kb	 0.0% Assets/Benchmark/Generated/Krag_Ivory.mat
 5.0 kb	 0.0% Assets/Benchmark/Generated/Krag_Amber.mat
 5.0 kb	 0.0% Assets/Benchmark/Generated/Nib_Teal.mat
 5.0 kb	 0.0% Assets/Benchmark/Generated/Nib_Lens.mat
 5.0 kb	 0.0% Assets/Benchmark/Generated/Nib_Hair.mat
 5.0 kb	 0.0% Assets/Benchmark/Generated/Nib_Gum.mat
 5.0 kb	 0.0% Assets/Benchmark/Generated/Nib_Eye.mat
 5.0 kb	 0.0% Assets/Benchmark/Generated/Nib_Dark.mat
 5.0 kb	 0.0% Assets/Benchmark/Generated/Sand.mat
 4.9 kb	 0.0% Packages/com.unity.visualeffectgraph/Shaders/VFXFillIndirectArgs.compute
 4.9 kb	 0.0% Packages/com.unity.render-pipelines.high-definition/Runtime/Material/GGXConvolution/GGXConvolve.shader
 4.9 kb	 0.0% Assets/Benchmark/Imported/audio/Krag_Sand_03.wav
 4.8 kb	 0.0% Assets/Benchmark/Imported/audio/Nib_Sand_04.wav
 4.6 kb	 0.0% Packages/com.unity.render-pipelines.high-definition/Runtime/RenderPipeline/Accumulation/Shaders/BlitAndExpose.compute
 4.6 kb	 0.0% Packages/com.unity.render-pipelines.high-definition/Runtime/PostProcessing/Shaders/DoFApertureShape.compute
 4.5 kb	 0.0% Assets/Benchmark/Imported/audio/Nib_Sand_02.wav
 4.5 kb	 0.0% Packages/com.unity.render-pipelines.high-definition/Runtime/RenderPipelineResources/Material/AreaLightCookieViewer.mat
 4.5 kb	 0.0% Packages/com.unity.render-pipelines.high-definition/Runtime/Compositor/Shaders/ChromaKeying.shader
 4.5 kb	 0.0% Packages/com.unity.render-pipelines.core/Runtime/Debugging/Prefabs/Resources/DebugUICanvas.prefab
 4.5 kb	 0.0% Packages/com.unity.render-pipelines.high-definition/Runtime/RenderPipeline/Utility/Texture3DAtlas.compute
 4.5 kb	 0.0% Packages/com.unity.render-pipelines.high-definition/Runtime/RenderPipelineResources/Material/AreaLightViewer.mat
 4.4 kb	 0.0% Packages/com.unity.render-pipelines.high-definition/Runtime/Lighting/VolumetricLighting/VolumeVoxelization.compute
 4.4 kb	 0.0% Packages/com.unity.render-pipelines.core/Runtime/Debugging/Prefabs/Widgets/DebugUIUIntField.prefab
 4.4 kb	 0.0% Packages/com.unity.render-pipelines.core/Runtime/Debugging/Prefabs/Widgets/DebugUIIntField.prefab
 4.3 kb	 0.0% Packages/com.unity.render-pipelines.high-definition/Runtime/Material/Decal/DecalNormalBuffer.shader
 4.3 kb	 0.0% Packages/com.unity.render-pipelines.high-definition/Runtime/Lighting/LightLoop/builddispatchindirect.compute
 4.3 kb	 0.0% Packages/com.unity.render-pipelines.core/Runtime/Debugging/Prefabs/Widgets/DebugUIVector2.prefab
 4.1 kb	 0.0% Packages/com.unity.render-pipelines.high-definition/Runtime/RenderPipeline/RenderPass/Distortion/ApplyDistortion.shader
 4.1 kb	 0.0% Packages/com.unity.render-pipelines.high-definition/Runtime/Material/PreIntegratedFGD/preIntegratedFGD_CharlieFabricLambert.shader
 4.1 kb	 0.0% Packages/com.unity.render-pipelines.core/Runtime/Debugging/Prefabs/Widgets/DebugUIFloatField.prefab
 4.0 kb	 0.0% Assets/Benchmark/Imported/audio/Nib_Sand_06.wav
 4.0 kb	 0.0% Assets/Benchmark/Imported/audio/Nib_Sand_05.wav
 3.9 kb	 0.0% Packages/com.unity.render-pipelines.high-definition/Runtime/Material/PreIntegratedFGD/preIntegratedFGD_GGXDisneyDiffuse.shader
 3.8 kb	 0.0% Assets/Benchmark/Imported/audio/Nib_Sand_03.wav
 3.8 kb	 0.0% Packages/com.unity.render-pipelines.high-definition/Runtime/RenderPipeline/RenderPass/MotionVectors/CameraMotionVectors.shader
 3.7 kb	 0.0% Packages/com.unity.render-pipelines.high-definition/Runtime/Core/CoreResources/CubeToPano.shader
 3.7 kb	 0.0% Packages/com.unity.render-pipelines.high-definition/Runtime/PostProcessing/Shaders/DebugHistogramImage.compute
 3.7 kb	 0.0% Packages/com.unity.visualeffectgraph/Shaders/UpdateStrips.compute
 3.7 kb	 0.0% Packages/com.unity.render-pipelines.high-definition/Runtime/ShaderLibrary/DownsampleDepth.shader
 3.6 kb	 0.0% Packages/com.unity.render-pipelines.high-definition/Runtime/Core/CoreResources/BlitCubeTextureFace.shader
 3.6 kb	 0.0% Packages/com.unity.render-pipelines.high-definition/Runtime/ShaderLibrary/XRMirrorView.shader
 3.6 kb	 0.0% Packages/com.unity.render-pipelines.high-definition/Runtime/Sky/HDRISky/IntegrateHDRISky.shader
 3.6 kb	 0.0% Packages/com.unity.render-pipelines.high-definition/Runtime/PostProcessing/Shaders/DepthOfFieldPreCombineFar.compute
 3.5 kb	 0.0% Packages/com.unity.render-pipelines.high-definition/Runtime/Material/FallbackError.shader
 3.5 kb	 0.0% Packages/com.unity.render-pipelines.high-definition/Runtime/Material/AxF/PreIntegratedFGD_CookTorrance.shader
 3.5 kb	 0.0% Packages/com.unity.render-pipelines.high-definition/Runtime/Debug/MaterialError.shader
 3.5 kb	 0.0% Packages/com.unity.render-pipelines.high-definition/Runtime/ShaderLibrary/XROcclusionMesh.shader
 3.5 kb	 0.0% Packages/com.unity.render-pipelines.high-definition/Runtime/Debug/MaterialLoading.shader
 3.4 kb	 0.0% Packages/com.unity.render-pipelines.high-definition/Runtime/Material/AxF/PreIntegratedFGD_Ward.shader
 3.4 kb	 0.0% Packages/com.unity.render-pipelines.high-definition/Runtime/Sky/BlitCubemap.shader
 3.4 kb	 0.0% Packages/com.unity.render-pipelines.high-definition/Runtime/ShaderLibrary/CopyDepthBuffer.shader
 3.4 kb	 0.0% Packages/com.unity.render-pipelines.high-definition/Runtime/PostProcessing/Shaders/DepthOfFieldMipSafe.compute
 3.4 kb	 0.0% Packages/com.unity.render-pipelines.high-definition/Runtime/Compositor/Shaders/AlphaInjection.shader
 3.4 kb	 0.0% Packages/com.unity.render-pipelines.core/Runtime/Vrs/Shaders/VrsVisualization.shader
 3.3 kb	 0.0% Packages/com.unity.shadergraph/Editor/Resources/Shaders/FallbackError.shader
 3.3 kb	 0.0% Packages/com.unity.render-pipelines.high-definition/Runtime/Lighting/Shadow/ShadowBlit.shader
 3.3 kb	 0.0% Packages/com.unity.visualeffectgraph/Shaders/Empty.shader
 3.3 kb	 0.0% Packages/com.unity.render-pipelines.high-definition/Runtime/PostProcessing/Shaders/LensFlareMergeOcclusionDataDriven.compute
 3.3 kb	 0.0% Packages/com.unity.render-pipelines.core/Runtime/Debug/ProbeVolumeFragmentationDebug.shader
 3.2 kb	 0.0% Packages/com.unity.render-pipelines.core/Runtime/RenderPipelineResources/FallbackShader.shader
 3.2 kb	 0.0% Packages/com.unity.render-pipelines.high-definition/Runtime/Debug/ColorGradient.png
 3.1 kb	 0.0% Packages/com.unity.render-pipelines.high-definition/Runtime/PostProcessing/Shaders/DLSSBiasColorMask.shader
 3.1 kb	 0.0% Packages/com.unity.render-pipelines.high-definition/Runtime/PostProcessing/Shaders/NaNKiller.compute
 3.0 kb	 0.0% Packages/com.unity.render-pipelines.high-definition/Runtime/Material/PreIntegratedFGD/PreIntegratedFGD_Marschner.shader
 3.0 kb	 0.0% Packages/com.unity.render-pipelines.high-definition/Runtime/ShaderLibrary/ClearStencilBuffer.shader
 2.9 kb	 0.0% Packages/com.unity.render-pipelines.high-definition/Runtime/PostProcessing/Shaders/MotionBlurMergeTilePass.compute
 2.9 kb	 0.0% Packages/com.unity.render-pipelines.high-definition/Runtime/Lighting/Shadow/ShadowClear.shader
 2.9 kb	 0.0% Packages/com.unity.render-pipelines.high-definition/Runtime/PostProcessing/Shaders/ClearBlack.shader
 2.9 kb	 0.0% Packages/com.unity.render-pipelines.high-definition/Runtime/PostProcessing/Shaders/DoFCoCMinMax.compute
 2.8 kb	 0.0% Assets/Benchmark/Generated/DesertVolume.asset
 2.8 kb	 0.0% Packages/com.unity.render-pipelines.high-definition/Runtime/PostProcessing/Shaders/ApplyExposure.compute
 2.8 kb	 0.0% Packages/com.unity.render-pipelines.core/Runtime/Debugging/Prefabs/Widgets/DebugUIObjectPopupField.prefab
 2.8 kb	 0.0% Assets/Settings/HDRP Balanced.asset
 2.8 kb	 0.0% Assets/Settings/HDRP Performant.asset
 2.8 kb	 0.0% Assets/Settings/HDRP High Fidelity.asset
 2.7 kb	 0.0% Packages/com.unity.render-pipelines.high-definition/Runtime/Lighting/AtmosphericScattering/ScreenSpaceMultipleScattering.compute
 2.6 kb	 0.0% Packages/com.unity.render-pipelines.core/Runtime/Debugging/Prefabs/Widgets/DebugUIObjectList.prefab
 2.6 kb	 0.0% Packages/com.unity.render-pipelines.core/Runtime/Debugging/Prefabs/Widgets/DebugUIEnumField.prefab
 2.4 kb	 0.0% Packages/com.unity.render-pipelines.high-definition/Runtime/PostProcessing/Shaders/DebugHDRxyMapping.compute
 2.4 kb	 0.0% Packages/com.unity.render-pipelines.core/Runtime/Debugging/Prefabs/Widgets/DebugUIFoldout.prefab
 2.4 kb	 0.0% Packages/com.unity.render-pipelines.core/Runtime/Debugging/Prefabs/Widgets/DebugUIRow.prefab
 2.3 kb	 0.0% Packages/com.unity.render-pipelines.high-definition/Runtime/Material/SubsurfaceScattering/RandomDownsample.compute
 2.3 kb	 0.0% Packages/com.unity.render-pipelines.high-definition/Runtime/PostProcessing/Shaders/DoFMinMaxDilate.compute
 2.2 kb	 0.0% Packages/com.unity.render-pipelines.high-definition/Runtime/Core/CoreResources/GPUCopy.compute
 2.1 kb	 0.0% Assets/Benchmark/Generated/SandDust.mat
 1.9 kb	 0.0% Assets/Benchmark/Generated/Indicator.mat
 1.8 kb	 0.0% Assets/Resources/PerformanceTestRunInfo.json
 1.7 kb	 0.0% Packages/com.unity.render-pipelines.core/Runtime/Debugging/Prefabs/Widgets/DebugUIToggleHistory.prefab
 1.7 kb	 0.0% Packages/com.unity.render-pipelines.core/Runtime/Debugging/Prefabs/Widgets/DebugUIToggle.prefab
 1.5 kb	 0.0% Assets/Benchmark/Generated/Krag_EyeWhite_Mask.png
 1.5 kb	 0.0% Assets/Benchmark/Generated/Krag_Recess_Mask.png
 1.5 kb	 0.0% Assets/Benchmark/Generated/Krag_Ivory_Mask.png
 1.5 kb	 0.0% Assets/Benchmark/Generated/Krag_Amber_Mask.png
 1.4 kb	 0.0% Packages/com.unity.render-pipelines.core/Runtime/Debugging/Prefabs/Widgets/DebugUIProgressBar.prefab
 1.4 kb	 0.0% Packages/com.unity.render-pipelines.core/Runtime/Debugging/Prefabs/Widgets/DebugUIGroup.prefab
 1.3 kb	 0.0% Assets/Benchmark/Imported/audio/Nib_Hit.wav
 1.3 kb	 0.0% Packages/com.unity.render-pipelines.high-definition/Runtime/Core/CoreResources/ClearUIntTextureArray.compute
 1.2 kb	 0.0% Packages/com.unity.render-pipelines.high-definition/Runtime/Core/CoreResources/ClearBuffer2D.compute
 1.2 kb	 0.0% Packages/com.unity.render-pipelines.core/Runtime/Debugging/Prefabs/Widgets/DebugUIButton.prefab
 1.2 kb	 0.0% Packages/com.unity.render-pipelines.high-definition/Runtime/RenderPipelineResources/Texture/CoherentNoise/OwenScrambledNoise4.png
 1.2 kb	 0.0% Packages/com.unity.render-pipelines.high-definition/Runtime/RenderPipelineResources/Texture/SMAA/SearchTex.tga
 1.1 kb	 0.0% Packages/com.unity.render-pipelines.high-definition/Runtime/Lighting/LightLoop/cleardispatchindirect.compute
 1.1 kb	 0.0% Packages/com.unity.render-pipelines.core/Runtime/Debugging/Prefabs/Textures/UIFoldoutOpened.png
 1.1 kb	 0.0% Packages/com.unity.render-pipelines.high-definition/Runtime/RenderPipeline/LineRendering/Kernels/StageShadingSetup.compute
 1.1 kb	 0.0% Packages/com.unity.render-pipelines.core/Runtime/Debugging/Prefabs/Textures/UIFoldoutClosed.png
 1.1 kb	 0.0% Packages/com.unity.render-pipelines.core/Runtime/Debugging/Prefabs/Textures/UICheckMark.png
 1.1 kb	 0.0% Packages/com.unity.render-pipelines.high-definition/Runtime/Lighting/LightLoop/ClearLightLists.compute
 1.0 kb	 0.0% Packages/com.unity.render-pipelines.high-definition/Runtime/PostProcessing/Shaders/DepthOfFieldClearIndirectArgs.compute
 0.9 kb	 0.0% Packages/com.unity.render-pipelines.core/Runtime/Debugging/Prefabs/Widgets/DebugUIEnumHistory.prefab
 0.9 kb	 0.0% Packages/com.unity.render-pipelines.high-definition/Runtime/Lighting/ScreenSpaceLighting/GTAOCopyHistory.compute
 0.9 kb	 0.0% Packages/com.unity.render-pipelines.core/Runtime/Debugging/Prefabs/Widgets/DebugUIValuePersistent.prefab
 0.9 kb	 0.0% Packages/com.unity.render-pipelines.core/Runtime/Debugging/Prefabs/Widgets/DebugUIValueTuple.prefab
 0.9 kb	 0.0% Packages/com.unity.render-pipelines.core/Runtime/Debugging/Prefabs/Resources/DebugUIPersistentCanvas.prefab
 0.9 kb	 0.0% Packages/com.unity.render-pipelines.core/Runtime/Debugging/Prefabs/Widgets/DebugUIObject.prefab
 0.9 kb	 0.0% Packages/com.unity.render-pipelines.core/Runtime/Debugging/Prefabs/Widgets/DebugUIValue.prefab
 0.9 kb	 0.0% Packages/com.unity.render-pipelines.high-definition/Runtime/RenderPipelineResources/Texture/BlueNoise16/RGB/LDR_RGB1_9.png
 0.9 kb	 0.0% Packages/com.unity.render-pipelines.high-definition/Runtime/RenderPipelineResources/Texture/BlueNoise16/RGB/LDR_RGB1_8.png
 0.9 kb	 0.0% Packages/com.unity.render-pipelines.high-definition/Runtime/RenderPipelineResources/Texture/BlueNoise16/RGB/LDR_RGB1_7.png
 0.9 kb	 0.0% Packages/com.unity.render-pipelines.high-definition/Runtime/RenderPipelineResources/Texture/BlueNoise16/RGB/LDR_RGB1_6.png
 0.9 kb	 0.0% Packages/com.unity.render-pipelines.high-definition/Runtime/RenderPipelineResources/Texture/BlueNoise16/RGB/LDR_RGB1_5.png
 0.9 kb	 0.0% Packages/com.unity.render-pipelines.high-definition/Runtime/RenderPipelineResources/Texture/BlueNoise16/RGB/LDR_RGB1_4.png
 0.9 kb	 0.0% Packages/com.unity.render-pipelines.high-definition/Runtime/RenderPipelineResources/Texture/BlueNoise16/RGB/LDR_RGB1_31.png
 0.9 kb	 0.0% Packages/com.unity.render-pipelines.high-definition/Runtime/RenderPipelineResources/Texture/BlueNoise16/RGB/LDR_RGB1_30.png
 0.9 kb	 0.0% Packages/com.unity.render-pipelines.high-definition/Runtime/RenderPipelineResources/Texture/BlueNoise16/RGB/LDR_RGB1_3.png
 0.9 kb	 0.0% Packages/com.unity.render-pipelines.high-definition/Runtime/RenderPipelineResources/Texture/BlueNoise16/RGB/LDR_RGB1_29.png
 0.9 kb	 0.0% Packages/com.unity.render-pipelines.high-definition/Runtime/RenderPipelineResources/Texture/BlueNoise16/RGB/LDR_RGB1_28.png
 0.9 kb	 0.0% Packages/com.unity.render-pipelines.high-definition/Runtime/RenderPipelineResources/Texture/BlueNoise16/RGB/LDR_RGB1_27.png
 0.9 kb	 0.0% Packages/com.unity.render-pipelines.high-definition/Runtime/RenderPipelineResources/Texture/BlueNoise16/RGB/LDR_RGB1_26.png
 0.9 kb	 0.0% Packages/com.unity.render-pipelines.high-definition/Runtime/RenderPipelineResources/Texture/BlueNoise16/RGB/LDR_RGB1_25.png
 0.9 kb	 0.0% Packages/com.unity.render-pipelines.high-definition/Runtime/RenderPipelineResources/Texture/BlueNoise16/RGB/LDR_RGB1_24.png
 0.9 kb	 0.0% Packages/com.unity.render-pipelines.high-definition/Runtime/RenderPipelineResources/Texture/BlueNoise16/RGB/LDR_RGB1_23.png
 0.9 kb	 0.0% Packages/com.unity.render-pipelines.high-definition/Runtime/RenderPipelineResources/Texture/BlueNoise16/RGB/LDR_RGB1_22.png
 0.9 kb	 0.0% Packages/com.unity.render-pipelines.high-definition/Runtime/RenderPipelineResources/Texture/BlueNoise16/RGB/LDR_RGB1_21.png
 0.9 kb	 0.0% Packages/com.unity.render-pipelines.high-definition/Runtime/RenderPipelineResources/Texture/BlueNoise16/RGB/LDR_RGB1_20.png
 0.9 kb	 0.0% Packages/com.unity.render-pipelines.high-definition/Runtime/RenderPipelineResources/Texture/BlueNoise16/RGB/LDR_RGB1_2.png
 0.9 kb	 0.0% Packages/com.unity.render-pipelines.high-definition/Runtime/RenderPipelineResources/Texture/BlueNoise16/RGB/LDR_RGB1_19.png
 0.9 kb	 0.0% Packages/com.unity.render-pipelines.high-definition/Runtime/RenderPipelineResources/Texture/BlueNoise16/RGB/LDR_RGB1_18.png
 0.9 kb	 0.0% Packages/com.unity.render-pipelines.high-definition/Runtime/RenderPipelineResources/Texture/BlueNoise16/RGB/LDR_RGB1_17.png
 0.9 kb	 0.0% Packages/com.unity.render-pipelines.high-definition/Runtime/RenderPipelineResources/Texture/BlueNoise16/RGB/LDR_RGB1_16.png
 0.9 kb	 0.0% Packages/com.unity.render-pipelines.high-definition/Runtime/RenderPipelineResources/Texture/BlueNoise16/RGB/LDR_RGB1_15.png
 0.9 kb	 0.0% Packages/com.unity.render-pipelines.high-definition/Runtime/RenderPipelineResources/Texture/BlueNoise16/RGB/LDR_RGB1_14.png
 0.9 kb	 0.0% Packages/com.unity.render-pipelines.high-definition/Runtime/RenderPipelineResources/Texture/BlueNoise16/RGB/LDR_RGB1_13.png
 0.9 kb	 0.0% Packages/com.unity.render-pipelines.high-definition/Runtime/RenderPipelineResources/Texture/BlueNoise16/RGB/LDR_RGB1_12.png
 0.9 kb	 0.0% Packages/com.unity.render-pipelines.high-definition/Runtime/RenderPipelineResources/Texture/BlueNoise16/RGB/LDR_RGB1_11.png
 0.9 kb	 0.0% Packages/com.unity.render-pipelines.high-definition/Runtime/RenderPipelineResources/Texture/BlueNoise16/RGB/LDR_RGB1_10.png
 0.9 kb	 0.0% Packages/com.unity.render-pipelines.high-definition/Runtime/RenderPipelineResources/Texture/BlueNoise16/RGB/LDR_RGB1_1.png
 0.9 kb	 0.0% Packages/com.unity.render-pipelines.high-definition/Runtime/RenderPipelineResources/Texture/BlueNoise16/RGB/LDR_RGB1_0.png
 0.9 kb	 0.0% Packages/com.unity.render-pipelines.high-definition/Runtime/PostProcessing/Shaders/AlphaCopy.compute
 0.9 kb	 0.0% Packages/com.unity.render-pipelines.core/Runtime/Debugging/Prefabs/Widgets/DebugUIMessageBox.prefab
 0.9 kb	 0.0% Packages/com.unity.render-pipelines.core/Runtime/Debugging/Prefabs/Textures/UIElement8px.png
 0.8 kb	 0.0% Packages/com.unity.render-pipelines.high-definition/Editor/RenderPipelineResources/DefaultLookDevProfile.asset
 0.7 kb	 0.0% Packages/com.unity.render-pipelines.high-definition/Runtime/Lighting/LightLoop/lightlistbuild-clearatomic.compute
 0.6 kb	 0.0% Packages/com.unity.render-pipelines.high-definition/Runtime/RenderPipelineResources/Mesh/Quad.fbx
 0.6 kb	 0.0% Packages/com.unity.render-pipelines.core/Runtime/Debugging/Prefabs/Textures/White1px.png
 0.5 kb	 0.0% Packages/com.unity.render-pipelines.high-definition/Runtime/RenderPipeline/LineRendering/Kernels/StagePrepare.compute
 0.5 kb	 0.0% Packages/com.unity.render-pipelines.high-definition/Runtime/Lighting/Shadow/ScreenSpaceShadows.shader
 0.5 kb	 0.0% Packages/com.unity.render-pipelines.high-definition/Runtime/Debug/DebugLightVolumes.shader
 0.5 kb	 0.0% Packages/com.unity.render-pipelines.high-definition/Runtime/RenderPipeline/LineRendering/Kernels/StageWorkQueue.compute
 0.5 kb	 0.0% Packages/com.unity.render-pipelines.high-definition/Runtime/Debug/DebugViewTiles.shader
 0.4 kb	 0.0% Packages/com.unity.render-pipelines.core/Runtime/Debug/ProbeVolumeDebug.shader
 0.4 kb	 0.0% Packages/com.unity.render-pipelines.core/Runtime/Debugging/Prefabs/Widgets/DebugUIVBox.prefab
 0.4 kb	 0.0% Packages/com.unity.render-pipelines.core/Runtime/Debugging/Prefabs/Widgets/DebugUIHBox.prefab
 0.4 kb	 0.0% Built-in Sprite: 
 0.4 kb	 0.0% Packages/com.unity.render-pipelines.high-definition/Runtime/RenderPipelineResources/Texture/BlueNoise16/L/LDR_LLL1_9.png
 0.4 kb	 0.0% Packages/com.unity.render-pipelines.high-definition/Runtime/RenderPipelineResources/Texture/BlueNoise16/L/LDR_LLL1_8.png
 0.4 kb	 0.0% Packages/com.unity.render-pipelines.high-definition/Runtime/RenderPipelineResources/Texture/BlueNoise16/L/LDR_LLL1_7.png
 0.4 kb	 0.0% Packages/com.unity.render-pipelines.high-definition/Runtime/RenderPipelineResources/Texture/BlueNoise16/L/LDR_LLL1_6.png
 0.4 kb	 0.0% Packages/com.unity.render-pipelines.high-definition/Runtime/RenderPipelineResources/Texture/BlueNoise16/L/LDR_LLL1_5.png
 0.4 kb	 0.0% Packages/com.unity.render-pipelines.high-definition/Runtime/RenderPipelineResources/Texture/BlueNoise16/L/LDR_LLL1_4.png
 0.4 kb	 0.0% Packages/com.unity.render-pipelines.high-definition/Runtime/RenderPipelineResources/Texture/BlueNoise16/L/LDR_LLL1_31.png
 0.4 kb	 0.0% Packages/com.unity.render-pipelines.high-definition/Runtime/RenderPipelineResources/Texture/BlueNoise16/L/LDR_LLL1_30.png
 0.4 kb	 0.0% Packages/com.unity.render-pipelines.high-definition/Runtime/RenderPipelineResources/Texture/BlueNoise16/L/LDR_LLL1_3.png
 0.4 kb	 0.0% Packages/com.unity.render-pipelines.high-definition/Runtime/RenderPipelineResources/Texture/BlueNoise16/L/LDR_LLL1_29.png
 0.4 kb	 0.0% Packages/com.unity.render-pipelines.high-definition/Runtime/RenderPipelineResources/Texture/BlueNoise16/L/LDR_LLL1_28.png
 0.4 kb	 0.0% Packages/com.unity.render-pipelines.high-definition/Runtime/RenderPipelineResources/Texture/BlueNoise16/L/LDR_LLL1_27.png
 0.4 kb	 0.0% Packages/com.unity.render-pipelines.high-definition/Runtime/RenderPipelineResources/Texture/BlueNoise16/L/LDR_LLL1_26.png
 0.4 kb	 0.0% Packages/com.unity.render-pipelines.high-definition/Runtime/RenderPipelineResources/Texture/BlueNoise16/L/LDR_LLL1_25.png
 0.4 kb	 0.0% Packages/com.unity.render-pipelines.high-definition/Runtime/RenderPipelineResources/Texture/BlueNoise16/L/LDR_LLL1_24.png
 0.4 kb	 0.0% Packages/com.unity.render-pipelines.high-definition/Runtime/RenderPipelineResources/Texture/BlueNoise16/L/LDR_LLL1_23.png
 0.4 kb	 0.0% Packages/com.unity.render-pipelines.high-definition/Runtime/RenderPipelineResources/Texture/BlueNoise16/L/LDR_LLL1_22.png
 0.4 kb	 0.0% Packages/com.unity.render-pipelines.high-definition/Runtime/RenderPipelineResources/Texture/BlueNoise16/L/LDR_LLL1_21.png
 0.4 kb	 0.0% Packages/com.unity.render-pipelines.high-definition/Runtime/RenderPipelineResources/Texture/BlueNoise16/L/LDR_LLL1_20.png
 0.4 kb	 0.0% Packages/com.unity.render-pipelines.high-definition/Runtime/RenderPipelineResources/Texture/BlueNoise16/L/LDR_LLL1_2.png
 0.4 kb	 0.0% Packages/com.unity.render-pipelines.high-definition/Runtime/RenderPipelineResources/Texture/BlueNoise16/L/LDR_LLL1_19.png
 0.4 kb	 0.0% Packages/com.unity.render-pipelines.high-definition/Runtime/RenderPipelineResources/Texture/BlueNoise16/L/LDR_LLL1_18.png
 0.4 kb	 0.0% Packages/com.unity.render-pipelines.high-definition/Runtime/RenderPipelineResources/Texture/BlueNoise16/L/LDR_LLL1_17.png
 0.4 kb	 0.0% Packages/com.unity.render-pipelines.high-definition/Runtime/RenderPipelineResources/Texture/BlueNoise16/L/LDR_LLL1_16.png
 0.4 kb	 0.0% Packages/com.unity.render-pipelines.high-definition/Runtime/RenderPipelineResources/Texture/BlueNoise16/L/LDR_LLL1_15.png
 0.4 kb	 0.0% Packages/com.unity.render-pipelines.high-definition/Runtime/RenderPipelineResources/Texture/BlueNoise16/L/LDR_LLL1_14.png
 0.4 kb	 0.0% Packages/com.unity.render-pipelines.high-definition/Runtime/RenderPipelineResources/Texture/BlueNoise16/L/LDR_LLL1_13.png
 0.4 kb	 0.0% Packages/com.unity.render-pipelines.high-definition/Runtime/RenderPipelineResources/Texture/BlueNoise16/L/LDR_LLL1_12.png
 0.4 kb	 0.0% Packages/com.unity.render-pipelines.high-definition/Runtime/RenderPipelineResources/Texture/BlueNoise16/L/LDR_LLL1_11.png
 0.4 kb	 0.0% Packages/com.unity.render-pipelines.high-definition/Runtime/RenderPipelineResources/Texture/BlueNoise16/L/LDR_LLL1_10.png
 0.4 kb	 0.0% Packages/com.unity.render-pipelines.high-definition/Runtime/RenderPipelineResources/Texture/BlueNoise16/L/LDR_LLL1_1.png
 0.4 kb	 0.0% Packages/com.unity.render-pipelines.high-definition/Runtime/RenderPipelineResources/Texture/BlueNoise16/L/LDR_LLL1_0.png
 0.4 kb	 0.0% Packages/com.unity.render-pipelines.high-definition/Runtime/RenderPipeline/LineRendering/Kernels/StageRasterFine.compute
 0.4 kb	 0.0% Packages/com.unity.render-pipelines.high-definition/Runtime/Debug/DebugViewMaterialGBuffer.shader
 0.3 kb	 0.0% Packages/com.unity.render-pipelines.high-definition/Runtime/Lighting/VolumetricLighting/DebugLocalVolumetricFogAtlas.shader
 0.3 kb	 0.0% Packages/com.unity.render-pipelines.high-definition/Runtime/Debug/DebugDisplayLatlong.shader
 0.3 kb	 0.0% Packages/com.unity.render-pipelines.high-definition/Runtime/Material/Fabric/CharlieConvolve.shader
 0.3 kb	 0.0% Packages/com.unity.render-pipelines.high-definition/Runtime/Debug/DebugFullScreen.shader
 0.3 kb	 0.0% Packages/com.unity.render-pipelines.high-definition/Runtime/Debug/DebugExposure.shader
 0.3 kb	 0.0% Packages/com.unity.render-pipelines.high-definition/Runtime/Debug/DebugColorPicker.shader
 0.3 kb	 0.0% Packages/com.unity.render-pipelines.high-definition/Runtime/Debug/DebugBlitQuad.shader
 0.3 kb	 0.0% Packages/com.unity.render-pipelines.high-definition/Runtime/Debug/DebugVTBlit.shader
 0.3 kb	 0.0% Packages/com.unity.render-pipelines.high-definition/Runtime/Debug/DebugHDR.shader
 0.3 kb	 0.0% Packages/com.unity.render-pipelines.high-definition/Runtime/Debug/DebugVectorscope.shader
 0.3 kb	 0.0% Packages/com.unity.render-pipelines.high-definition/Runtime/Debug/DebugWaveform.shader
 0.2 kb	 0.0% Packages/com.unity.render-pipelines.high-definition/Runtime/Debug/DebugLightVolumes.compute
 0.2 kb	 0.0% Packages/com.unity.render-pipelines.high-definition/Runtime/Debug/DebugVectorscope.compute
 0.2 kb	 0.0% Packages/com.unity.render-pipelines.high-definition/Runtime/Debug/DebugWaveform.compute
 0.2 kb	 0.0% Packages/com.unity.render-pipelines.core/Runtime-PrivateShared/InternalBridge/RenderPipelineEditorUtilityBridge.cs
 0.2 kb	 0.0% Packages/com.unity.render-pipelines.high-definition/Runtime/RenderPipeline/LineRendering/Kernels/StageSetupSegment.compute
 0.2 kb	 0.0% Packages/com.unity.render-pipelines.core/Runtime-PrivateShared/InternalRenderPipelineGlobalSettingsUtils.cs
 0.2 kb	 0.0% Packages/com.unity.render-pipelines.high-definition/Runtime/RenderPipeline/LineRendering/HDRenderPipeline.LineRendering.VolumeComponent.cs
 0.2 kb	 0.0% Packages/com.unity.render-pipelines.high-definition/Runtime/RenderPipeline/HDDynamicResolutionPlatformCapabilities.cs
 0.2 kb	 0.0% Packages/com.unity.render-pipelines.high-definition/Runtime/RenderPipeline/GlobalLowResolutionTransparencySettings.cs
 0.2 kb	 0.0% Packages/com.unity.render-pipelines.high-definition/Runtime/RenderPipeline/HDRenderPipelineRuntimeResources.Migration.cs
 0.2 kb	 0.0% Packages/com.unity.render-pipelines.high-definition/Runtime/Lighting/Light/HDProcessedVisibleLightsBuilder.LightLoop.cs
 0.2 kb	 0.0% Packages/com.unity.render-pipelines.core/Runtime/RenderGraph/RenderGraphResourceAccelerationStructure.cs
 0.2 kb	 0.0% Packages/com.unity.render-pipelines.high-definition/Runtime/Water/HDRenderPipeline.WaterSystem.SimulationCPU.Search.cs
 0.2 kb	 0.0% Packages/com.unity.render-pipelines.high-definition/Runtime/Sky/PhysicallyBasedSky/ShaderVariablesPhysicallyBasedSky.cs
 0.2 kb	 0.0% Packages/com.unity.render-pipelines.high-definition/Runtime/RenderPipeline/Raytracing/Shaders/ShaderVariablesRaytracingLightLoop.cs
 0.2 kb	 0.0% Packages/com.unity.render-pipelines.high-definition/Runtime/RenderPipeline/GlobalPostProcessingQualitySettings.cs
 0.2 kb	 0.0% Packages/com.unity.render-pipelines.high-definition/Runtime/PostProcessing/CustomPostProcessing/CustomPostProcessVolumeComponentList.cs
 0.2 kb	 0.0% Packages/com.unity.render-pipelines.high-definition/Runtime/Lighting/VolumetricClouds/HDRenderPipeline.VolumetricCloudsLowResolution.cs
 0.2 kb	 0.0% Packages/com.unity.render-pipelines.high-definition/Runtime/Lighting/VolumetricClouds/HDRenderPipeline.VolumetricCloudsFullResolution.cs
 0.2 kb	 0.0% Packages/com.unity.render-pipelines.high-definition/Runtime/Lighting/VolumetricClouds/HDRenderPipeline.VolumetricCloudsAccumulation.cs
 0.2 kb	 0.0% Packages/com.unity.render-pipelines.high-definition/Runtime/Lighting/ScreenSpaceLighting/ShaderVariablesScreenSpaceReflection.cs
 0.2 kb	 0.0% Packages/com.unity.render-pipelines.high-definition/Runtime/Water/HDRenderPipeline.WaterSystem.SimulationCPU.Deformation.cs
 0.2 kb	 0.0% Packages/com.unity.render-pipelines.high-definition/Runtime/Water/HDRenderPipeline.WaterSystem.Simulation.cs
 0.2 kb	 0.0% Packages/com.unity.render-pipelines.high-definition/Runtime/RenderPipeline/LineRendering/Kernels/StageRasterBin.compute
 0.2 kb	 0.0% Packages/com.unity.render-pipelines.high-definition/Runtime/Lighting/VolumetricClouds/HDRenderPipeline.VolumetricCloudsLighting.cs
 0.2 kb	 0.0% Packages/com.unity.render-pipelines.high-definition/Runtime/Lighting/Shadow/HDRenderPipeline.ScreenSpaceShadowsPunctual.cs
 0.2 kb	 0.0% Packages/com.unity.render-pipelines.high-definition/Runtime/Lighting/ScreenSpaceLighting/RayMarchingFallbackHierarchy.cs
 0.2 kb	 0.0% Packages/com.unity.render-pipelines.high-definition/Runtime/Lighting/Light/HDProcessedVisibleLightsBuilder.Jobs.cs
 0.2 kb	 0.0% Packages/com.unity.render-pipelines.high-definition/Runtime/Debug/ProbeVolumeSamplingDebugPositionNormal.compute
 0.2 kb	 0.0% Packages/com.unity.render-pipelines.high-definition/Runtime/Debug/MaterialDebug.cs
 0.2 kb	 0.0% Packages/com.unity.render-pipelines.high-definition/Runtime/Compositor/ICompositionFilterComponent.cs
 0.2 kb	 0.0% Packages/com.unity.render-pipelines.core/Runtime/Stripping/RenderPipelineGraphicsSettingsStripperFetcher.cs
 0.2 kb	 0.0% Packages/com.unity.render-pipelines.core/Runtime/RenderGraph/IRenderGraphEnabledRenderPipeline.cs
 0.2 kb	 0.0% Packages/com.unity.render-pipelines.high-definition/Runtime/Water/Timeline/WaterSurfacePlayableBehaviour.cs
 0.2 kb	 0.0% Packages/com.unity.render-pipelines.high-definition/Runtime/Water/HDRenderPipeline.WaterSystem.SimulationCPU.cs
 0.2 kb	 0.0% Packages/com.unity.render-pipelines.high-definition/Runtime/Water/HDRenderPipeline.WaterSystem.SimulationCPU.Utilities.cs
 0.2 kb	 0.0% Packages/com.unity.render-pipelines.high-definition/Runtime/Utilities/HDAdditionalSceneViewSettings.cs
 0.2 kb	 0.0% Packages/com.unity.render-pipelines.high-definition/Runtime/Settings/HDRenderPipelineRuntimeTextures.cs
 0.2 kb	 0.0% Packages/com.unity.render-pipelines.high-definition/Runtime/Settings/HDRenderPipelineRuntimeShaders.cs
 0.2 kb	 0.0% Packages/com.unity.render-pipelines.high-definition/Runtime/Settings/HDRenderPipelineRuntimeMaterials.cs
 0.2 kb	 0.0% Packages/com.unity.render-pipelines.high-definition/Runtime/Settings/HDRenderPipelineRuntimeAssets.cs
 0.2 kb	 0.0% Packages/com.unity.render-pipelines.high-definition/Runtime/Settings/HDRenderPipelineEditorTextures.cs
 0.2 kb	 0.0% Packages/com.unity.render-pipelines.high-definition/Runtime/Settings/HDRenderPipelineEditorShaders.cs
 0.2 kb	 0.0% Packages/com.unity.render-pipelines.high-definition/Runtime/Settings/HDRenderPipelineEditorMaterials.cs
 0.2 kb	 0.0% Packages/com.unity.render-pipelines.high-definition/Runtime/Settings/HDRPDefaultVolumeProfileSetting.cs
 0.2 kb	 0.0% Packages/com.unity.render-pipelines.high-definition/Runtime/Settings/DiffusionProfileDefaultSettings.cs
 0.2 kb	 0.0% Packages/com.unity.render-pipelines.high-definition/Runtime/Settings/CustomPostProcessOrdersSettings.cs
 0.2 kb	 0.0% Packages/com.unity.render-pipelines.high-definition/Runtime/RenderPipelineResources/HDProjectSettingsReadOnlyBase.cs
 0.2 kb	 0.0% Packages/com.unity.render-pipelines.high-definition/Runtime/RenderPipeline/Raytracing/RayTracingFallbackHierarchy.cs
 0.2 kb	 0.0% Packages/com.unity.render-pipelines.high-definition/Runtime/RenderPipeline/Raytracing/HDRenderPipeline.RaytracingSubsurfaceScattering.cs
 0.2 kb	 0.0% Packages/com.unity.render-pipelines.high-definition/Runtime/RenderPipeline/HDRenderPipelineGlobalSettings.cs
 0.2 kb	 0.0% Packages/com.unity.render-pipelines.high-definition/Runtime/RenderPipeline/HDAdditionalMeshRendererSettings.cs
 0.2 kb	 0.0% Packages/com.unity.render-pipelines.high-definition/Runtime/RenderPipeline/GlobalLightingQualitySettings.cs
 0.2 kb	 0.0% Packages/com.unity.render-pipelines.high-definition/Runtime/RenderPipeline/GlobalGPUResidentDrawerSettings.cs
 0.2 kb	 0.0% Packages/com.unity.render-pipelines.high-definition/Runtime/PostProcessing/CustomPostProcessing/CustomPostProcessVolumeComponent.cs
 0.2 kb	 0.0% Packages/com.unity.render-pipelines.high-definition/Runtime/Lighting/VolumetricLighting/LocalVolumetricFog.Migration.cs
 0.2 kb	 0.0% Packages/com.unity.render-pipelines.high-definition/Runtime/Lighting/VolumetricLighting/HDRenderPipeline.VolumetricLighting.cs
 0.2 kb	 0.0% Packages/com.unity.render-pipelines.high-definition/Runtime/Lighting/VolumetricClouds/HDRenderPipeline.VolumetricCloudsShadows.cs
 0.2 kb	 0.0% Packages/com.unity.render-pipelines.high-definition/Runtime/Lighting/Shadow/HDRenderPipeline.ScreenSpaceShadowsDirectional.cs
 0.2 kb	 0.0% Packages/com.unity.render-pipelines.high-definition/Runtime/Lighting/ScreenSpaceLighting/ShaderVariablesAmbientOcclusion.cs
 0.2 kb	 0.0% Packages/com.unity.render-pipelines.high-definition/Runtime/Lighting/ScreenSpaceLighting/HDRenderPipeline.ScreenSpaceGlobalIllumination.cs
 0.2 kb	 0.0% Packages/com.unity.render-pipelines.high-definition/Runtime/Lighting/Reflection/Volume/ReflectionProxyVolumeComponent.cs
 0.2 kb	 0.0% Packages/com.unity.render-pipelines.high-definition/Runtime/Lighting/Light/HDProcessedVisibleLightsBuilder.cs
 0.2 kb	 0.0% Packages/com.unity.render-pipelines.core/Runtime/Stripping/RenderPipelineGraphicsSettingsStripperReport.cs
 0.2 kb	 0.0% Packages/com.unity.render-pipelines.core/Runtime/RenderGraph/Compiler/NativePassCompiler.Debug.cs
 0.2 kb	 0.0% Packages/com.unity.render-pipelines.core/Runtime/GPUDriven/OcclusionCullingCommonShaderVariables.cs
 0.2 kb	 0.0% Packages/com.unity.render-pipelines.core/Runtime/GPUDriven/InstanceOcclusionCullerShaderVariables.cs
 0.2 kb	 0.0% Packages/com.unity.render-pipelines.high-definition/Runtime/RenderPipeline/Raytracing/HDRenderPipeline.RaytracingRecursiveRenderer.cs
 0.2 kb	 0.0% Packages/com.unity.render-pipelines.high-definition/Runtime/RenderPipeline/Raytracing/HDRenderPipeline.RaytracingIndirectDiffuse.cs
 0.2 kb	 0.0% Packages/com.unity.render-pipelines.high-definition/Runtime/RenderPipeline/Raytracing/HDRenderPipeline.RaytracingDeferredLightLoop.cs
 0.2 kb	 0.0% Packages/com.unity.render-pipelines.high-definition/Runtime/RenderPipeline/Raytracing/HDRenderPipeline.RaytracingAmbientOcclusion.cs
 0.2 kb	 0.0% Packages/com.unity.render-pipelines.high-definition/Runtime/Lighting/VolumetricClouds/HDRenderPipeline.VolumetricCloudsSky.cs
 0.2 kb	 0.0% Packages/com.unity.render-pipelines.high-definition/Runtime/Lighting/VolumetricClouds/HDRenderPipeline.VolumetricCloudsMap.cs
 0.2 kb	 0.0% Packages/com.unity.render-pipelines.high-definition/Runtime/Lighting/VolumetricClouds/HDRenderPipeline.VolumetricClouds.cs
 0.2 kb	 0.0% Packages/com.unity.render-pipelines.high-definition/Runtime/Compositor/CompositorCameraRegistry.cs
 0.2 kb	 0.0% Packages/com.unity.render-pipelines.high-definition/Runtime/Compositor/AdditionalCompositorData.cs
 0.2 kb	 0.0% Packages/com.unity.render-pipelines.core/Runtime/Stripping/RenderPipelineGraphicsSettingsStripper.cs
 0.2 kb	 0.0% Packages/com.unity.render-pipelines.core/Runtime/RenderPipeline/RenderPipelineGraphicsSettingsContainer.cs
 0.2 kb	 0.0% Packages/com.unity.render-pipelines.core/Runtime/RenderGraph/Compiler/NativePassCompiler.cs
 0.2 kb	 0.0% Packages/com.unity.render-pipelines.core/Runtime/RenderGraph/Compiler/CompilerContextData.cs
 0.2 kb	 0.0% Packages/com.unity.render-pipelines.core/Runtime/Common/IVirtualTexturingEnabledRenderPipeline.cs
 0.2 kb	 0.0% Packages/com.unity.mathematics/Unity.Mathematics/Il2CppEagerStaticClassConstructionAttribute.cs
 0.2 kb	 0.0% Packages/com.unity.render-pipelines.high-definition/Runtime/Utilities/VolumeComponentWithQuality.cs
 0.2 kb	 0.0% Packages/com.unity.render-pipelines.high-definition/Runtime/Utilities/ProbeCapturePositionSettings.cs
 0.2 kb	 0.0% Packages/com.unity.render-pipelines.high-definition/Runtime/Utilities/HDRenderPipelinePreferences.cs
 0.2 kb	 0.0% Packages/com.unity.render-pipelines.high-definition/Runtime/Utilities/DiffusionProfileHashTable.cs
 0.2 kb	 0.0% Packages/com.unity.render-pipelines.high-definition/Runtime/Sky/PhysicallyBasedSky/PhysicallyBasedSkyRenderer.cs
 0.2 kb	 0.0% Packages/com.unity.render-pipelines.high-definition/Runtime/Settings/RenderingPathFrameSettings.cs
 0.2 kb	 0.0% Packages/com.unity.render-pipelines.high-definition/Runtime/Settings/LookDevVolumeProfileSettings.cs
 0.2 kb	 0.0% Packages/com.unity.render-pipelines.high-definition/Runtime/Settings/HDRenderPipelineEditorAssets.cs
 0.2 kb	 0.0% Packages/com.unity.render-pipelines.high-definition/Runtime/Settings/AnalyticDerivativeSettings.cs
 0.2 kb	 0.0% Packages/com.unity.render-pipelines.high-definition/Runtime/RenderPipeline/VirtualTexturingSettingsSRP.cs
 0.2 kb	 0.0% Packages/com.unity.render-pipelines.high-definition/Runtime/RenderPipeline/Raytracing/Shaders/ShaderVariablesRaytracing.cs
 0.2 kb	 0.0% Packages/com.unity.render-pipelines.high-definition/Runtime/RenderPipeline/Raytracing/HDRenderPipeline.RaytracingReflection.cs
 0.2 kb	 0.0% Packages/com.unity.render-pipelines.high-definition/Runtime/RenderPipeline/Raytracing/HDRaytracingManager.HDRTASManager.cs
 0.2 kb	 0.0% Packages/com.unity.render-pipelines.high-definition/Runtime/RenderPipeline/HDRenderPipelineResources.cs
 0.2 kb	 0.0% Packages/com.unity.render-pipelines.high-definition/Runtime/RenderPipeline/HDRenderPipeline.SubsurfaceScattering.cs
 0.2 kb	 0.0% Packages/com.unity.render-pipelines.high-definition/Runtime/PostProcessing/GlobalPostProcessSettings.cs
 0.2 kb	 0.0% Packages/com.unity.render-pipelines.high-definition/Runtime/PostProcessing/Components/ShadowsMidtonesHighlights.cs
 0.2 kb	 0.0% Packages/com.unity.render-pipelines.high-definition/Runtime/Material/MaterialExternalReferences.cs
 0.2 kb	 0.0% Packages/com.unity.render-pipelines.high-definition/Runtime/Lighting/VolumetricLighting/VolumetricLightingController.cs
 0.2 kb	 0.0% Packages/com.unity.render-pipelines.high-definition/Runtime/Lighting/VolumetricLighting/LocalVolumetricFogManager.cs
 0.2 kb	 0.0% Packages/com.unity.render-pipelines.high-definition/Runtime/Lighting/Shadow/HDRenderPIpeline.ScreenSpaceShadowsArea.cs
 0.2 kb	 0.0% Packages/com.unity.render-pipelines.high-definition/Runtime/Lighting/ScreenSpaceLighting/ScreenSpaceAmbientOcclusion.cs
 0.2 kb	 0.0% Packages/com.unity.render-pipelines.high-definition/Runtime/Lighting/Reflection/ReflectionSystemParameters.cs
 0.2 kb	 0.0% Packages/com.unity.render-pipelines.high-definition/Runtime/Lighting/Reflection/ReflectionProbeTextureCache.cs
 0.2 kb	 0.0% Packages/com.unity.render-pipelines.high-definition/Runtime/Lighting/Reflection/HDRuntimeReflectionSystem.cs
 0.2 kb	 0.0% Packages/com.unity.render-pipelines.high-definition/Runtime/Lighting/Reflection/HDAdditionalReflectionData.cs
 0.2 kb	 0.0% Packages/com.unity.render-pipelines.high-definition/Runtime/Lighting/IndirectLightingController.cs
 0.2 kb	 0.0% Packages/com.unity.render-pipelines.high-definition/Runtime/Debug/HDVolumeDebugSettings.deprecated.cs
 0.2 kb	 0.0% Packages/com.unity.render-pipelines.high-definition/Runtime/Debug/DebugDisplaySettingsDecal.cs
 0.2 kb	 0.0% Packages/com.unity.render-pipelines.high-definition/Runtime/Core/Debugging/FrameSettingsFieldAttribute.cs
 0.2 kb	 0.0% Packages/com.unity.render-pipelines.core/Runtime/UnifiedRayTracing/Hardware/HardwareRayTracingAccelStruct.cs
 0.2 kb	 0.0% Packages/com.unity.render-pipelines.core/Runtime/RenderGraph/RenderGraphUtilsResources.cs
 0.2 kb	 0.0% Packages/com.unity.render-pipelines.core/Runtime/Lighting/ProbeVolume/ProbeReferenceVolume.ReflProbeNormalization.cs
 0.2 kb	 0.0% Packages/com.unity.render-pipelines.core/Runtime/GPUDriven/OcclusionCullingDebugShaderVariables.cs
 0.2 kb	 0.0% Packages/com.unity.render-pipelines.high-definition/Runtime/Water/ShaderVariablesWater.cs
 0.2 kb	 0.0% Packages/com.unity.render-pipelines.high-definition/Runtime/Water/HDRenderPipeline.WaterSystem.Wireframe.cs
 0.2 kb	 0.0% Packages/com.unity.render-pipelines.high-definition/Runtime/Water/HDRenderPipeline.WaterSystem.Utilities.cs
 0.2 kb	 0.0% Packages/com.unity.render-pipelines.high-definition/Runtime/Water/HDRenderPipeline.WaterSystem.Underwater.cs
 0.2 kb	 0.0% Packages/com.unity.render-pipelines.high-definition/Runtime/RenderPipeline/Settings/FrameSettings.Migration.cs
 0.2 kb	 0.0% Packages/com.unity.render-pipelines.high-definition/Runtime/RenderPipeline/HDRenderPipeline.RenderGraphUtils.cs
 0.2 kb	 0.0% Packages/com.unity.render-pipelines.high-definition/Runtime/Material/LTCAreaLight/BRDF/BRDF_KajiyaKaySpecular.cs
 0.2 kb	 0.0% Packages/com.unity.render-pipelines.high-definition/Runtime/Lighting/Shadow/HDRenderPipeline.ScreenSpaceShadows.cs
 0.2 kb	 0.0% Packages/com.unity.render-pipelines.high-definition/Runtime/Lighting/ScreenSpaceLighting/HDRenderPipeline.AmbientOcclusion.cs
 0.2 kb	 0.0% Packages/com.unity.render-pipelines.high-definition/Runtime/Compositor/CompositionProfile.cs
 0.2 kb	 0.0% Packages/com.unity.render-pipelines.high-definition/Runtime/Compositor/CompositionManager.cs
 0.2 kb	 0.0% Packages/com.unity.render-pipelines.high-definition/Runtime/Compositor/CompositionFilter.cs
 0.2 kb	 0.0% Packages/com.unity.render-pipelines.core/Runtime/Vrs/VrsRenderPipelineRuntimeResources.cs
 0.2 kb	 0.0% Packages/com.unity.render-pipelines.core/Runtime/Settings/RenderingDebuggerRuntimeResources.cs
 0.2 kb	 0.0% Packages/com.unity.render-pipelines.core/Runtime/RenderPipeline/RenderPipelineGlobalSettingsUtils.cs
 0.2 kb	 0.0% Packages/com.unity.render-pipelines.core/Runtime/RenderGraph/RenderGraphResourceRegistry.cs
 0.2 kb	 0.0% Packages/com.unity.render-pipelines.core/Runtime/RenderGraph/RenderGraphDefaultResources.cs
 0.2 kb	 0.0% Packages/com.unity.render-pipelines.core/Runtime/RenderGraph/Compiler/ResourcesData.cs
 0.2 kb	 0.0% Packages/com.unity.render-pipelines.core/Runtime/Lighting/ProbeVolume/ProbeVolumeConstantRuntimeResources.cs
 0.2 kb	 0.0% Packages/com.unity.render-pipelines.core/Runtime/Lighting/ProbeVolume/ProbeVolumeBakingSetWeakReference.cs
 0.2 kb	 0.0% Packages/com.unity.render-pipelines.core/Runtime/Lighting/ProbeVolume/IProbeVolumeEnabledRenderPipeline.cs
 0.2 kb	 0.0% Packages/com.unity.render-pipelines.core/Runtime/Debugging/Prefabs/Scripts/DebugUIHandlerRenderingLayerField.cs
 0.2 kb	 0.0% Packages/com.unity.render-pipelines.high-definition/Runtime/Water/WaterAmplitudeEvaluator.cs
 0.2 kb	 0.0% Packages/com.unity.render-pipelines.high-definition/Runtime/Water/Timeline/WaterSurfaceBehaviour.cs
 0.2 kb	 0.0% Packages/com.unity.render-pipelines.high-definition/Runtime/Water/HDRenderPipeline.WaterSystem.Decals.cs
 0.2 kb	 0.0% Packages/com.unity.render-pipelines.high-definition/Runtime/Water/HDRenderPipeline.WaterSystem.Debug.cs
 0.2 kb	 0.0% Packages/com.unity.render-pipelines.high-definition/Runtime/Utilities/ProbeSettingsUtilities.cs
 0.2 kb	 0.0% Packages/com.unity.render-pipelines.high-definition/Runtime/Utilities/CameraSettingsUtilities.cs
 0.2 kb	 0.0% Packages/com.unity.render-pipelines.high-definition/Runtime/Utilities/CameraPositionSettings.cs
 0.2 kb	 0.0% Packages/com.unity.render-pipelines.high-definition/Runtime/Tools/ColorChecker/ColorCheckerResources.cs
 0.2 kb	 0.0% Packages/com.unity.render-pipelines.high-definition/Runtime/ShaderLibrary/ShaderVariablesGlobal.cs
 0.2 kb	 0.0% Packages/com.unity.render-pipelines.high-definition/Runtime/Settings/HDRPRayTracingResources.cs
 0.2 kb	 0.0% Packages/com.unity.render-pipelines.high-definition/Runtime/RenderPipelineResources/ComputeMaterialLibrary.cs
 0.2 kb	 0.0% Packages/com.unity.render-pipelines.high-definition/Runtime/RenderPipeline/Utility/Texture3DAtlasDynamic.cs
 0.2 kb	 0.0% Packages/com.unity.render-pipelines.high-definition/Runtime/RenderPipeline/Settings/ScalableSettingSchemaId.cs
 0.2 kb	 0.0% Packages/com.unity.render-pipelines.high-definition/Runtime/RenderPipeline/Settings/ScalableSettingSchema.cs
 0.2 kb	 0.0% Packages/com.unity.render-pipelines.high-definition/Runtime/RenderPipeline/Settings/RenderPipelineSettings.cs
 0.2 kb	 0.0% Packages/com.unity.render-pipelines.high-definition/Runtime/RenderPipeline/Settings/FrameSettingsDefaults.cs
 0.2 kb	 0.0% Packages/com.unity.render-pipelines.high-definition/Runtime/RenderPipeline/RenderPass/DrawRenderersCustomPass.cs
 0.2 kb	 0.0% Packages/com.unity.render-pipelines.high-definition/Runtime/RenderPipeline/RenderPass/DepthPyramidConstants.cs
 0.2 kb	 0.0% Packages/com.unity.render-pipelines.high-definition/Runtime/RenderPipeline/RenderPass/AOV/RenderOutputProperties.cs
 0.2 kb	 0.0% Packages/com.unity.render-pipelines.high-definition/Runtime/RenderPipeline/RenderPass/AOV/AOVRequestDataCollection.cs
 0.2 kb	 0.0% Packages/com.unity.render-pipelines.high-definition/Runtime/RenderPipeline/Raytracing/HDRaytracingLightCluster.cs
 0.2 kb	 0.0% Packages/com.unity.render-pipelines.high-definition/Runtime/RenderPipeline/Raytracing/HDDiffuseShadowDenoiser.cs
 0.2 kb	 0.0% Packages/com.unity.render-pipelines.high-definition/Runtime/RenderPipeline/LineRendering/HDRenderPipeline.LineRendering.cs
 0.2 kb	 0.0% Packages/com.unity.render-pipelines.high-definition/Runtime/RenderPipeline/HDRenderPipelineAsset.cs
 0.2 kb	 0.0% Packages/com.unity.render-pipelines.high-definition/Runtime/RenderPipeline/HDRenderPipeline.VolumetricCloud.cs
 0.2 kb	 0.0% Packages/com.unity.render-pipelines.high-definition/Runtime/RenderPipeline/HDRenderPipeline.CloudBackground.cs
 0.2 kb	 0.0% Packages/com.unity.render-pipelines.high-definition/Runtime/RenderPipeline/Camera/HDAdditionalCameraData.cs
 0.2 kb	 0.0% Packages/com.unity.render-pipelines.high-definition/Runtime/Material/RenderPipelineMaterial.cs
 0.2 kb	 0.0% Packages/com.unity.render-pipelines.high-definition/Runtime/Material/DiffusionProfile/DiffusionProfileSettings.cs
 0.2 kb	 0.0% Packages/com.unity.render-pipelines.high-definition/Runtime/Lighting/Shadow/HDCachedShadowManager.cs
 0.2 kb	 0.0% Packages/com.unity.render-pipelines.high-definition/Runtime/Lighting/ScreenSpaceLighting/ScreenSpaceRefraction.cs
 0.2 kb	 0.0% Packages/com.unity.render-pipelines.high-definition/Runtime/Lighting/ScreenSpaceLighting/ScreenSpaceReflection.cs
 0.2 kb	 0.0% Packages/com.unity.render-pipelines.high-definition/Runtime/Lighting/Reflection/PlanarReflectionProbe.cs
 0.2 kb	 0.0% Packages/com.unity.render-pipelines.high-definition/Runtime/Lighting/Reflection/HDProbeCullingResults.cs
 0.2 kb	 0.0% Packages/com.unity.render-pipelines.high-definition/Runtime/Lighting/LightLoop/GlobalLightLoopSettings.cs
 0.2 kb	 0.0% Packages/com.unity.render-pipelines.high-definition/Runtime/Lighting/Light/HDShadowRequestUpdateJob.cs
 0.2 kb	 0.0% Packages/com.unity.render-pipelines.high-definition/Runtime/Lighting/Light/HDShadowRequestDatabase.cs
 0.2 kb	 0.0% Packages/com.unity.render-pipelines.high-definition/Runtime/Lighting/Light/HDLightRenderDatabase.cs
 0.2 kb	 0.0% Packages/com.unity.render-pipelines.high-definition/Runtime/Lighting/Light/HDGpuLightsBuilder.LightLoop.cs
 0.2 kb	 0.0% Packages/com.unity.render-pipelines.high-definition/Runtime/Lighting/Light/HDAdditionalLightData.cs
 0.2 kb	 0.0% Packages/com.unity.render-pipelines.high-definition/Runtime/Lighting/Light/HDAdditionalLightData.Types.cs
 0.2 kb	 0.0% Packages/com.unity.render-pipelines.high-definition/Runtime/Lighting/HDRenderPipeline.ProbeHelpers.cs
 0.2 kb	 0.0% Packages/com.unity.render-pipelines.high-definition/Runtime/Lighting/GlobalIlluminationUtils.cs
 0.2 kb	 0.0% Packages/com.unity.render-pipelines.high-definition/Runtime/Lighting/AtmosphericScattering/AtmosphericScattering.cs
 0.2 kb	 0.0% Packages/com.unity.render-pipelines.high-definition/Runtime/Debug/TransparencyDebug.cs
 0.2 kb	 0.0% Packages/com.unity.render-pipelines.high-definition/Runtime/Debug/LightingDebug.cs
 0.2 kb	 0.0% Packages/com.unity.render-pipelines.high-definition/Runtime/Debug/HDVolumeDebugSettings.cs
 0.2 kb	 0.0% Packages/com.unity.render-pipelines.high-definition/Runtime/Debug/HDDebugDisplaySettings.cs
 0.2 kb	 0.0% Packages/com.unity.render-pipelines.core/Runtime/UnifiedRayTracing/UnifiedRayTracingException.cs
 0.2 kb	 0.0% Packages/com.unity.render-pipelines.core/Runtime/UnifiedRayTracing/Hardware/HardwareRayTracingBackend.cs
 0.2 kb	 0.0% Packages/com.unity.render-pipelines.core/Runtime/UnifiedRayTracing/Compute/ComputeRayTracingAccelStruct.cs
 0.2 kb	 0.0% Packages/com.unity.render-pipelines.core/Runtime/RenderGraph/RenderGraphResourceRendererList.cs
 0.2 kb	 0.0% Packages/com.unity.render-pipelines.core/Runtime/RenderGraph/Compiler/PassesData.cs
 0.2 kb	 0.0% Packages/com.unity.render-pipelines.core/Runtime/GPUDriven/OccluderDepthPyramidConstants.cs
 0.2 kb	 0.0% Packages/com.unity.render-pipelines.core/Runtime/GPUDriven/Debug/DebugDisplayGPUResidentDrawer.cs
 0.2 kb	 0.0% Packages/com.unity.collections/Unity.Collections/GenerateTestsForBurstCompatibilityAttribute.cs
 0.2 kb	 0.0% Packages/com.unity.render-pipelines.high-definition/Runtime/RenderPipeline/HDRenderPipeline.RenderGraph.cs
 0.2 kb	 0.0% Packages/com.unity.render-pipelines.high-definition/Runtime/RenderPipeline/HDRenderPipeline.PostProcess.cs
 0.2 kb	 0.0% Packages/com.unity.render-pipelines.high-definition/Runtime/RenderPipeline/HDRenderPipeline.LightLoop.cs
 0.2 kb	 0.0% Packages/com.unity.render-pipelines.high-definition/Runtime/Material/LTCAreaLight/Generated/LtcData.BRDF_KajiyaKaySpecular.cs
 0.2 kb	 0.0% Packages/com.unity.render-pipelines.high-definition/Runtime/Material/LTCAreaLight/BRDF/BRDF_CookTorrance.cs
 0.2 kb	 0.0% Packages/com.unity.render-pipelines.high-definition/Runtime/Lighting/VolumetricClouds/VolumetricCloudsDef.cs
 0.2 kb	 0.0% Packages/com.unity.render-pipelines.high-definition/Runtime/Lighting/Reflection/Volume/InfluenceVolume.Migration.cs
 0.2 kb	 0.0% Packages/com.unity.render-pipelines.high-definition/Runtime/Lighting/Light/HDGpuLightsBuilder.Jobs.cs
 0.2 kb	 0.0% Packages/com.unity.render-pipelines.high-definition/Runtime/Debug/DebugDisplaySettingsCamera.cs
 0.2 kb	 0.0% Packages/com.unity.render-pipelines.high-definition/Runtime/Compositor/ShaderProperty.cs
 0.2 kb	 0.0% Packages/com.unity.render-pipelines.high-definition/Runtime/Compositor/CompositionLayer.cs
 0.2 kb	 0.0% Packages/com.unity.render-pipelines.high-definition/Runtime/Compositor/AlphaInjection.cs
 0.2 kb	 0.0% Packages/com.unity.render-pipelines.core/Runtime/Utilities/CoreRenderPipelinePreferences.cs
 0.2 kb	 0.0% Packages/com.unity.render-pipelines.core/Runtime/Settings/IDefaultVolumeProfileSettings.cs
 0.2 kb	 0.0% Packages/com.unity.render-pipelines.core/Runtime/RenderGraph/RenderGraphResourcePool.cs
 0.2 kb	 0.0% Packages/com.unity.render-pipelines.core/Runtime/RenderGraph/RenderGraphObjectPool.cs
 0.2 kb	 0.0% Packages/com.unity.render-pipelines.core/Runtime/RenderGraph/Debug/RenderGraphDebugSession.cs
 0.2 kb	 0.0% Packages/com.unity.render-pipelines.core/Runtime/RenderGraph/Debug/RenderGraphDebugParams.cs
 0.2 kb	 0.0% Packages/com.unity.render-pipelines.core/Runtime/RenderGraph/Debug/RenderGraph.DebugDataSerialization.cs
 0.2 kb	 0.0% Packages/com.unity.render-pipelines.core/Runtime/RenderGraph/Debug/DebugDisplaySettingsRenderGraph.cs
 0.2 kb	 0.0% Packages/com.unity.render-pipelines.core/Runtime/Lighting/ProbeVolume/ProbeVolumeBakingProcessSettings.cs
 0.2 kb	 0.0% Packages/com.unity.render-pipelines.core/Runtime/Debugging/Prefabs/Scripts/DebugUIHandlerPersistentCanvas.cs
 0.2 kb	 0.0% Packages/com.unity.render-pipelines.core/Runtime/Debugging/Prefabs/Scripts/DebugUIHandlerObjectPopupField.cs
 0.2 kb	 0.0% Packages/com.unity.render-pipelines.core/Runtime/Debugging/Prefabs/Scripts/DebugUIHandlerIndirectFloatField.cs
 0.2 kb	 0.0% Packages/com.unity.render-pipelines.core/Runtime/Debugging/DebugDisplaySettingsHDROutput.cs
 0.2 kb	 0.0% Packages/com.unity.render-pipelines.core/Runtime/Common/GlobalDynamicResolutionSettings.cs
 0.2 kb	 0.0% Packages/com.unity.inputsystem/InputSystem/Editor/UITKAssetEditor/Views/CompositePartBindingPropertiesView.cs
 0.2 kb	 0.0% Packages/com.unity.inputsystem/InputSystem/Editor/UITKAssetEditor/Views/CollectionViewSelectionChangeFilter.cs
 0.2 kb	 0.0% Packages/com.unity.inputsystem/InputSystem/Editor/UITKAssetEditor/InputActionsEditorSettingsProvider.cs
 0.2 kb	 0.0% Packages/com.unity.inputsystem/InputSystem/Editor/PropertyDrawers/InputActionReferenceSearchProviders.cs
 0.2 kb	 0.0% Packages/com.unity.inputsystem/InputSystem/Editor/PropertyDrawers/InputActionReferencePropertyDrawer.cs
 0.2 kb	 0.0% Packages/com.unity.inputsystem/InputSystem/Editor/Analytics/InputActionsEditorSessionAnalytic.cs
 0.2 kb	 0.0% Packages/com.unity.inputsystem/InputSystem/Devices/Commands/QueryEditorWindowCoordinatesCommand.cs
 0.2 kb	 0.0% Packages/com.unity.inputsystem/InputSystem/Devices/Commands/InitiateUserAccountPairingCommand.cs
 0.2 kb	 0.0% Packages/com.unity.visualeffectgraph/Runtime/Utilities/PropertyBinding/Implementation/VFXHierarchyAttributeMapBinder.cs
 0.2 kb	 0.0% Packages/com.unity.visualeffectgraph/Runtime/Utilities/OutputEventHandlers/VFXOutputEventAbstractHandler.cs
 0.2 kb	 0.0% Packages/com.unity.visualeffectgraph/Runtime/Utilities/EventBinding/Implementation/VFXRigidBodyCollisionEventBinder.cs
 0.2 kb	 0.0% Packages/com.unity.render-pipelines.high-definition/Runtime/Water/WaterSurface/WaterSurface.Presets.cs
 0.2 kb	 0.0% Packages/com.unity.render-pipelines.high-definition/Runtime/Water/WaterDecal/Legacy/WaterFoamGenerator.cs
 0.2 kb	 0.0% Packages/com.unity.render-pipelines.high-definition/Runtime/Water/HDRenderPipeline.WaterSystem.cs
 0.2 kb	 0.0% Packages/com.unity.render-pipelines.high-definition/Runtime/Utilities/HDTextureUtilities.cs
 0.2 kb	 0.0% Packages/com.unity.render-pipelines.high-definition/Runtime/Utilities/HDRenderUtilities.cs
 0.2 kb	 0.0% Packages/com.unity.render-pipelines.high-definition/Runtime/Utilities/HDBakingUtilities.cs
 0.2 kb	 0.0% Packages/com.unity.render-pipelines.high-definition/Runtime/Sky/VisualEnvironment.cs
 0.2 kb	 0.0% Packages/com.unity.render-pipelines.high-definition/Runtime/Sky/StaticLightingSky.cs
 0.2 kb	 0.0% Packages/com.unity.render-pipelines.high-definition/Runtime/Sky/SkyRenderingContext.cs
 0.2 kb	 0.0% Packages/com.unity.render-pipelines.high-definition/Runtime/Sky/PhysicallyBasedSky/PhysicallyBasedSky.cs
 0.2 kb	 0.0% Packages/com.unity.render-pipelines.high-definition/Runtime/Sky/GradientSky/GradientSkyRenderer.cs
 0.2 kb	 0.0% Packages/com.unity.render-pipelines.high-definition/Runtime/Sky/CloudSystem/CloudLayer/CloudLayerRenderer.cs
 0.2 kb	 0.0% Packages/com.unity.render-pipelines.high-definition/Runtime/ShaderLibrary/ShaderVariablesXR.cs
 0.2 kb	 0.0% Packages/com.unity.render-pipelines.high-definition/Runtime/Settings/SpecularFadeSettings.cs
 0.2 kb	 0.0% Packages/com.unity.render-pipelines.high-definition/Runtime/Settings/RenderGraphSettings.cs
 0.2 kb	 0.0% Packages/com.unity.render-pipelines.high-definition/Runtime/Settings/ColorGradingSettings.cs
 0.2 kb	 0.0% Packages/com.unity.render-pipelines.high-definition/Runtime/Scripting/GameObjectExtension.cs
 0.2 kb	 0.0% Packages/com.unity.render-pipelines.high-definition/Runtime/RenderPipelineResources/defaultDiffusionProfile.asset
 0.2 kb	 0.0% Packages/com.unity.render-pipelines.high-definition/Runtime/RenderPipelineResources/FoliageDiffusionProfile.asset
 0.2 kb	 0.0% Packages/com.unity.render-pipelines.high-definition/Runtime/RenderPipeline/WorldLightManager.cs
 0.2 kb	 0.0% Packages/com.unity.render-pipelines.high-definition/Runtime/RenderPipeline/WorldLightCulling.cs
 0.2 kb	 0.0% Packages/com.unity.render-pipelines.high-definition/Runtime/RenderPipeline/Settings/FrameSettingsHistory.cs
 0.2 kb	 0.0% Packages/com.unity.render-pipelines.high-definition/Runtime/RenderPipeline/Settings/CaptureSettings.cs
 0.2 kb	 0.0% Packages/com.unity.render-pipelines.high-definition/Runtime/RenderPipeline/SceneViewDrawMode.cs
 0.2 kb	 0.0% Packages/com.unity.render-pipelines.high-definition/Runtime/RenderPipeline/RenderPass/ObjectIDCustomPass.cs
 0.2 kb	 0.0% Packages/com.unity.render-pipelines.high-definition/Runtime/RenderPipeline/RenderPass/FullScreenCustomPass.cs
 0.2 kb	 0.0% Packages/com.unity.render-pipelines.high-definition/Runtime/RenderPipeline/RenderPass/CustomPass/CustomPassContext.cs
 0.2 kb	 0.0% Packages/com.unity.render-pipelines.high-definition/Runtime/RenderPipeline/RenderPass/AOV/AOVRequestBuilder.cs
 0.2 kb	 0.0% Packages/com.unity.render-pipelines.high-definition/Runtime/RenderPipeline/Raytracing/RecursiveRendering.cs
 0.2 kb	 0.0% Packages/com.unity.render-pipelines.high-definition/Runtime/RenderPipeline/Raytracing/ReblurDenoiser.cs
 0.2 kb	 0.0% Packages/com.unity.render-pipelines.high-definition/Runtime/RenderPipeline/Raytracing/RayTracingSettings.cs
 0.2 kb	 0.0% Packages/com.unity.render-pipelines.high-definition/Runtime/RenderPipeline/Raytracing/RayTracingMode.cs
 0.2 kb	 0.0% Packages/com.unity.render-pipelines.high-definition/Runtime/RenderPipeline/Raytracing/RayCastingMode.cs
 0.2 kb	 0.0% Packages/com.unity.render-pipelines.high-definition/Runtime/RenderPipeline/Raytracing/HDReflectionDenoiser.cs
 0.2 kb	 0.0% Packages/com.unity.render-pipelines.high-definition/Runtime/RenderPipeline/Raytracing/HDDiffuseDenoiser.cs
 0.2 kb	 0.0% Packages/com.unity.render-pipelines.high-definition/Runtime/RenderPipeline/HDStringConstants.cs
 0.2 kb	 0.0% Packages/com.unity.render-pipelines.high-definition/Runtime/RenderPipeline/HDRenderPipeline.Prepass.cs
 0.2 kb	 0.0% Packages/com.unity.render-pipelines.high-definition/Runtime/RenderPipeline/HDRenderPipeline.LookDev.cs
 0.2 kb	 0.0% Packages/com.unity.render-pipelines.high-definition/Runtime/RenderPipeline/HDRenderPipeline.Debug.cs
 0.2 kb	 0.0% Packages/com.unity.render-pipelines.high-definition/Runtime/RenderPipeline/HDComputeThickness.cs
 0.2 kb	 0.0% Packages/com.unity.render-pipelines.high-definition/Runtime/RenderPipeline/CullingGroupManager.cs
 0.2 kb	 0.0% Packages/com.unity.render-pipelines.high-definition/Runtime/PostProcessing/Components/ScreenSpaceLensFlare.cs
 0.2 kb	 0.0% Packages/com.unity.render-pipelines.high-definition/Runtime/PostProcessing/Components/ChromaticAberration.cs
 0.2 kb	 0.0% Packages/com.unity.render-pipelines.high-definition/Runtime/Material/SubsurfaceScattering/SubSurfaceScattering.cs
 0.2 kb	 0.0% Packages/com.unity.render-pipelines.high-definition/Runtime/Material/MaterialExtension.cs
 0.2 kb	 0.0% Packages/com.unity.render-pipelines.high-definition/Runtime/Material/LTCAreaLight/Generated/LtcData.BRDF_CookTorrance.cs
 0.2 kb	 0.0% Packages/com.unity.render-pipelines.high-definition/Runtime/Material/Decal/GlobalDecalSettings.cs
 0.2 kb	 0.0% Packages/com.unity.render-pipelines.high-definition/Runtime/Lighting/VolumetricLighting/LocalVolumetricFog.cs
 0.2 kb	 0.0% Packages/com.unity.render-pipelines.high-definition/Runtime/Lighting/Shadow/HDShadowCullingUtils.cs
 0.2 kb	 0.0% Packages/com.unity.render-pipelines.high-definition/Runtime/Lighting/Shadow/HDDynamicShadowAtlas.cs
 0.2 kb	 0.0% Packages/com.unity.render-pipelines.high-definition/Runtime/Lighting/Shadow/HDCachedShadowAtlas.cs
 0.2 kb	 0.0% Packages/com.unity.render-pipelines.high-definition/Runtime/Lighting/ScreenSpaceLighting/BilateralUpsampleDef.cs
 0.2 kb	 0.0% Packages/com.unity.render-pipelines.high-definition/Runtime/Lighting/Reflection/Volume/InfluenceVolume.Editor.cs
 0.2 kb	 0.0% Packages/com.unity.render-pipelines.high-definition/Runtime/Lighting/LightLoop/LightLoop.cs
 0.2 kb	 0.0% Packages/com.unity.render-pipelines.high-definition/Runtime/Lighting/LightDefinition.cs
 0.2 kb	 0.0% Packages/com.unity.render-pipelines.high-definition/Runtime/Lighting/LightCookieManager.cs
 0.2 kb	 0.0% Packages/com.unity.render-pipelines.high-definition/Runtime/Lighting/Light/HDGpuLightsBuilder.cs
 0.2 kb	 0.0% Packages/com.unity.render-pipelines.high-definition/Runtime/Lighting/GlobalIllumination.cs
 0.2 kb	 0.0% Packages/com.unity.render-pipelines.high-definition/Runtime/Lighting/DiffusionProfileList.cs
 0.2 kb	 0.0% Packages/com.unity.render-pipelines.high-definition/Runtime/Debug/MonitorsDebug.cs
 0.2 kb	 0.0% Packages/com.unity.render-pipelines.high-definition/Runtime/Debug/HDDebugDisplayStats.cs
 0.2 kb	 0.0% Packages/com.unity.render-pipelines.high-definition/Runtime/Debug/GPUInlineDebugDrawer.cs
 0.2 kb	 0.0% Packages/com.unity.render-pipelines.high-definition/Runtime/Debug/FalseColorDebug.cs
 0.2 kb	 0.0% Packages/com.unity.render-pipelines.high-definition/Runtime/Debug/DebugLightVolumes.cs
 0.2 kb	 0.0% Packages/com.unity.render-pipelines.high-definition/Runtime/Debug/DebugDisplay.cs
 0.2 kb	 0.0% Packages/com.unity.render-pipelines.high-definition/Runtime/Debug/ColorPickerDebug.cs
 0.2 kb	 0.0% Packages/com.unity.render-pipelines.high-definition/Runtime/Core/Textures/TextureCacheCubemap.cs
 0.2 kb	 0.0% Packages/com.unity.render-pipelines.high-definition/Runtime/Core/Migration/MigrationDescription.cs
 0.2 kb	 0.0% Packages/com.unity.render-pipelines.core/Runtime/XR/XRBuiltinShaderConstants.cs
 0.2 kb	 0.0% Packages/com.unity.render-pipelines.core/Runtime/UnifiedRayTracing/IRayTracingAccelStruct.cs
 0.2 kb	 0.0% Packages/com.unity.render-pipelines.core/Runtime/UnifiedRayTracing/Hardware/HardwareRayTracingShader.cs
 0.2 kb	 0.0% Packages/com.unity.render-pipelines.core/Runtime/UnifiedRayTracing/Compute/ComputeRayTracingShader.cs
 0.2 kb	 0.0% Packages/com.unity.render-pipelines.core/Runtime/UnifiedRayTracing/Compute/ComputeRayTracingBackend.cs
 0.2 kb	 0.0% Packages/com.unity.render-pipelines.core/Runtime/Settings/IDefaultVolumeProfileResource.cs
 0.2 kb	 0.0% Packages/com.unity.render-pipelines.core/Runtime/RenderGraph/RenderGraphResourceTexture.cs
 0.2 kb	 0.0% Packages/com.unity.render-pipelines.core/Runtime/RenderGraph/RenderGraph.ExceptionMessages.cs
 0.2 kb	 0.0% Packages/com.unity.render-pipelines.core/Runtime/RenderGraph/IRenderGraphBuilder.cs
 0.2 kb	 0.0% Packages/com.unity.render-pipelines.core/Runtime/PathTracing/UnityComputeProbeIntegrator.cs
 0.2 kb	 0.0% Packages/com.unity.render-pipelines.core/Runtime/PathTracing/LightmapResourceCache.cs
 0.2 kb	 0.0% Packages/com.unity.render-pipelines.core/Runtime/PathTracing/LightmapIntegrationHelpers.cs
 0.2 kb	 0.0% Packages/com.unity.render-pipelines.core/Runtime/PathTracing/Environment/EnvironmentImportanceSampling.cs
 0.2 kb	 0.0% Packages/com.unity.render-pipelines.core/Runtime/GPUDriven/InstanceCullingBatcherBurst.cs
 0.2 kb	 0.0% Packages/com.unity.render-pipelines.core/Runtime/GPUDriven/IGPUResidentRenderPipeline.cs
 0.2 kb	 0.0% Packages/com.unity.render-pipelines.core/Runtime/GPUDriven/GPUResidentDrawerResources.cs
 0.2 kb	 0.0% Packages/com.unity.render-pipelines.core/Runtime/GPUDriven/Components/DisallowGPUDrivenRendering.cs
 0.2 kb	 0.0% Packages/com.unity.render-pipelines.core/Runtime-PrivateShared/AssemblyInfo.cs
 0.2 kb	 0.0% Packages/com.unity.inputsystem/InputSystem/Plugins/UI/StandaloneInputModuleEditor.cs
 0.2 kb	 0.0% Packages/com.unity.inputsystem/InputSystem/Plugins/UI/InputSystemUIInputModuleEditor.cs
 0.1 kb	 0.0% Packages/com.unity.render-pipelines.high-definition/Runtime/RenderPipelineResources/SkinDiffusionProfile.asset
 0.1 kb	 0.0% Packages/com.unity.render-pipelines.high-definition/Runtime/RenderPipeline/Raytracing/HDRaytracingManager.cs
 0.1 kb	 0.0% Packages/com.unity.render-pipelines.high-definition/Runtime/RenderPipeline/LineRendering/Core/RenderPass/LineRendering.Pass.Rasterization.cs
 0.1 kb	 0.0% Packages/com.unity.render-pipelines.high-definition/Runtime/RenderPipeline/LineRendering/Core/LineRendering.InstanceManagement.cs
 0.1 kb	 0.0% Packages/com.unity.render-pipelines.high-definition/Runtime/RenderPipeline/HDRenderPipeline.Vrs.cs
 0.1 kb	 0.0% Packages/com.unity.render-pipelines.high-definition/Runtime/RenderPipeline/HDRenderPipeline.STP.cs
 0.1 kb	 0.0% Packages/com.unity.render-pipelines.high-definition/Runtime/Material/LTCAreaLight/Generated/LtcData.BRDF_OrenNayar.cs
 0.1 kb	 0.0% Packages/com.unity.render-pipelines.high-definition/Runtime/Material/LTCAreaLight/BRDF/BRDF_OrenNayar.cs
 0.1 kb	 0.0% Packages/com.unity.render-pipelines.high-definition/Runtime/Material/LTCAreaLight/BRDF/BRDF_Marschner.cs
 0.1 kb	 0.0% Packages/com.unity.render-pipelines.high-definition/Runtime/Lighting/SphericalHarmonics.cs
 0.1 kb	 0.0% Packages/com.unity.render-pipelines.high-definition/Runtime/Lighting/Reflection/Volume/ProxyVolume.Migration.cs
 0.1 kb	 0.0% Packages/com.unity.render-pipelines.high-definition/Runtime/Lighting/ProbeVolume/ProbeVolumeLighting.cs
 0.1 kb	 0.0% Packages/com.unity.render-pipelines.high-definition/Runtime/Core/Textures/Texture2DAtlasDynamic.cs
 0.1 kb	 0.0% Packages/com.unity.render-pipelines.high-definition/Runtime/Compositor/CustomClear.cs
 0.1 kb	 0.0% Packages/com.unity.render-pipelines.high-definition/Runtime/Compositor/ChromaKeying.cs
 0.1 kb	 0.0% Packages/com.unity.render-pipelines.core/Runtime/Utilities/BatchRendererGroupGlobals.cs
 0.1 kb	 0.0% Packages/com.unity.render-pipelines.core/Runtime/Settings/IncludeRenderPipelineAsset.cs
 0.1 kb	 0.0% Packages/com.unity.render-pipelines.core/Runtime/STP/ISTPEnabledRenderPipeline.cs
 0.1 kb	 0.0% Packages/com.unity.render-pipelines.core/Runtime/RenderGraph/RenderGraphUtilsBlit.cs
 0.1 kb	 0.0% Packages/com.unity.render-pipelines.core/Runtime/RenderGraph/RenderGraphResourceBuffer.cs
 0.1 kb	 0.0% Packages/com.unity.render-pipelines.core/Runtime/RenderGraph/RenderGraphGlobalSettings.cs
 0.1 kb	 0.0% Packages/com.unity.render-pipelines.core/Runtime/RenderGraph/RenderGraphBuilders.cs
 0.1 kb	 0.0% Packages/com.unity.render-pipelines.core/Runtime/RenderGraph/RenderGraphBuilder.cs
 0.1 kb	 0.0% Packages/com.unity.render-pipelines.core/Runtime/RenderGraph/IRenderGraphRecorder.cs
 0.1 kb	 0.0% Packages/com.unity.render-pipelines.core/Runtime/RenderGraph/Debug/RenderGraphLogger.cs
 0.1 kb	 0.0% Packages/com.unity.render-pipelines.core/Runtime/RenderGraph/Debug/DebugMessageHandler.cs
 0.1 kb	 0.0% Packages/com.unity.render-pipelines.core/Runtime/Lighting/ProbeVolume/ShaderVariablesProbeVolumes.cs
 0.1 kb	 0.0% Packages/com.unity.render-pipelines.core/Runtime/Lighting/ProbeVolume/ProbeVolumeStreamableAsset.cs
 0.1 kb	 0.0% Packages/com.unity.render-pipelines.core/Runtime/Lighting/ProbeVolume/ProbeVolumeScratchBufferPool.cs
 0.1 kb	 0.0% Packages/com.unity.render-pipelines.core/Runtime/Lighting/ProbeVolume/ProbeVolumeGlobalSettings.cs
 0.1 kb	 0.0% Packages/com.unity.render-pipelines.core/Runtime/GPUDriven/InstanceData/InstanceWindDataUpdateDefs.cs
 0.1 kb	 0.0% Packages/com.unity.render-pipelines.core/Runtime/GPUDriven/InstanceData/InstanceTransformUpdateDefs.cs
 0.1 kb	 0.0% Packages/com.unity.render-pipelines.core/Runtime/GPUDriven/InstanceData/GPUInstanceDataUploader.cs
 0.1 kb	 0.0% Packages/com.unity.render-pipelines.core/Runtime/GPUDriven/GPUResidentDrawerTypes.cs
 0.1 kb	 0.0% Packages/com.unity.render-pipelines.core/Runtime/Debugging/Prefabs/Scripts/DebugUIHandlerToggleHistory.cs
 0.1 kb	 0.0% Packages/com.unity.render-pipelines.core/Runtime/Debugging/Prefabs/Scripts/DebugUIHandlerProgressBar.cs
 0.1 kb	 0.0% Packages/com.unity.render-pipelines.core/Runtime/Debugging/Prefabs/Scripts/DebugUIHandlerIndirectToggle.cs
 0.1 kb	 0.0% Packages/com.unity.render-pipelines.core/Runtime/Debugging/Prefabs/Scripts/DebugUIHandlerEnumHistory.cs
 0.1 kb	 0.0% Packages/com.unity.render-pipelines.core/Runtime/Debugging/IDebugDisplaySettingsQuery.cs
 0.1 kb	 0.0% Packages/com.unity.render-pipelines.core/Runtime/Debugging/IDebugDisplaySettingsPanel.cs
 0.1 kb	 0.0% Packages/com.unity.render-pipelines.core/Runtime/Debugging/IDebugDisplaySettingsData.cs
 0.1 kb	 0.0% Packages/com.unity.render-pipelines.core/Runtime/Debugging/DebugDisplaySettingsVolumes.cs
 0.1 kb	 0.0% Packages/com.unity.render-pipelines.core/Runtime/Debugging/DebugDisplaySettingsPanel.cs
 0.1 kb	 0.0% Packages/com.unity.inputsystem/InputSystem/Plugins/InputForUI/InputActionAssetVerifier.cs
 0.1 kb	 0.0% Packages/com.unity.inputsystem/InputSystem/Editor/UITKAssetEditor/Views/CompositeBindingPropertiesView.cs
 0.1 kb	 0.0% Packages/com.unity.inputsystem/InputSystem/Editor/UITKAssetEditor/InputActionsEditorWindowUtils.cs
 0.1 kb	 0.0% Packages/com.unity.inputsystem/InputSystem/Editor/PropertyDrawers/InputActionAssetSearchProvider.cs
 0.1 kb	 0.0% Packages/com.unity.inputsystem/InputSystem/Editor/ProjectWideActions/ProjectWideActionsBuildProvider.cs
 0.1 kb	 0.0% Packages/com.unity.inputsystem/InputSystem/Editor/Internal/SerializedPropertyLinqExtensions.cs
 0.1 kb	 0.0% Packages/com.unity.inputsystem/InputSystem/Editor/Internal/InputActionSerializationHelpers.cs
 0.1 kb	 0.0% Packages/com.unity.inputsystem/InputSystem/Editor/EditorInputControlLayoutCache.cs
 0.1 kb	 0.0% Packages/com.unity.inputsystem/InputSystem/Editor/ControlPicker/Layouts/TouchscreenControlPickerLayout.cs
 0.1 kb	 0.0% Packages/com.unity.inputsystem/InputSystem/Editor/ControlPicker/Layouts/DefaultInputControlPickerLayout.cs
 0.1 kb	 0.0% Packages/com.unity.inputsystem/InputSystem/Editor/Analytics/VirtualMouseInputEditorAnalytic.cs
 0.1 kb	 0.0% Packages/com.unity.inputsystem/InputSystem/Editor/Analytics/PlayerInputManagerEditorAnalytic.cs
 0.1 kb	 0.0% Packages/com.unity.inputsystem/InputSystem/Devices/Commands/QuerySamplingFrequencyCommand.cs
 0.1 kb	 0.0% Packages/com.unity.inputsystem/InputSystem/Devices/Commands/QueryPairedUserAccountCommand.cs
 0.1 kb	 0.0% Packages/com.unity.visualeffectgraph/Runtime/Utilities/PropertyBinding/VFXPropertyBindingAttribute.cs
 0.1 kb	 0.0% Packages/com.unity.visualeffectgraph/Runtime/Utilities/PropertyBinding/Implementation/VFXPreviousPositionBinder.cs
 0.1 kb	 0.0% Packages/com.unity.visualeffectgraph/Runtime/Utilities/PropertyBinding/Implementation/VFXMultiplePositionBinder.cs
 0.1 kb	 0.0% Packages/com.unity.render-pipelines.high-definition/Runtime/Water/WaterRendering.cs
 0.1 kb	 0.0% Packages/com.unity.render-pipelines.high-definition/Runtime/Water/WaterExcluder.cs
 0.1 kb	 0.0% Packages/com.unity.render-pipelines.high-definition/Runtime/Water/WaterDecal/Legacy/WaterDeformer.cs
 0.1 kb	 0.0% Packages/com.unity.render-pipelines.high-definition/Runtime/Utilities/SceneObjectIDMap.cs
 0.1 kb	 0.0% Packages/com.unity.render-pipelines.high-definition/Runtime/Utilities/ProbeSettings.cs
 0.1 kb	 0.0% Packages/com.unity.render-pipelines.high-definition/Runtime/Utilities/CopyFilter.cs
 0.1 kb	 0.0% Packages/com.unity.render-pipelines.high-definition/Runtime/Utilities/CameraSettings.cs
 0.1 kb	 0.0% Packages/com.unity.render-pipelines.high-definition/Runtime/Sky/SkyUpdateContext.cs
 0.1 kb	 0.0% Packages/com.unity.render-pipelines.high-definition/Runtime/Sky/HDRISky/HDRISkyRenderer.cs
 0.1 kb	 0.0% Packages/com.unity.render-pipelines.high-definition/Runtime/Sky/CloudSystem/CloudSettings.cs
 0.1 kb	 0.0% Packages/com.unity.render-pipelines.high-definition/Runtime/Sky/CloudSystem/CloudRenderer.cs
 0.1 kb	 0.0% Packages/com.unity.render-pipelines.high-definition/Runtime/RenderPipeline/Utility/Texture3DAtlas.cs
 0.1 kb	 0.0% Packages/com.unity.render-pipelines.high-definition/Runtime/RenderPipeline/Utility/ReflectionUtils.cs
 0.1 kb	 0.0% Packages/com.unity.render-pipelines.high-definition/Runtime/RenderPipeline/Settings/FrameSettings.cs
 0.1 kb	 0.0% Packages/com.unity.render-pipelines.high-definition/Runtime/RenderPipeline/RenderPass/VrsCustomPass.cs
 0.1 kb	 0.0% Packages/com.unity.render-pipelines.high-definition/Runtime/RenderPipeline/RenderPass/UpscalerUtils.cs
 0.1 kb	 0.0% Packages/com.unity.render-pipelines.high-definition/Runtime/RenderPipeline/RenderPass/CustomPass/CustomPassVolume.cs
 0.1 kb	 0.0% Packages/com.unity.render-pipelines.high-definition/Runtime/RenderPipeline/RenderPass/CustomPass/CustomPassUtils.cs
 0.1 kb	 0.0% Packages/com.unity.render-pipelines.high-definition/Runtime/RenderPipeline/RenderPass/AOV/AOVRequestData.cs
 0.1 kb	 0.0% Packages/com.unity.render-pipelines.high-definition/Runtime/RenderPipeline/RenderPass/AOV/AOVBuffers.cs
 0.1 kb	 0.0% Packages/com.unity.render-pipelines.high-definition/Runtime/RenderPipeline/Raytracing/HDTemporalFilter.cs
 0.1 kb	 0.0% Packages/com.unity.render-pipelines.high-definition/Runtime/RenderPipeline/MRTBufferManager.cs
 0.1 kb	 0.0% Packages/com.unity.render-pipelines.high-definition/Runtime/RenderPipeline/LineRendering/Core/RenderPass/LineRendering.Pass.Geometry.cs
 0.1 kb	 0.0% Packages/com.unity.render-pipelines.high-definition/Runtime/RenderPipeline/LineRendering/Core/LineRendering.ShadingAtlas.cs
 0.1 kb	 0.0% Packages/com.unity.render-pipelines.high-definition/Runtime/RenderPipeline/HDRenderQueue.cs
 0.1 kb	 0.0% Packages/com.unity.render-pipelines.high-definition/Runtime/RenderPipeline/HDRenderPipeline.cs
 0.1 kb	 0.0% Packages/com.unity.render-pipelines.high-definition/Runtime/RenderPipeline/Accumulation/SubFrameManager.cs
 0.1 kb	 0.0% Packages/com.unity.render-pipelines.high-definition/Runtime/PostProcessing/Components/PaniniProjection.cs
 0.1 kb	 0.0% Packages/com.unity.render-pipelines.high-definition/Runtime/PostProcessing/Components/LiftGammaGain.cs
 0.1 kb	 0.0% Packages/com.unity.render-pipelines.high-definition/Runtime/PostProcessing/Components/LensDistortion.cs
 0.1 kb	 0.0% Packages/com.unity.render-pipelines.high-definition/Runtime/PostProcessing/Components/ColorAdjustments.cs
 0.1 kb	 0.0% Packages/com.unity.render-pipelines.high-definition/Runtime/Material/Water/WaterDecalAPI.cs
 0.1 kb	 0.0% Packages/com.unity.render-pipelines.high-definition/Runtime/Material/TerrainLit/TerrainLitAPI.cs
 0.1 kb	 0.0% Packages/com.unity.render-pipelines.high-definition/Runtime/Material/SphericalCapPivot/SPTDistribution.cs
 0.1 kb	 0.0% Packages/com.unity.render-pipelines.high-definition/Runtime/Material/SphericalCapPivot/PivotData.GGX.cs
 0.1 kb	 0.0% Packages/com.unity.render-pipelines.high-definition/Runtime/Material/ShaderGraphAPI.cs
 0.1 kb	 0.0% Packages/com.unity.render-pipelines.high-definition/Runtime/Material/PreIntegratedFGD/PreIntegratedFGD.cs
 0.1 kb	 0.0% Packages/com.unity.render-pipelines.high-definition/Runtime/Material/LayeredLit/LayeredLitAPI.cs
 0.1 kb	 0.0% Packages/com.unity.render-pipelines.high-definition/Runtime/Material/LTCAreaLight/Generated/LtcData.BRDF_Ward.cs
 0.1 kb	 0.0% Packages/com.unity.render-pipelines.high-definition/Runtime/Material/LTCAreaLight/Generated/LtcData.BRDF_Disney.cs
 0.1 kb	 0.0% Packages/com.unity.render-pipelines.high-definition/Runtime/Material/LTCAreaLight/Generated/LtcData.BRDF_Charlie.cs
 0.1 kb	 0.0% Packages/com.unity.render-pipelines.high-definition/Runtime/Material/IBLFilterBSDF.cs
 0.1 kb	 0.0% Packages/com.unity.render-pipelines.high-definition/Runtime/Material/Fabric/IBLFilterCharlie.cs
 0.1 kb	 0.0% Packages/com.unity.render-pipelines.high-definition/Runtime/Material/Eye/EyeCausticLUTGen.cs
 0.1 kb	 0.0% Packages/com.unity.render-pipelines.high-definition/Runtime/Material/Decal/DecalProjector.cs
 0.1 kb	 0.0% Packages/com.unity.render-pipelines.high-definition/Runtime/Lighting/VolumetricClouds/VolumetricClouds.cs
 0.1 kb	 0.0% Packages/com.unity.render-pipelines.high-definition/Runtime/Lighting/Shadow/MicroShadowing.cs
 0.1 kb	 0.0% Packages/com.unity.render-pipelines.high-definition/Runtime/Lighting/Shadow/HDShadowUtils.cs
 0.1 kb	 0.0% Packages/com.unity.render-pipelines.high-definition/Runtime/Lighting/Shadow/HDShadowSettings.cs
 0.1 kb	 0.0% Packages/com.unity.render-pipelines.high-definition/Runtime/Lighting/Shadow/HDShadowManager.cs
 0.1 kb	 0.0% Packages/com.unity.render-pipelines.high-definition/Runtime/Lighting/Shadow/HDShadowAtlas.cs
 0.1 kb	 0.0% Packages/com.unity.render-pipelines.high-definition/Runtime/Lighting/Shadow/ContactShadows.cs
 0.1 kb	 0.0% Packages/com.unity.render-pipelines.high-definition/Runtime/Lighting/Reflection/Volume/InfluenceVolume.cs
 0.1 kb	 0.0% Packages/com.unity.render-pipelines.high-definition/Runtime/Lighting/Reflection/HDProbeSystem.cs
 0.1 kb	 0.0% Packages/com.unity.render-pipelines.high-definition/Runtime/Lighting/Reflection/HDProbeCullState.cs
 0.1 kb	 0.0% Packages/com.unity.render-pipelines.high-definition/Runtime/Lighting/AtmosphericScattering/VolumetricFog.cs
 0.1 kb	 0.0% Packages/com.unity.render-pipelines.high-definition/Runtime/Lighting/AtmosphericScattering/ExponentialFog.cs
 0.1 kb	 0.0% Packages/com.unity.render-pipelines.high-definition/Runtime/Documentation.cs
 0.1 kb	 0.0% Packages/com.unity.render-pipelines.high-definition/Runtime/Debug/RayCountManager.cs
 0.1 kb	 0.0% Packages/com.unity.render-pipelines.high-definition/Runtime/Debug/MipMapDebug.cs
 0.1 kb	 0.0% Packages/com.unity.render-pipelines.high-definition/Runtime/Debug/DecalsDebug.cs
 0.1 kb	 0.0% Packages/com.unity.render-pipelines.high-definition/Runtime/Core/Utilities/GeometryUtils.cs
 0.1 kb	 0.0% Packages/com.unity.render-pipelines.high-definition/Runtime/Core/Textures/TextureCache2D.cs
 0.1 kb	 0.0% Packages/com.unity.render-pipelines.high-definition/Runtime/Core/Migration/MigrationStep.cs
 0.1 kb	 0.0% Packages/com.unity.render-pipelines.high-definition/Runtime/ComponentUtility.cs
 0.1 kb	 0.0% Packages/com.unity.render-pipelines.high-definition-config/Runtime/ShaderConfig.cs
 0.1 kb	 0.0% Packages/com.unity.render-pipelines.core/Runtime/UnifiedRayTracing/RayTracingResources.cs
 0.1 kb	 0.0% Packages/com.unity.render-pipelines.core/Runtime/UnifiedRayTracing/RayTracingContext.cs
 0.1 kb	 0.0% Packages/com.unity.render-pipelines.core/Runtime/UnifiedRayTracing/IRayTracingShader.cs
 0.1 kb	 0.0% Packages/com.unity.render-pipelines.core/Runtime/UnifiedRayTracing/IRayTracingBackend.cs
 0.1 kb	 0.0% Packages/com.unity.render-pipelines.core/Runtime/UnifiedRayTracing/Compute/BLASPositionsPool.cs
 0.1 kb	 0.0% Packages/com.unity.render-pipelines.core/Runtime/UnifiedRayTracing/Common/GeometryPool/GeometryPoolDefs.cs
 0.1 kb	 0.0% Packages/com.unity.render-pipelines.core/Runtime/UnifiedRayTracing/Common/AccelStructInstances.cs
 0.1 kb	 0.0% Packages/com.unity.render-pipelines.core/Runtime/UnifiedRayTracing/Common/AccelStructAdapter.cs
 0.1 kb	 0.0% Packages/com.unity.render-pipelines.core/Runtime/RenderGraph/RenderGraphResources.cs
 0.1 kb	 0.0% Packages/com.unity.render-pipelines.core/Runtime/RenderGraph/Debug/RenderGraph.DebugData.cs
 0.1 kb	 0.0% Packages/com.unity.render-pipelines.core/Runtime/PathTracing/UnityComputeDeviceContext.cs
 0.1 kb	 0.0% Packages/com.unity.render-pipelines.core/Runtime/PathTracing/UVAccelerationStructure.cs
 0.1 kb	 0.0% Packages/com.unity.render-pipelines.core/Runtime/PathTracing/LightmapIntegration.cs
 0.1 kb	 0.0% Packages/com.unity.render-pipelines.core/Runtime/PathTracing/AdaptiveSamplingHelpers.cs
 0.1 kb	 0.0% Packages/com.unity.render-pipelines.core/Runtime/Lighting/ProbeVolume/ProbeReferenceVolume.Streaming.cs
 0.1 kb	 0.0% Packages/com.unity.render-pipelines.core/Runtime/Lighting/ProbeVolume/ProbeReferenceVolume.Debug.cs
 0.1 kb	 0.0% Packages/com.unity.render-pipelines.core/Runtime/GPUDriven/Utilities/ParallelSortExtensions.cs
 0.1 kb	 0.0% Packages/com.unity.render-pipelines.core/Runtime/GPUDriven/RenderersBatchersContext.cs
 0.1 kb	 0.0% Packages/com.unity.render-pipelines.core/Runtime/GPUDriven/OcclusionCullingCommon.cs
 0.1 kb	 0.0% Packages/com.unity.render-pipelines.core/Runtime/GPUDriven/LODGroupDataPoolBurst.cs
 0.1 kb	 0.0% Packages/com.unity.render-pipelines.core/Runtime/GPUDriven/InstanceData/InstanceDataSystemBurst.cs
 0.1 kb	 0.0% Packages/com.unity.render-pipelines.core/Runtime/GPUDriven/InstanceData/GPUInstanceDataBuffer.cs
 0.1 kb	 0.0% Packages/com.unity.render-pipelines.core/Runtime/GPUDriven/InstanceCullingBatcher.cs
 0.1 kb	 0.0% Packages/com.unity.render-pipelines.core/Runtime/GPUDriven/GPUResidentDrawerDebug.cs
 0.1 kb	 0.0% Packages/com.unity.render-pipelines.core/Runtime/GPUDriven/GPUResidentDrawerBurst.cs
 0.1 kb	 0.0% Packages/com.unity.render-pipelines.core/Runtime/GPUDriven/GPUResidentDrawer.Validator.cs
 0.1 kb	 0.0% Packages/com.unity.render-pipelines.core/Runtime/GPUDriven/GPUResidentBatcher.SpeedTree.cs
 0.1 kb	 0.0% Packages/com.unity.render-pipelines.core/Runtime/GPUDriven/Components/DisallowSmallMeshCulling.cs
 0.1 kb	 0.0% Packages/com.unity.inputsystem/InputSystem/Utilities/DisplayStringFormatAttribute.cs
 0.1 kb	 0.0% Packages/com.unity.inputsystem/InputSystem/Plugins/XR/Haptics/SendBufferedHapticsCommand.cs
 0.1 kb	 0.0% Packages/com.unity.inputsystem/InputSystem/Plugins/XR/Haptics/GetHapticCapabilitiesCommand.cs
 0.1 kb	 0.0% Packages/com.unity.inputsystem/InputSystem/Plugins/XR/Haptics/GetCurrentHapticStateCommand.cs
 0.1 kb	 0.0% Packages/com.unity.inputsystem/InputSystem/Plugins/UI/ExtendedSubmitCancelEventData.cs
 0.1 kb	 0.0% Packages/com.unity.inputsystem/InputSystem/Plugins/Android/AndroidGameController.cs
 0.1 kb	 0.0% Packages/com.unity.inputsystem/InputSystem/Controls/Processors/NormalizeVector3Processor.cs
 0.1 kb	 0.0% Packages/com.unity.inputsystem/InputSystem/Controls/Processors/NormalizeVector2Processor.cs
 0.1 kb	 0.0% Packages/com.unity.inputsystem/InputSystem/Controls/Processors/EditorWindowSpaceProcessor.cs
 0.1 kb	 0.0% Packages/com.unity.inputsystem/InputSystem/Controls/Processors/CompensateRotationProcessor.cs
 0.1 kb	 0.0% Packages/com.unity.inputsystem/InputSystem/Controls/Processors/CompensateDirectionProcessor.cs
 0.1 kb	 0.0% Packages/com.unity.collections/Unity.Collections/UnsafeParallelHashSetExtensions.gen.cs
 0.1 kb	 0.0% Packages/com.unity.collections/Unity.Collections/UnsafeParallelHashMap.cs
 0.1 kb	 0.0% Assets/Benchmark/Generated/NibSkinProfile.asset
 0.1 kb	 0.0% Assets/Benchmark/Generated/KragSkinProfile.asset
 0.1 kb	 0.0% Packages/com.unity.render-pipelines.high-definition/Runtime/Water/WaterSystemDef.cs
 0.1 kb	 0.0% Packages/com.unity.render-pipelines.high-definition/Runtime/RenderPipeline/LineRendering/Core/LineRendering.Utilities.cs
 0.1 kb	 0.0% Packages/com.unity.render-pipelines.high-definition/Runtime/RenderPipeline/LineRendering/Core/LineRendering.ShaderIDs.cs
 0.1 kb	 0.0% Packages/com.unity.render-pipelines.high-definition/Runtime/RenderPipeline/LineRendering/Core/LineRendering.Budgets.cs
 0.1 kb	 0.0% Packages/com.unity.render-pipelines.high-definition/Runtime/RenderPipeline/Accumulation/DenoisePass.cs
 0.1 kb	 0.0% Packages/com.unity.render-pipelines.high-definition/Runtime/Material/LTCAreaLight/Generated/LtcData.BRDF_GGX.cs
 0.1 kb	 0.0% Packages/com.unity.render-pipelines.high-definition/Runtime/Material/LTCAreaLight/BRDF/BRDF_Ward.cs
 0.1 kb	 0.0% Packages/com.unity.render-pipelines.high-definition/Runtime/Material/LTCAreaLight/BRDF/BRDF_Interface.cs
 0.1 kb	 0.0% Packages/com.unity.render-pipelines.high-definition/Runtime/Material/LTCAreaLight/BRDF/BRDF_Disney.cs
 0.1 kb	 0.0% Packages/com.unity.render-pipelines.high-definition/Runtime/Material/LTCAreaLight/BRDF/BRDF_Charlie.cs
 0.1 kb	 0.0% Packages/com.unity.render-pipelines.high-definition/Runtime/Material/Decal/DecalSystem.Jobs.cs
 0.1 kb	 0.0% Packages/com.unity.render-pipelines.high-definition/Runtime/Lighting/Shadow/AdditionalShadowData.cs
 0.1 kb	 0.0% Packages/com.unity.render-pipelines.high-definition/Runtime/Deprecated.cs
 0.1 kb	 0.0% Packages/com.unity.render-pipelines.core/Runtime/XR/XRGraphicsAutomatedTests.cs
 0.1 kb	 0.0% Packages/com.unity.render-pipelines.core/Runtime/Textures/PowerOfTwoTextureAtlas.cs
 0.1 kb	 0.0% Packages/com.unity.render-pipelines.core/Runtime/Textures/BufferedRTHandleSystem.cs
 0.1 kb	 0.0% Packages/com.unity.render-pipelines.core/Runtime/Settings/ShaderStrippingSetting.cs
 0.1 kb	 0.0% Packages/com.unity.render-pipelines.core/Runtime/Settings/LightmapSamplingSettings.cs
 0.1 kb	 0.0% Packages/com.unity.render-pipelines.core/Runtime/Sampling/SamplingResources.cs
 0.1 kb	 0.0% Packages/com.unity.render-pipelines.core/Runtime/RenderPipeline/RenderPipelineResources.cs
 0.1 kb	 0.0% Packages/com.unity.render-pipelines.core/Runtime/RenderGraph/RenderGraphPass.cs
 0.1 kb	 0.0% Packages/com.unity.render-pipelines.core/Runtime/RenderGraph/RenderGraph.Compiler.cs
 0.1 kb	 0.0% Packages/com.unity.render-pipelines.core/Runtime/PostProcessing/LensFlareComponentSRP.cs
 0.1 kb	 0.0% Packages/com.unity.render-pipelines.core/Runtime/PostProcessing/IPostProcessComponent.cs
 0.1 kb	 0.0% Packages/com.unity.render-pipelines.core/Runtime/PathTracing/ProbePostProcessor.cs
 0.1 kb	 0.0% Packages/com.unity.render-pipelines.core/Runtime/Lighting/ProbeVolume/ProbeVolumePositioning.cs
 0.1 kb	 0.0% Packages/com.unity.render-pipelines.core/Runtime/Lighting/ProbeVolume/ProbeVolumePerSceneData.cs
 0.1 kb	 0.0% Packages/com.unity.render-pipelines.core/Runtime/Lighting/ProbeVolume/ProbeReferenceVolume.Binding.cs
 0.1 kb	 0.0% Packages/com.unity.render-pipelines.core/Runtime/Lighting/ProbeVolume/ProbeAdjustmentVolume.cs
 0.1 kb	 0.0% Packages/com.unity.render-pipelines.core/Runtime/GPUDriven/InstanceOcclusionCuller.cs
 0.1 kb	 0.0% Packages/com.unity.render-pipelines.core/Runtime/GPUDriven/InstanceData/InstanceDataSystem.Jobs.cs
 0.1 kb	 0.0% Packages/com.unity.render-pipelines.core/Runtime/Debugging/ShaderDebugPrintManager.cs
 0.1 kb	 0.0% Packages/com.unity.render-pipelines.core/Runtime/Debugging/Prefabs/Scripts/DebugUIHandlerVector4.cs
 0.1 kb	 0.0% Packages/com.unity.render-pipelines.core/Runtime/Debugging/Prefabs/Scripts/DebugUIHandlerVector3.cs
 0.1 kb	 0.0% Packages/com.unity.render-pipelines.core/Runtime/Debugging/Prefabs/Scripts/DebugUIHandlerVector2.cs
 0.1 kb	 0.0% Packages/com.unity.render-pipelines.core/Runtime/Debugging/Prefabs/Scripts/DebugUIHandlerValueTuple.cs
 0.1 kb	 0.0% Packages/com.unity.render-pipelines.core/Runtime/Debugging/Prefabs/Scripts/DebugUIHandlerUIntField.cs
 0.1 kb	 0.0% Packages/com.unity.render-pipelines.core/Runtime/Debugging/Prefabs/Scripts/DebugUIHandlerObjectList.cs
 0.1 kb	 0.0% Packages/com.unity.render-pipelines.core/Runtime/Debugging/Prefabs/Scripts/DebugUIHandlerMessageBox.cs
 0.1 kb	 0.0% Packages/com.unity.render-pipelines.core/Runtime/Debugging/Prefabs/Scripts/DebugUIHandlerIntField.cs
 0.1 kb	 0.0% Packages/com.unity.render-pipelines.core/Runtime/Debugging/Prefabs/Scripts/DebugUIHandlerFoldout.cs
 0.1 kb	 0.0% Packages/com.unity.render-pipelines.core/Runtime/Debugging/Prefabs/Scripts/DebugUIHandlerFloatField.cs
 0.1 kb	 0.0% Packages/com.unity.render-pipelines.core/Runtime/Debugging/Prefabs/Scripts/DebugUIHandlerEnumField.cs
 0.1 kb	 0.0% Packages/com.unity.render-pipelines.core/Runtime/Debugging/Prefabs/Scripts/DebugUIHandlerContainer.cs
 0.1 kb	 0.0% Packages/com.unity.render-pipelines.core/Runtime/Debugging/Prefabs/Scripts/DebugUIHandlerBitField.cs
 0.1 kb	 0.0% Packages/com.unity.render-pipelines.core/Runtime/Debugging/IDebugDisplaySettings.cs
 0.1 kb	 0.0% Packages/com.unity.render-pipelines.core/Runtime/Debugging/DebugDisplaySettingsUI.cs
 0.1 kb	 0.0% Packages/com.unity.render-pipelines.core/Runtime/Common/RemoveRange.Extensions.cs
 0.1 kb	 0.0% Packages/com.unity.render-pipelines.core/Runtime/Common/DynamicResolutionHandler.cs
 0.1 kb	 0.0% Packages/com.unity.render-pipelines.core/Runtime/CommandBuffers/IComputeCommandBuffer.cs
 0.1 kb	 0.0% Packages/com.unity.render-pipelines.core/Runtime/Camera/CameraHistory.cs
 0.1 kb	 0.0% Packages/com.unity.inputsystem/InputSystem/State/IInputStateCallbackReceiver.cs
 0.1 kb	 0.0% Packages/com.unity.inputsystem/InputSystem/Plugins/InputForUI/InputSystemProvider.cs
 0.1 kb	 0.0% Packages/com.unity.inputsystem/InputSystem/Plugins/DualShock/DualShockGamepadHID.cs
 0.1 kb	 0.0% Packages/com.unity.inputsystem/InputSystem/Editor/UITKAssetEditor/Views/NameAndParametersListView.cs
 0.1 kb	 0.0% Packages/com.unity.inputsystem/InputSystem/Editor/UITKAssetEditor/Views/InputActionMapsTreeViewItem.cs
 0.1 kb	 0.0% Packages/com.unity.inputsystem/InputSystem/Editor/UITKAssetEditor/InputActionsEditorConstants.cs
 0.1 kb	 0.0% Packages/com.unity.inputsystem/InputSystem/Editor/Settings/InputSettingsBuildProvider.cs
 0.1 kb	 0.0% Packages/com.unity.inputsystem/InputSystem/Editor/Settings/EditorPlayerSettingHelpers.cs
 0.1 kb	 0.0% Packages/com.unity.inputsystem/InputSystem/Editor/PropertyDrawers/InputActionPropertyDrawer.cs
 0.1 kb	 0.0% Packages/com.unity.inputsystem/InputSystem/Editor/PropertyDrawers/GamepadButtonPropertyDrawer.cs
 0.1 kb	 0.0% Packages/com.unity.inputsystem/InputSystem/Editor/Internal/SerializedPropertyHelpers.cs
 0.1 kb	 0.0% Packages/com.unity.inputsystem/InputSystem/Editor/Internal/AdvancedDropdown/AdvancedDropdownDataSource.cs
 0.1 kb	 0.0% Packages/com.unity.inputsystem/InputSystem/Editor/InputSystemPackageControl.cs
 0.1 kb	 0.0% Packages/com.unity.inputsystem/InputSystem/Editor/Debugger/SampleFrequencyCalculator.cs
 0.1 kb	 0.0% Packages/com.unity.inputsystem/InputSystem/Editor/Debugger/InputDeviceDebuggerWindow.cs
 0.1 kb	 0.0% Packages/com.unity.inputsystem/InputSystem/Editor/Debugger/InputActionDebuggerWindow.cs
 0.1 kb	 0.0% Packages/com.unity.inputsystem/InputSystem/Editor/ControlPicker/InputControlPickerDropdown.cs
 0.1 kb	 0.0% Packages/com.unity.inputsystem/InputSystem/Editor/ControlPicker/IInputControlPickerLayout.cs
 0.1 kb	 0.0% Packages/com.unity.inputsystem/InputSystem/Editor/AssetImporter/InputActionImporterEditor.cs
 0.1 kb	 0.0% Packages/com.unity.inputsystem/InputSystem/Editor/AssetImporter/InputActionAssetIconLoader.cs
 0.1 kb	 0.0% Packages/com.unity.inputsystem/InputSystem/Editor/AssetEditor/InputBindingPropertiesView.cs
 0.1 kb	 0.0% Packages/com.unity.inputsystem/InputSystem/Editor/AssetEditor/InputActionPropertiesView.cs
 0.1 kb	 0.0% Packages/com.unity.inputsystem/InputSystem/Editor/Analytics/PlayerInputEditorAnalytic.cs
 0.1 kb	 0.0% Packages/com.unity.inputsystem/InputSystem/Editor/Analytics/OnScreenStickEditorAnalytic.cs
 0.1 kb	 0.0% Packages/com.unity.inputsystem/InputSystem/Editor/Analytics/InputExitPlayModeAnalytic.cs
 0.1 kb	 0.0% Packages/com.unity.inputsystem/InputSystem/Editor/Analytics/InputComponentEditorAnalytic.cs
 0.1 kb	 0.0% Packages/com.unity.inputsystem/InputSystem/Devices/IInputUpdateCallbackReceiver.cs
 0.1 kb	 0.0% Packages/com.unity.inputsystem/InputSystem/Devices/Commands/SetSamplingFrequencyCommand.cs
 0.1 kb	 0.0% Packages/com.unity.inputsystem/InputSystem/Devices/Commands/SetIMECursorPositionCommand.cs
 0.1 kb	 0.0% Packages/com.unity.inputsystem/InputSystem/Devices/Commands/QueryKeyboardLayoutCommand.cs
 0.1 kb	 0.0% Packages/com.unity.inputsystem/InputSystem/Devices/Commands/EnableIMECompositionCommand.cs
 0.1 kb	 0.0% Packages/com.unity.inputsystem/InputSystem/Controls/InputControlLayoutAttribute.cs
 0.1 kb	 0.0% Packages/com.unity.inputsystem/InputSystem/Actions/InputActionRebindingExtensions.cs
 0.1 kb	 0.0% Packages/com.unity.collections/Unity.Collections/UnsafeNotBurstCompatible.cs
 0.1 kb	 0.0% Packages/com.unity.visualeffectgraph/Runtime/Utilities/PropertyBinding/Implementation/VFXAudioSpectrumBinder.cs
 0.1 kb	 0.0% Packages/com.unity.visualeffectgraph/Runtime/Utilities/EventBinding/Implementation/VFXVisibilityEventBinder.cs
 0.1 kb	 0.0% Packages/com.unity.visualeffectgraph/Runtime/Utilities/EventBinding/Implementation/VFXTriggerEventBinder.cs
 0.1 kb	 0.0% Packages/com.unity.visualeffectgraph/Runtime/CustomSpawners/IncrementStripIndexOnStart.cs
 0.1 kb	 0.0% Packages/com.unity.ugui/Runtime/UGUI/EventSystem/UIElements/UIToolkitInteroperabilityBridge.cs
 0.1 kb	 0.0% Packages/com.unity.render-pipelines.high-definition/Runtime/Water/WaterSurface/WaterSurface.cs
 0.1 kb	 0.0% Packages/com.unity.render-pipelines.high-definition/Runtime/Water/WaterDecal/WaterDecal.cs
 0.1 kb	 0.0% Packages/com.unity.render-pipelines.high-definition/Runtime/Utilities/VolumeUtils.cs
 0.1 kb	 0.0% Packages/com.unity.render-pipelines.high-definition/Runtime/Sky/SkySettings.cs
 0.1 kb	 0.0% Packages/com.unity.render-pipelines.high-definition/Runtime/Sky/SkyRenderer.cs
 0.1 kb	 0.0% Packages/com.unity.render-pipelines.high-definition/Runtime/Sky/SkyManager.cs
 0.1 kb	 0.0% Packages/com.unity.render-pipelines.high-definition/Runtime/Sky/GradientSky/GradientSky.cs
 0.1 kb	 0.0% Packages/com.unity.render-pipelines.high-definition/Runtime/Sky/CloudSystem/CloudLayer/CloudLayer.cs
 0.1 kb	 0.0% Packages/com.unity.render-pipelines.high-definition/Runtime/Settings/LensSettings.cs
 0.1 kb	 0.0% Packages/com.unity.render-pipelines.high-definition/Runtime/RenderPipeline/Utility/BlueNoise.cs
 0.1 kb	 0.0% Packages/com.unity.render-pipelines.high-definition/Runtime/RenderPipeline/RenderPass/MipGenerator.cs
 0.1 kb	 0.0% Packages/com.unity.render-pipelines.high-definition/Runtime/RenderPipeline/RenderPass/CustomPass/CustomPass.cs
 0.1 kb	 0.0% Packages/com.unity.render-pipelines.high-definition/Runtime/RenderPipeline/RenderPass/AOV/AOVRequest.cs
 0.1 kb	 0.0% Packages/com.unity.render-pipelines.high-definition/Runtime/RenderPipeline/Raytracing/LightCluster.cs
 0.1 kb	 0.0% Packages/com.unity.render-pipelines.high-definition/Runtime/RenderPipeline/PathTracing/PathTracing.cs
 0.1 kb	 0.0% Packages/com.unity.render-pipelines.high-definition/Runtime/RenderPipeline/LineRendering/Core/LineRendering.Data.cs
 0.1 kb	 0.0% Packages/com.unity.render-pipelines.high-definition/Runtime/PostProcessing/Components/WhiteBalance.cs
 0.1 kb	 0.0% Packages/com.unity.render-pipelines.high-definition/Runtime/PostProcessing/Components/Tonemapping.cs
 0.1 kb	 0.0% Packages/com.unity.render-pipelines.high-definition/Runtime/PostProcessing/Components/SplitToning.cs
 0.1 kb	 0.0% Packages/com.unity.render-pipelines.high-definition/Runtime/PostProcessing/Components/MotionBlur.cs
 0.1 kb	 0.0% Packages/com.unity.render-pipelines.high-definition/Runtime/PostProcessing/Components/FilmGrain.cs
 0.1 kb	 0.0% Packages/com.unity.render-pipelines.high-definition/Runtime/PostProcessing/Components/DepthOfField.cs
 0.1 kb	 0.0% Packages/com.unity.render-pipelines.high-definition/Runtime/PostProcessing/Components/ColorCurves.cs
 0.1 kb	 0.0% Packages/com.unity.render-pipelines.high-definition/Runtime/PostProcessing/Components/ChannelMixer.cs
 0.1 kb	 0.0% Packages/com.unity.render-pipelines.high-definition/Runtime/Material/Unlit/BaseUnlitAPI.cs
 0.1 kb	 0.0% Packages/com.unity.render-pipelines.high-definition/Runtime/Material/SixWayLit/SixWayAPI.cs
 0.1 kb	 0.0% Packages/com.unity.render-pipelines.high-definition/Runtime/Material/Lit/BaseLitAPI.cs
 0.1 kb	 0.0% Packages/com.unity.render-pipelines.high-definition/Runtime/Material/LTCAreaLight/LTCAreaLight.cs
 0.1 kb	 0.0% Packages/com.unity.render-pipelines.high-definition/Runtime/Material/GGXConvolution/IBLFilterGGX.cs
 0.1 kb	 0.0% Packages/com.unity.render-pipelines.high-definition/Runtime/Material/FogVolume/FogVolumeAPI.cs
 0.1 kb	 0.0% Packages/com.unity.render-pipelines.high-definition/Runtime/Material/Decal/DecalSystem.cs
 0.1 kb	 0.0% Packages/com.unity.render-pipelines.high-definition/Runtime/Lighting/Reflection/Volume/ProxyVolume.cs
 0.1 kb	 0.0% Packages/com.unity.render-pipelines.high-definition/Runtime/Debug/DebugOverlay.cs
 0.1 kb	 0.0% Packages/com.unity.render-pipelines.high-definition/Runtime/Core/Textures/TextureCache.cs
 0.1 kb	 0.0% Packages/com.unity.render-pipelines.core/Runtime/XR/XRVisibleMesh.cs
 0.1 kb	 0.0% Packages/com.unity.render-pipelines.core/Runtime/XR/XROcclusionMesh.cs
 0.1 kb	 0.0% Packages/com.unity.render-pipelines.core/Runtime/XR/XRLayoutStack.cs
 0.1 kb	 0.0% Packages/com.unity.render-pipelines.core/Runtime/UnifiedRayTracing/Compute/RadeonRays/HlbvhTopLevelBuilder.cs
 0.1 kb	 0.0% Packages/com.unity.render-pipelines.core/Runtime/UnifiedRayTracing/Common/Utilities/GraphicsHelpers.cs
 0.1 kb	 0.0% Packages/com.unity.render-pipelines.core/Runtime/UnifiedRayTracing/Common/Utilities/BlockAllocator.cs
 0.1 kb	 0.0% Packages/com.unity.render-pipelines.core/Runtime/UnifiedRayTracing/Common/Utilities/BackendHelpers.cs
 0.1 kb	 0.0% Packages/com.unity.render-pipelines.core/Runtime/UnifiedRayTracing/Common/TerrainToMesh.cs
 0.1 kb	 0.0% Packages/com.unity.render-pipelines.core/Runtime/PathTracing/WriteRenderTexture.cs
 0.1 kb	 0.0% Packages/com.unity.render-pipelines.core/Runtime/PathTracing/UnityComputeWorld.cs
 0.1 kb	 0.0% Packages/com.unity.render-pipelines.core/Runtime/PathTracing/SphericalHarmonicsUtil.cs
 0.1 kb	 0.0% Packages/com.unity.render-pipelines.core/Runtime/PathTracing/LightmappingContext.cs
 0.1 kb	 0.0% Packages/com.unity.render-pipelines.core/Runtime/PathTracing/Lightmapping/UVOverlapDetection.cs
 0.1 kb	 0.0% Packages/com.unity.render-pipelines.core/Runtime/PathTracing/Lightmapping/ChartIdentification.cs
 0.1 kb	 0.0% Packages/com.unity.render-pipelines.core/Runtime/PathTracing/LightmapExpansion.cs
 0.1 kb	 0.0% Packages/com.unity.render-pipelines.core/Runtime/PathTracing/BakeLightmapDriver.cs
 0.1 kb	 0.0% Packages/com.unity.render-pipelines.core/Runtime/Lighting/ProbeVolume/ProbeIndexOfIndices.cs
 0.1 kb	 0.0% Packages/com.unity.render-pipelines.core/Runtime/GPUDriven/RenderersParameters.cs
 0.1 kb	 0.0% Packages/com.unity.render-pipelines.core/Runtime/GPUDriven/LODRenderingUtils.cs
 0.1 kb	 0.0% Packages/com.unity.render-pipelines.core/Runtime/GPUDriven/InstanceData/InstanceDataSystem.cs
 0.1 kb	 0.0% Packages/com.unity.render-pipelines.core/Runtime/GPUDriven/InstanceData/InstanceAllocator.cs
 0.1 kb	 0.0% Packages/com.unity.render-pipelines.core/Runtime/GPUDriven/InstanceCullerBurst.cs
 0.1 kb	 0.0% Packages/com.unity.render-pipelines.core/Runtime/GPUDriven/GPUResidentDrawer.cs
 0.1 kb	 0.0% Packages/com.unity.render-pipelines.core/Runtime/GPUDriven/GPUResidentBatcher.cs
 0.1 kb	 0.0% Packages/com.unity.inputsystem/InputSystem/Utilities/Observables/ForDeviceEventObservable.cs
 0.1 kb	 0.0% Packages/com.unity.inputsystem/InputSystem/Plugins/XR/Haptics/SendHapticImpulseCommand.cs
 0.1 kb	 0.0% Packages/com.unity.inputsystem/InputSystem/Plugins/Android/AndroidSensors.cs
 0.1 kb	 0.0% Packages/com.unity.inputsystem/InputSystem/Editor/AssetEditor/NameAndParameterListView.cs
 0.1 kb	 0.0% Packages/com.unity.inputsystem/InputSystem/Controls/Processors/StickDeadzoneProcessor.cs
 0.1 kb	 0.0% Packages/com.unity.inputsystem/InputSystem/Controls/Processors/ScaleVector3Processor.cs
 0.1 kb	 0.0% Packages/com.unity.inputsystem/InputSystem/Controls/Processors/ScaleVector2Processor.cs
 0.1 kb	 0.0% Packages/com.unity.inputsystem/InputSystem/Controls/Processors/InvertVector3Processor.cs
 0.1 kb	 0.0% Packages/com.unity.inputsystem/InputSystem/Controls/Processors/InvertVector2Processor.cs
 0.1 kb	 0.0% Packages/com.unity.inputsystem/InputSystem/Controls/Processors/AxisDeadzoneProcessor.cs
 0.1 kb	 0.0% Packages/com.unity.inputsystem/InputSystem/Actions/Composites/TwoModifiersComposite.cs
 0.1 kb	 0.0% Packages/com.unity.inputsystem/InputSystem/Actions/Composites/ButtonWithTwoModifiers.cs
 0.1 kb	 0.0% Packages/com.unity.inputsystem/InputSystem/Actions/Composites/ButtonWithOneModifier.cs
 0.1 kb	 0.0% Packages/com.unity.collections/Unity.Collections/UnsafeScratchAllocator.cs
 0.1 kb	 0.0% Packages/com.unity.collections/Unity.Collections/NativeParallelHashMapExtensions.cs
 0.1 kb	 0.0% Packages/com.unity.ugui/Runtime/TMP/TMP_SpriteAssetImportFormats.cs
 0.1 kb	 0.0% Packages/com.unity.shadergraph/ShaderGraphLibrary/DummyShaderGraphLibrary.cs
 0.1 kb	 0.0% Packages/com.unity.render-pipelines.high-definition/Runtime/VFXGraph/Utility/PropertyBinders/HDRPCameraBinder.cs
 0.1 kb	 0.0% Packages/com.unity.render-pipelines.high-definition/Runtime/RenderPipeline/XR/GlobalXRSettings.cs
 0.1 kb	 0.0% Packages/com.unity.render-pipelines.high-definition/Runtime/RenderPipeline/LineRendering/Core/LineRendering.cs
 0.1 kb	 0.0% Packages/com.unity.render-pipelines.high-definition/Runtime/Material/LTCAreaLight/BRDF/BRDF_GGX.cs
 0.1 kb	 0.0% Packages/com.unity.render-pipelines.high-definition/Runtime/Material/Builtin/BuiltinData.cs
 0.1 kb	 0.0% Packages/com.unity.render-pipelines.high-definition/Runtime/Debug/ClearDebugBuffer.compute
 0.1 kb	 0.0% Packages/com.unity.render-pipelines.core/Runtime/Utilities/SweepLineRectUtils.cs
 0.1 kb	 0.0% Packages/com.unity.render-pipelines.core/Runtime/Utilities/SceneRenderPipeline.cs
 0.1 kb	 0.0% Packages/com.unity.render-pipelines.core/Runtime/Utilities/MaterialQuality.cs
 0.1 kb	 0.0% Packages/com.unity.render-pipelines.core/Runtime/Utilities/CullContextData.cs
 0.1 kb	 0.0% Packages/com.unity.render-pipelines.core/Runtime/Utilities/CameraCaptureBridge.cs
 0.1 kb	 0.0% Packages/com.unity.render-pipelines.core/Runtime/ShaderGenerator/ShaderGeneratorAttributes.cs
 0.1 kb	 0.0% Packages/com.unity.render-pipelines.core/Runtime/RenderGraph/RenderGraph.cs
 0.1 kb	 0.0% Packages/com.unity.render-pipelines.core/Runtime/PostProcessing/LensFlareCommonSRP.cs
 0.1 kb	 0.0% Packages/com.unity.render-pipelines.core/Runtime/PathTracing/WorldResources.cs
 0.1 kb	 0.0% Packages/com.unity.render-pipelines.core/Runtime/LookDev/IDataProvider.cs
 0.1 kb	 0.0% Packages/com.unity.render-pipelines.core/Runtime/Lighting/SphericalHarmonics.cs
 0.1 kb	 0.0% Packages/com.unity.render-pipelines.core/Runtime/Lighting/ProbeVolume/ProbeVolumesOptions.cs
 0.1 kb	 0.0% Packages/com.unity.render-pipelines.core/Runtime/Lighting/ProbeVolume/ProbeVolumeSceneData.cs
 0.1 kb	 0.0% Packages/com.unity.render-pipelines.core/Runtime/Lighting/ProbeVolume/ProbeVolumeGIContributor.cs
 0.1 kb	 0.0% Packages/com.unity.render-pipelines.core/Runtime/Lighting/ProbeVolume/ProbeVolumeBakingSet.cs
 0.1 kb	 0.0% Packages/com.unity.render-pipelines.core/Runtime/Lighting/ProbeVolume/ProbeVolumeAsset.cs
 0.1 kb	 0.0% Packages/com.unity.render-pipelines.core/Runtime/Lighting/ProbeVolume/ProbeReferenceVolume.cs
 0.1 kb	 0.0% Packages/com.unity.render-pipelines.core/Runtime/Documentation.cs
 0.1 kb	 0.0% Packages/com.unity.render-pipelines.core/Runtime/Debugging/Prefabs/Scripts/DebugUIHandlerWidget.cs
 0.1 kb	 0.0% Packages/com.unity.render-pipelines.core/Runtime/Debugging/Prefabs/Scripts/DebugUIHandlerValue.cs
 0.1 kb	 0.0% Packages/com.unity.render-pipelines.core/Runtime/Debugging/Prefabs/Scripts/DebugUIHandlerVBox.cs
 0.1 kb	 0.0% Packages/com.unity.render-pipelines.core/Runtime/Debugging/Prefabs/Scripts/DebugUIHandlerToggle.cs
 0.1 kb	 0.0% Packages/com.unity.render-pipelines.core/Runtime/Debugging/Prefabs/Scripts/DebugUIHandlerRow.cs
 0.1 kb	 0.0% Packages/com.unity.render-pipelines.core/Runtime/Debugging/Prefabs/Scripts/DebugUIHandlerPanel.cs
 0.1 kb	 0.0% Packages/com.unity.render-pipelines.core/Runtime/Debugging/Prefabs/Scripts/DebugUIHandlerObject.cs
 0.1 kb	 0.0% Packages/com.unity.render-pipelines.core/Runtime/Debugging/Prefabs/Scripts/DebugUIHandlerHBox.cs
 0.1 kb	 0.0% Packages/com.unity.render-pipelines.core/Runtime/Debugging/Prefabs/Scripts/DebugUIHandlerGroup.cs
 0.1 kb	 0.0% Packages/com.unity.render-pipelines.core/Runtime/Debugging/Prefabs/Scripts/DebugUIHandlerColor.cs
 0.1 kb	 0.0% Packages/com.unity.render-pipelines.core/Runtime/Debugging/Prefabs/Scripts/DebugUIHandlerCanvas.cs
 0.1 kb	 0.0% Packages/com.unity.render-pipelines.core/Runtime/Debugging/Prefabs/Scripts/DebugUIHandlerButton.cs
 0.1 kb	 0.0% Packages/com.unity.render-pipelines.core/Runtime/Debugging/MousePositionDebug.cs
 0.1 kb	 0.0% Packages/com.unity.render-pipelines.core/Runtime/Debugging/IVolumeDebugSettings.cs
 0.1 kb	 0.0% Packages/com.unity.render-pipelines.core/Runtime/Debugging/FrameTiming/FrameTimeBottleneck.cs
 0.1 kb	 0.0% Packages/com.unity.render-pipelines.core/Runtime/Common/Swap.Extensions.cs
 0.1 kb	 0.0% Packages/com.unity.render-pipelines.core/Runtime/Common/ReloadGroupAttribute.cs
 0.1 kb	 0.0% Packages/com.unity.render-pipelines.core/Runtime/Common/CommandBufferPool.cs
 0.1 kb	 0.0% Packages/com.unity.render-pipelines.core/Runtime/CommandBuffers/UnsafeCommandBuffer.cs
 0.1 kb	 0.0% Packages/com.unity.render-pipelines.core/Runtime/CommandBuffers/RasterCommandBuffer.cs
 0.1 kb	 0.0% Packages/com.unity.render-pipelines.core/Runtime/CommandBuffers/IUnsafeCommandBuffer.cs
 0.1 kb	 0.0% Packages/com.unity.render-pipelines.core/Runtime/CommandBuffers/IRasterCommandBuffer.cs
 0.1 kb	 0.0% Packages/com.unity.render-pipelines.core/Runtime/CommandBuffers/IBaseCommandBuffer.cs
 0.1 kb	 0.0% Packages/com.unity.render-pipelines.core/Runtime/CommandBuffers/ComputeCommandBuffer.cs
 0.1 kb	 0.0% Packages/com.unity.render-pipelines.core/Runtime/CommandBuffers/CommandBufferHelpers.cs
 0.1 kb	 0.0% Packages/com.unity.inputsystem/InputSystem/State/IInputStateChangeMonitor.cs
 0.1 kb	 0.0% Packages/com.unity.inputsystem/InputSystem/Plugins/iOS/IOSGameController.cs
 0.1 kb	 0.0% Packages/com.unity.inputsystem/InputSystem/Plugins/XInput/XInputControllerWindows.cs
 0.1 kb	 0.0% Packages/com.unity.inputsystem/InputSystem/Plugins/Users/InputUserAccountHandle.cs
 0.1 kb	 0.0% Packages/com.unity.inputsystem/InputSystem/Plugins/Switch/SwitchProControllerHID.cs
 0.1 kb	 0.0% Packages/com.unity.inputsystem/InputSystem/Plugins/PlayerInput/PlayerInputManagerEditor.cs
 0.1 kb	 0.0% Packages/com.unity.inputsystem/InputSystem/Plugins/OSX/OSXGameController.cs
 0.1 kb	 0.0% Packages/com.unity.inputsystem/InputSystem/Plugins/EnhancedTouch/EnhancedTouchSupport.cs
 0.1 kb	 0.0% Packages/com.unity.inputsystem/InputSystem/Events/DeviceConfigurationEvent.cs
 0.1 kb	 0.0% Packages/com.unity.inputsystem/InputSystem/Editor/UITKAssetEditor/Views/VisualElementExtensions.cs
 0.1 kb	 0.0% Packages/com.unity.inputsystem/InputSystem/Editor/UITKAssetEditor/Views/InputActionsTreeViewItem.cs
 0.1 kb	 0.0% Packages/com.unity.inputsystem/InputSystem/Editor/UITKAssetEditor/Views/InputActionsEditorView.cs
 0.1 kb	 0.0% Packages/com.unity.inputsystem/InputSystem/Editor/UITKAssetEditor/Views/BindingPropertiesView.cs
 0.1 kb	 0.0% Packages/com.unity.inputsystem/InputSystem/Editor/UITKAssetEditor/SerializedInputBinding.cs
 0.1 kb	 0.0% Packages/com.unity.inputsystem/InputSystem/Editor/UITKAssetEditor/SerializedInputActionMap.cs
 0.1 kb	 0.0% Packages/com.unity.inputsystem/InputSystem/Editor/UITKAssetEditor/SerializedInputAction.cs
 0.1 kb	 0.0% Packages/com.unity.inputsystem/InputSystem/Editor/UITKAssetEditor/InputActionsEditorWindow.cs
 0.1 kb	 0.0% Packages/com.unity.inputsystem/InputSystem/Editor/UITKAssetEditor/InputActionsEditorState.cs
 0.1 kb	 0.0% Packages/com.unity.inputsystem/InputSystem/Editor/UITKAssetEditor/Commands/ControlSchemeCommands.cs
 0.1 kb	 0.0% Packages/com.unity.inputsystem/InputSystem/Editor/Settings/InputSettingsProvider.cs
 0.1 kb	 0.0% Packages/com.unity.inputsystem/InputSystem/Editor/Settings/InputEditorUserSettings.cs
 0.1 kb	 0.0% Packages/com.unity.inputsystem/InputSystem/Editor/PropertyDrawers/InputControlPathDrawer.cs
 0.1 kb	 0.0% Packages/com.unity.inputsystem/InputSystem/Editor/PropertyDrawers/InputActionDrawerBase.cs
 0.1 kb	 0.0% Packages/com.unity.inputsystem/InputSystem/Editor/PropertyDrawers/InputActionAssetDrawer.cs
 0.1 kb	 0.0% Packages/com.unity.inputsystem/InputSystem/Editor/ProjectWideActions/ProjectWideActionsAsset.cs
 0.1 kb	 0.0% Packages/com.unity.inputsystem/InputSystem/Editor/Internal/AdvancedDropdown/AdvancedDropdownWindow.cs
 0.1 kb	 0.0% Packages/com.unity.inputsystem/InputSystem/Editor/Internal/AdvancedDropdown/AdvancedDropdownState.cs
 0.1 kb	 0.0% Packages/com.unity.inputsystem/InputSystem/Editor/InputSystemPluginControl.cs
 0.1 kb	 0.0% Packages/com.unity.inputsystem/InputSystem/Editor/InputLayoutCodeGenerator.cs
 0.1 kb	 0.0% Packages/com.unity.inputsystem/InputSystem/Editor/InputAssetEditorUtils.cs
 0.1 kb	 0.0% Packages/com.unity.inputsystem/InputSystem/Editor/Debugger/InputLatencyCalculator.cs
 0.1 kb	 0.0% Packages/com.unity.inputsystem/InputSystem/Editor/ControlPicker/InputControlPickerState.cs
 0.1 kb	 0.0% Packages/com.unity.inputsystem/InputSystem/Editor/ControlPicker/InputControlPathEditor.cs
 0.1 kb	 0.0% Packages/com.unity.inputsystem/InputSystem/Editor/ControlPicker/InputControlDropdownItem.cs
 0.1 kb	 0.0% Packages/com.unity.inputsystem/InputSystem/Editor/AssetImporter/InputActionCodeGenerator.cs
 0.1 kb	 0.0% Packages/com.unity.inputsystem/InputSystem/Editor/AssetImporter/InputActionAssetEditor.cs
 0.1 kb	 0.0% Packages/com.unity.inputsystem/InputSystem/Editor/AssetImporter/IInputActionAssetEditor.cs
 0.1 kb	 0.0% Packages/com.unity.inputsystem/InputSystem/Editor/AssetEditor/InputActionAssetManager.cs
 0.1 kb	 0.0% Packages/com.unity.inputsystem/InputSystem/Devices/Remote/RemoteInputPlayerConnection.cs
 0.1 kb	 0.0% Packages/com.unity.inputsystem/InputSystem/Devices/InputDeviceDescription.cs
 0.1 kb	 0.0% Packages/com.unity.inputsystem/InputSystem/Devices/Haptics/DualMotorRumbleCommand.cs
 0.1 kb	 0.0% Packages/com.unity.inputsystem/InputSystem/Devices/Commands/WarpMousePositionCommand.cs
 0.1 kb	 0.0% Packages/com.unity.inputsystem/InputSystem/Devices/Commands/QueryEnabledStateCommand.cs
 0.1 kb	 0.0% Packages/com.unity.inputsystem/InputSystem/Devices/Commands/QueryDimensionsCommand.cs
 0.1 kb	 0.0% Packages/com.unity.inputsystem/InputSystem/Devices/Commands/QueryCanRunInBackground.cs
 0.1 kb	 0.0% Packages/com.unity.inputsystem/InputSystem/Devices/Commands/IInputDeviceCommandInfo.cs
 0.1 kb	 0.0% Packages/com.unity.inputsystem/InputSystem/Controls/InputControlAttribute.cs
 0.1 kb	 0.0% Packages/com.unity.inputsystem/InputSystem/Controls/DiscreteButtonControl.cs
 0.1 kb	 0.0% Packages/com.unity.inputsystem/InputSystem/Actions/InputBindingCompositeContext.cs
 0.1 kb	 0.0% Packages/com.unity.inputsystem/InputSystem/Actions/InputActionSetupExtensions.cs
 0.1 kb	 0.0% Packages/com.unity.inputsystem/InputSystem/Actions/InputActionParameters.cs
 0.1 kb	 0.0% Packages/com.unity.collections/Unity.Collections/UnsafeAtomicCounter.cs
 0.1 kb	 0.0% Packages/com.unity.visualeffectgraph/Runtime/Utilities/PropertyBinding/VFXPropertyBinder.cs
 0.1 kb	 0.0% Packages/com.unity.visualeffectgraph/Runtime/Utilities/PropertyBinding/VFXBinderAttribute.cs
 0.1 kb	 0.0% Packages/com.unity.visualeffectgraph/Runtime/Utilities/PropertyBinding/Implementation/VFXVelocityBinder.cs
 0.1 kb	 0.0% Packages/com.unity.visualeffectgraph/Runtime/Utilities/PropertyBinding/Implementation/VFXUIToggleBinder.cs
 0.1 kb	 0.0% Packages/com.unity.visualeffectgraph/Runtime/Utilities/PropertyBinding/Implementation/VFXUISliderBinder.cs
 0.1 kb	 0.0% Packages/com.unity.visualeffectgraph/Runtime/Utilities/PropertyBinding/Implementation/VFXUIDropdownBinder.cs
 0.1 kb	 0.0% Packages/com.unity.visualeffectgraph/Runtime/Utilities/PropertyBinding/Implementation/VFXTransformBinder.cs
 0.1 kb	 0.0% Packages/com.unity.visualeffectgraph/Runtime/Utilities/PropertyBinding/Implementation/VFXSpaceableBinder.cs
 0.1 kb	 0.0% Packages/com.unity.visualeffectgraph/Runtime/Utilities/PropertyBinding/Implementation/VFXPositionBinder.cs
 0.1 kb	 0.0% Packages/com.unity.visualeffectgraph/Runtime/Utilities/PropertyBinding/Implementation/VFXInputTouchBinder.cs
 0.1 kb	 0.0% Packages/com.unity.visualeffectgraph/Runtime/Utilities/PropertyBinding/Implementation/VFXInputMouseBinder.cs
 0.1 kb	 0.0% Packages/com.unity.visualeffectgraph/Runtime/Utilities/PropertyBinding/Implementation/VFXInputKeyBinder.cs
 0.1 kb	 0.0% Packages/com.unity.visualeffectgraph/Runtime/Utilities/PropertyBinding/Implementation/VFXInputButtonBinder.cs
 0.1 kb	 0.0% Packages/com.unity.visualeffectgraph/Runtime/Utilities/PropertyBinding/Implementation/VFXInputAxisBinder.cs
 0.1 kb	 0.0% Packages/com.unity.visualeffectgraph/Runtime/Utilities/EventBinding/VFXEventBinderBase.cs
 0.1 kb	 0.0% Packages/com.unity.visualeffectgraph/Runtime/Utilities/EventBinding/Implementation/VFXMouseEventBinder.cs
 0.1 kb	 0.0% Packages/com.unity.ugui/Runtime/UGUI/UI/Core/Layout/HorizontalOrVerticalLayoutGroup.cs
 0.1 kb	 0.0% Packages/com.unity.render-pipelines.high-definition/Runtime/Utilities/TypeInfo.cs
 0.1 kb	 0.0% Packages/com.unity.render-pipelines.high-definition/Runtime/Sky/HDRISky/HDRISky.cs
 0.1 kb	 0.0% Packages/com.unity.render-pipelines.high-definition/Runtime/RenderPipeline/Utility/HDUtils.cs
 0.1 kb	 0.0% Packages/com.unity.render-pipelines.high-definition/Runtime/RenderPipeline/RenderPass/FSR2Pass.cs
 0.1 kb	 0.0% Packages/com.unity.render-pipelines.high-definition/Runtime/RenderPipeline/RenderPass/DLSSPass.cs
 0.1 kb	 0.0% Packages/com.unity.render-pipelines.high-definition/Runtime/RenderPipeline/Camera/HDCamera.cs
 0.1 kb	 0.0% Packages/com.unity.render-pipelines.high-definition/Runtime/PostProcessing/Components/Vignette.cs
 0.1 kb	 0.0% Packages/com.unity.render-pipelines.high-definition/Runtime/PostProcessing/Components/Exposure.cs
 0.1 kb	 0.0% Packages/com.unity.render-pipelines.high-definition/Runtime/PostProcessing/Components/Bloom.cs
 0.1 kb	 0.0% Packages/com.unity.render-pipelines.high-definition/Runtime/Material/Water/Water.cs
 0.1 kb	 0.0% Packages/com.unity.render-pipelines.high-definition/Runtime/Material/Unlit/UnlitAPI.cs
 0.1 kb	 0.0% Packages/com.unity.render-pipelines.high-definition/Runtime/Material/Unlit/Unlit.cs
 0.1 kb	 0.0% Packages/com.unity.render-pipelines.high-definition/Runtime/Material/StackLit/StackLit.cs
 0.1 kb	 0.0% Packages/com.unity.render-pipelines.high-definition/Runtime/Material/SixWayLit/SixWaySmokeLit.cs
 0.1 kb	 0.0% Packages/com.unity.render-pipelines.high-definition/Runtime/Material/Lit/LitAPI.cs
 0.1 kb	 0.0% Packages/com.unity.render-pipelines.high-definition/Runtime/Material/Fabric/Fabric.cs
 0.1 kb	 0.0% Packages/com.unity.render-pipelines.high-definition/Runtime/Material/Decal/DecalAPI.cs
 0.1 kb	 0.0% Packages/com.unity.render-pipelines.high-definition/Runtime/Material/Decal/Decal.cs
 0.1 kb	 0.0% Packages/com.unity.render-pipelines.high-definition/Runtime/Material/AxF/AxFAPI.cs
 0.1 kb	 0.0% Packages/com.unity.render-pipelines.high-definition/Runtime/Lighting/Reflection/HDProbe.cs
 0.1 kb	 0.0% Packages/com.unity.render-pipelines.core/Runtime/XR/XRMirrorView.cs
 0.1 kb	 0.0% Packages/com.unity.render-pipelines.core/Runtime/Utilities/GPUPrefixSum/GPUPrefixSum.ShaderIDs.cs
 0.1 kb	 0.0% Packages/com.unity.render-pipelines.core/Runtime/UnifiedRayTracing/Compute/RadeonRays/RestructureBvh.cs
 0.1 kb	 0.0% Packages/com.unity.render-pipelines.core/Runtime/UnifiedRayTracing/Compute/RadeonRays/RadeonRaysAPI.cs
 0.1 kb	 0.0% Packages/com.unity.render-pipelines.core/Runtime/UnifiedRayTracing/Common/GeometryPool/GeometryPool.cs
 0.1 kb	 0.0% Packages/com.unity.render-pipelines.core/Runtime/PathTracing/UVFallbackBuffer.cs
 0.1 kb	 0.0% Packages/com.unity.render-pipelines.core/Runtime/PathTracing/SegmentedReduction.cs
 0.1 kb	 0.0% Packages/com.unity.render-pipelines.core/Runtime/PathTracing/ProbeIntegrator.cs
 0.1 kb	 0.0% Packages/com.unity.render-pipelines.core/Runtime/PathTracing/MaterialPool/MaterialAspectOracle.cs
 0.1 kb	 0.0% Packages/com.unity.render-pipelines.core/Runtime/PathTracing/ManyLightSampling.cs
 0.1 kb	 0.0% Packages/com.unity.render-pipelines.core/Runtime/PathTracing/Lightmapping/ChartRasterizer.cs
 0.1 kb	 0.0% Packages/com.unity.render-pipelines.core/Runtime/PathTracing/Core/TextureSlotAllocator.cs
 0.1 kb	 0.0% Packages/com.unity.render-pipelines.core/Runtime/PathTracing/BakeLightmap.cs
 0.1 kb	 0.0% Packages/com.unity.render-pipelines.core/Runtime/GPUDriven/Utilities/ParallelBitArray.cs
 0.1 kb	 0.0% Packages/com.unity.render-pipelines.core/Runtime/GPUDriven/Utilities/MemoryUtilities.cs
 0.1 kb	 0.0% Packages/com.unity.render-pipelines.core/Runtime/GPUDriven/LODGroupDataPool.cs
 0.1 kb	 0.0% Packages/com.unity.render-pipelines.core/Runtime/GPUDriven/InstanceCuller.cs
 0.1 kb	 0.0% Packages/com.unity.render-pipelines.core/Runtime/Deprecated.cs
 0.1 kb	 0.0% Packages/com.unity.render-pipelines.core/Runtime/Common/CoreAttributes.cs
 0.1 kb	 0.0% Packages/com.unity.render-pipelines.core/Runtime/CommandBuffers/BaseCommandBufer.cs
 0.1 kb	 0.0% Packages/com.unity.inputsystem/InputSystem/Utilities/NameAndParameters.cs
 0.1 kb	 0.0% Packages/com.unity.inputsystem/InputSystem/Utilities/CSharpCodeHelpers.cs
 0.1 kb	 0.0% Packages/com.unity.inputsystem/InputSystem/Plugins/UI/TrackedDeviceRaycaster.cs
 0.1 kb	 0.0% Packages/com.unity.inputsystem/InputSystem/Plugins/UI/MultiplayerEventSystem.cs
 0.1 kb	 0.0% Packages/com.unity.inputsystem/InputSystem/Plugins/UI/InputSystemUIInputModule.cs
 0.1 kb	 0.0% Packages/com.unity.inputsystem/InputSystem/Plugins/UI/ExtendedPointerEventData.cs
 0.1 kb	 0.0% Packages/com.unity.inputsystem/InputSystem/Plugins/UI/ExtendedAxisEventData.cs
 0.1 kb	 0.0% Packages/com.unity.inputsystem/InputSystem/Plugins/HID/HIDDescriptorWindow.cs
 0.1 kb	 0.0% Packages/com.unity.inputsystem/InputSystem/Plugins/DualShock/IDualShockHaptics.cs
 0.1 kb	 0.0% Packages/com.unity.inputsystem/InputSystem/Editor/AssetEditor/ParameterListView.cs
 0.1 kb	 0.0% Packages/com.unity.inputsystem/InputSystem/Editor/AssetEditor/InputActionTreeViewItems.cs
 0.1 kb	 0.0% Packages/com.unity.inputsystem/InputSystem/Controls/Processors/NormalizeProcessor.cs
 0.1 kb	 0.0% Packages/com.unity.inputsystem/InputSystem/Actions/Interactions/SlowTapInteraction.cs
 0.1 kb	 0.0% Packages/com.unity.inputsystem/InputSystem/Actions/Interactions/MultiTapInteraction.cs
 0.1 kb	 0.0% Packages/com.unity.inputsystem/InputSystem/Actions/Composites/OneModifierComposite.cs
 0.1 kb	 0.0% Packages/com.unity.collections/Unity.Collections/UnsafeUtilityEx.cs
 0.1 kb	 0.0% Packages/com.unity.collections/Unity.Collections/UnsafeAppendBuffer.cs
 0.1 kb	 0.0% Packages/com.unity.collections/Unity.Collections/NativeParallelHashSetExtensions.gen.cs
 0.1 kb	 0.0% Packages/com.unity.collections/Unity.Collections/Jobs/RegisterGenericJobTypeAttribute.cs
 0.1 kb	 0.0% Packages/com.unity.collections/Unity.Collections/DoubleRewindableAllocators.cs
 0.1 kb	 0.0% Packages/com.unity.collections/Unity.Collections/DataStreamExtensions.cs
 0.1 kb	 0.0% Packages/com.unity.ugui/Runtime/TMP/TMP_DynamicFontAssetUtilities.cs
 0.1 kb	 0.0% Packages/com.unity.render-pipelines.high-definition/Runtime/Core/Textures/EncodeBC6H.cs
 0.1 kb	 0.0% Packages/com.unity.render-pipelines.core/Runtime/XR/XRSRPSettings.cs
 0.1 kb	 0.0% Packages/com.unity.render-pipelines.core/Runtime/Volume/VolumeProfile.cs
 0.1 kb	 0.0% Packages/com.unity.render-pipelines.core/Runtime/Volume/VolumeParameter.cs
 0.1 kb	 0.0% Packages/com.unity.render-pipelines.core/Runtime/Volume/VolumeManager.cs
 0.1 kb	 0.0% Packages/com.unity.render-pipelines.core/Runtime/Volume/VolumeDebugData.cs
 0.1 kb	 0.0% Packages/com.unity.render-pipelines.core/Runtime/Volume/VolumeComponent.cs
 0.1 kb	 0.0% Packages/com.unity.render-pipelines.core/Runtime/Volume/VolumeCollection.cs
 0.1 kb	 0.0% Packages/com.unity.render-pipelines.core/Runtime/Volume/KeyframeUtility.cs
 0.1 kb	 0.0% Packages/com.unity.render-pipelines.core/Runtime/Utilities/TileLayoutUtils.cs
 0.1 kb	 0.0% Packages/com.unity.render-pipelines.core/Runtime/Utilities/TextureGradient.cs
 0.1 kb	 0.0% Packages/com.unity.render-pipelines.core/Runtime/Utilities/ResourceReloader.cs
 0.1 kb	 0.0% Packages/com.unity.render-pipelines.core/Runtime/Utilities/LightUnitUtils.cs
 0.1 kb	 0.0% Packages/com.unity.render-pipelines.core/Runtime/Utilities/HaltonSequence.cs
 0.1 kb	 0.0% Packages/com.unity.render-pipelines.core/Runtime/Utilities/HDROutputUtils.cs
 0.1 kb	 0.0% Packages/com.unity.render-pipelines.core/Runtime/Utilities/GPUPrefixSum/GPUPrefixSum.Data.cs
 0.1 kb	 0.0% Packages/com.unity.render-pipelines.core/Runtime/Utilities/DelegateUtility.cs
 0.1 kb	 0.0% Packages/com.unity.render-pipelines.core/Runtime/Utilities/CoreMatrixUtils.cs
 0.1 kb	 0.0% Packages/com.unity.render-pipelines.core/Runtime/Utilities/ColorSpaceUtils.cs
 0.1 kb	 0.0% Packages/com.unity.render-pipelines.core/Runtime/Utilities/ArrayExtensions.cs
 0.1 kb	 0.0% Packages/com.unity.render-pipelines.core/Runtime/Textures/Texture2DAtlas.cs
 0.1 kb	 0.0% Packages/com.unity.render-pipelines.core/Runtime/Textures/RTHandleSystem.cs
 0.1 kb	 0.0% Packages/com.unity.render-pipelines.core/Runtime/Sampling/SobolData.cs
 0.1 kb	 0.0% Packages/com.unity.render-pipelines.core/Runtime/RenderPipeline/IVolumetricCloud.cs
 0.1 kb	 0.0% Packages/com.unity.render-pipelines.core/Runtime/RenderPipeline/ICloudBackground.cs
 0.1 kb	 0.0% Packages/com.unity.render-pipelines.core/Runtime/RenderGraph/RenderGraphCompilationCache.cs
 0.1 kb	 0.0% Packages/com.unity.render-pipelines.core/Runtime/PostProcessing/LensFlareDataSRP.cs
 0.1 kb	 0.0% Packages/com.unity.render-pipelines.core/Runtime/Lighting/ProbeVolume/ProbeVolumeUtil.cs
 0.1 kb	 0.0% Packages/com.unity.render-pipelines.core/Runtime/Lighting/ProbeVolume/ProbeBrickPool.cs
 0.1 kb	 0.0% Packages/com.unity.render-pipelines.core/Runtime/Lighting/ProbeVolume/ProbeBrickIndex.cs
 0.1 kb	 0.0% Packages/com.unity.render-pipelines.core/Runtime/GPUDriven/InstanceData/InstanceType.cs
 0.1 kb	 0.0% Packages/com.unity.render-pipelines.core/Runtime/GPUDriven/InstanceData/InstanceData.cs
 0.1 kb	 0.0% Packages/com.unity.render-pipelines.core/Runtime/Debugging/ProfilingScope.cs
 0.1 kb	 0.0% Packages/com.unity.render-pipelines.core/Runtime/Debugging/FrameTiming/FrameTimeSample.cs
 0.1 kb	 0.0% Packages/com.unity.render-pipelines.core/Runtime/Debugging/DebugManager.UIState.cs
 0.1 kb	 0.0% Packages/com.unity.render-pipelines.core/Runtime/Debugging/DebugManager.Actions.cs
 0.1 kb	 0.0% Packages/com.unity.render-pipelines.core/Runtime/Debugging/DebugFrameTiming.cs
 0.1 kb	 0.0% Packages/com.unity.render-pipelines.core/Runtime/Common/SerializableEnum.cs
 0.1 kb	 0.0% Packages/com.unity.render-pipelines.core/Runtime/Common/ReloadAttribute.cs
 0.1 kb	 0.0% Packages/com.unity.render-pipelines.core/Runtime/Common/IAdditionalData.cs
 0.1 kb	 0.0% Packages/com.unity.render-pipelines.core/Runtime/Common/DynamicString.cs
 0.1 kb	 0.0% Packages/com.unity.render-pipelines.core/Runtime/Common/CoreUnsafeUtils.cs
 0.1 kb	 0.0% Packages/com.unity.render-pipelines.core/Runtime/Common/ContextContainer.cs
 0.1 kb	 0.0% Packages/com.unity.render-pipelines.core/Runtime/Common/ConstantBuffer.cs
 0.1 kb	 0.0% Packages/com.unity.render-pipelines.core/Runtime/Camera/CameraSwitcher.cs
 0.1 kb	 0.0% Packages/com.unity.inputsystem/InputSystem/Utilities/Comparers.cs
 0.1 kb	 0.0% Packages/com.unity.inputsystem/InputSystem/State/InputStateHistory.cs
 0.1 kb	 0.0% Packages/com.unity.inputsystem/InputSystem/State/InputStateBuffers.cs
 0.1 kb	 0.0% Packages/com.unity.inputsystem/InputSystem/State/IInputStateTypeInfo.cs
 0.1 kb	 0.0% Packages/com.unity.inputsystem/InputSystem/Plugins/iOS/InputSettingsiOSProvider.cs
 0.1 kb	 0.0% Packages/com.unity.inputsystem/InputSystem/Plugins/Users/InputUserSettings.cs
 0.1 kb	 0.0% Packages/com.unity.inputsystem/InputSystem/Plugins/PlayerInput/PlayerInputEditor.cs
 0.1 kb	 0.0% Packages/com.unity.inputsystem/InputSystem/Plugins/EnhancedTouch/TouchSimulation.cs
 0.1 kb	 0.0% Packages/com.unity.inputsystem/InputSystem/NativeInputRuntime.cs
 0.1 kb	 0.0% Packages/com.unity.inputsystem/InputSystem/Events/InputEventListener.cs
 0.1 kb	 0.0% Packages/com.unity.inputsystem/InputSystem/Events/IMECompositionEvent.cs
 0.1 kb	 0.0% Packages/com.unity.inputsystem/InputSystem/Events/IInputEventTypeInfo.cs
 0.1 kb	 0.0% Packages/com.unity.inputsystem/InputSystem/Events/DeviceRemoveEvent.cs
 0.1 kb	 0.0% Packages/com.unity.inputsystem/InputSystem/Editor/UITKAssetEditor/Views/MatchingControlPaths.cs
 0.1 kb	 0.0% Packages/com.unity.inputsystem/InputSystem/Editor/UITKAssetEditor/Views/IViewStateCollection.cs
 0.1 kb	 0.0% Packages/com.unity.inputsystem/InputSystem/Editor/UITKAssetEditor/Views/ControlSchemesView.cs
 0.1 kb	 0.0% Packages/com.unity.inputsystem/InputSystem/Editor/UITKAssetEditor/Views/ActionPropertiesView.cs
 0.1 kb	 0.0% Packages/com.unity.inputsystem/InputSystem/Editor/UITKAssetEditor/EnumerableExtensions.cs
 0.1 kb	 0.0% Packages/com.unity.inputsystem/InputSystem/Editor/PropertyDrawers/InputActionMapDrawer.cs
 0.1 kb	 0.0% Packages/com.unity.inputsystem/InputSystem/Editor/PropertyDrawers/InputActionDrawer.cs
 0.1 kb	 0.0% Packages/com.unity.inputsystem/InputSystem/Editor/Internal/InputEventTreeView.cs
 0.1 kb	 0.0% Packages/com.unity.inputsystem/InputSystem/Editor/Internal/InputControlTreeView.cs
 0.1 kb	 0.0% Packages/com.unity.inputsystem/InputSystem/Editor/Internal/BuildProviderHelpers.cs
 0.1 kb	 0.0% Packages/com.unity.inputsystem/InputSystem/Editor/Internal/AdvancedDropdown/MultiLevelDataSource.cs
 0.1 kb	 0.0% Packages/com.unity.inputsystem/InputSystem/Editor/Internal/AdvancedDropdown/CallbackDataSource.cs
 0.1 kb	 0.0% Packages/com.unity.inputsystem/InputSystem/Editor/Internal/AdvancedDropdown/AdvancedDropdownItem.cs
 0.1 kb	 0.0% Packages/com.unity.inputsystem/InputSystem/Editor/Internal/AdvancedDropdown/AdvancedDropdownGUI.cs
 0.1 kb	 0.0% Packages/com.unity.inputsystem/InputSystem/Editor/InputParameterEditor.cs
 0.1 kb	 0.0% Packages/com.unity.inputsystem/InputSystem/Editor/DeviceSimulator/InputSystemPlugin.cs
 0.1 kb	 0.0% Packages/com.unity.inputsystem/InputSystem/Editor/Debugger/InputDebuggerWindow.cs
 0.1 kb	 0.0% Packages/com.unity.inputsystem/InputSystem/Editor/ControlPicker/InputControlPicker.cs
 0.1 kb	 0.0% Packages/com.unity.inputsystem/InputSystem/Editor/BuildPipeline/LinkFileGenerator.cs
 0.1 kb	 0.0% Packages/com.unity.inputsystem/InputSystem/Editor/AssetImporter/InputActionImporter.cs
 0.1 kb	 0.0% Packages/com.unity.inputsystem/InputSystem/Editor/AssetEditor/PropertiesViewBase.cs
 0.1 kb	 0.0% Packages/com.unity.inputsystem/InputSystem/Editor/AssetEditor/InputActionTreeView.cs
 0.1 kb	 0.0% Packages/com.unity.inputsystem/InputSystem/Editor/Analytics/InputEditorAnalytics.cs
 0.1 kb	 0.0% Packages/com.unity.inputsystem/InputSystem/Editor/Analytics/InputBuildAnalytic.cs
 0.1 kb	 0.0% Packages/com.unity.inputsystem/InputSystem/Devices/InputDeviceMatcher.cs
 0.1 kb	 0.0% Packages/com.unity.inputsystem/InputSystem/Devices/InputDeviceBuilder.cs
 0.1 kb	 0.0% Packages/com.unity.inputsystem/InputSystem/Devices/ITextInputReceiver.cs
 0.1 kb	 0.0% Packages/com.unity.inputsystem/InputSystem/Devices/IEventPreProcessor.cs
 0.1 kb	 0.0% Packages/com.unity.inputsystem/InputSystem/Devices/ICustomDeviceReset.cs
 0.1 kb	 0.0% Packages/com.unity.inputsystem/InputSystem/Devices/Commands/RequestSyncCommand.cs
 0.1 kb	 0.0% Packages/com.unity.inputsystem/InputSystem/Devices/Commands/RequestResetCommand.cs
 0.1 kb	 0.0% Packages/com.unity.inputsystem/InputSystem/Devices/Commands/QueryUserIdCommand.cs
 0.1 kb	 0.0% Packages/com.unity.inputsystem/InputSystem/Devices/Commands/QueryKeyNameCommand.cs
 0.1 kb	 0.0% Packages/com.unity.inputsystem/InputSystem/Devices/Commands/InputDeviceCommand.cs
 0.1 kb	 0.0% Packages/com.unity.inputsystem/InputSystem/Devices/Commands/EnableDeviceCommand.cs
 0.1 kb	 0.0% Packages/com.unity.inputsystem/InputSystem/Devices/Commands/DisableDeviceCommand.cs
 0.1 kb	 0.0% Packages/com.unity.inputsystem/InputSystem/Controls/TouchPressControl.cs
 0.1 kb	 0.0% Packages/com.unity.inputsystem/InputSystem/Controls/TouchPhaseControl.cs
 0.1 kb	 0.0% Packages/com.unity.inputsystem/InputSystem/Controls/QuaternionControl.cs
 0.1 kb	 0.0% Packages/com.unity.inputsystem/InputSystem/Controls/InputControlLayout.cs
 0.1 kb	 0.0% Packages/com.unity.inputsystem/InputSystem/Controls/InputControlExtensions.cs
 0.1 kb	 0.0% Packages/com.unity.inputsystem/InputSystem/Actions/InputInteractionContext.cs
 0.1 kb	 0.0% Packages/com.unity.inputsystem/InputSystem/Actions/InputBindingComposite.cs
 0.1 kb	 0.0% Packages/com.unity.inputsystem/InputSystem/Actions/IInputActionCollection.cs
 0.1 kb	 0.0% Packages/com.unity.collections/Unity.Collections/NativeNotBurstCompatible.cs
 0.1 kb	 0.0% Packages/com.unity.visualeffectgraph/Runtime/Utilities/VFXRuntimeResources.cs
 0.1 kb	 0.0% Packages/com.unity.visualeffectgraph/Runtime/Utilities/PropertyBinding/VFXBinderBase.cs
 0.1 kb	 0.0% Packages/com.unity.visualeffectgraph/Runtime/Utilities/PropertyBinding/Implementation/VFXTerrainBinder.cs
 0.1 kb	 0.0% Packages/com.unity.visualeffectgraph/Runtime/Utilities/PropertyBinding/Implementation/VFXSphereBinder.cs
 0.1 kb	 0.0% Packages/com.unity.visualeffectgraph/Runtime/Utilities/PropertyBinding/Implementation/VFXRaycastBinder.cs
 0.1 kb	 0.0% Packages/com.unity.visualeffectgraph/Runtime/Utilities/PropertyBinding/Implementation/VFXPlaneBinder.cs
 0.1 kb	 0.0% Packages/com.unity.visualeffectgraph/Runtime/Utilities/PropertyBinding/Implementation/VFXLightBinder.cs
 0.1 kb	 0.0% Packages/com.unity.visualeffectgraph/Runtime/Utilities/PropertyBinding/Implementation/VFXEnabledBinder.cs
 0.1 kb	 0.0% Packages/com.unity.visualeffectgraph/Runtime/Utilities/PropertyBinding/ExposedProperty.cs
 0.1 kb	 0.0% Packages/com.unity.visualeffectgraph/Runtime/CustomSpawners/SpawnOverDistance.cs
 0.1 kb	 0.0% Packages/com.unity.ugui/Runtime/UGUI/EventSystem/UIElements/WorldDocumentRaycaster.cs
 0.1 kb	 0.0% Packages/com.unity.ugui/Runtime/UGUI/EventSystem/InputModules/StandaloneInputModule.cs
 0.1 kb	 0.0% Packages/com.unity.render-pipelines.high-definition/Runtime/Material/Lit/Lit.cs
 0.1 kb	 0.0% Packages/com.unity.render-pipelines.high-definition/Runtime/Material/Hair/Hair.cs
 0.1 kb	 0.0% Packages/com.unity.render-pipelines.high-definition/Runtime/Material/Eye/Eye.cs
 0.1 kb	 0.0% Packages/com.unity.render-pipelines.high-definition/Runtime/Material/AxF/AxF.cs
 0.1 kb	 0.0% Packages/com.unity.render-pipelines.high-definition/Runtime/Lighting/AtmosphericScattering/Fog.cs
 0.1 kb	 0.0% Packages/com.unity.render-pipelines.core/Runtime/XR/XRView.cs
 0.1 kb	 0.0% Packages/com.unity.render-pipelines.core/Runtime/XR/XRSystem.cs
 0.1 kb	 0.0% Packages/com.unity.render-pipelines.core/Runtime/XR/XRPass.cs
 0.1 kb	 0.0% Packages/com.unity.render-pipelines.core/Runtime/XR/XRLayout.cs
 0.1 kb	 0.0% Packages/com.unity.render-pipelines.core/Runtime/UnifiedRayTracing/StringIDs.cs
 0.1 kb	 0.0% Packages/com.unity.render-pipelines.core/Runtime/UnifiedRayTracing/Compute/RadeonRays/RadixSort.cs
 0.1 kb	 0.0% Packages/com.unity.render-pipelines.core/Runtime/UnifiedRayTracing/Compute/RadeonRays/HlbvhBuilder.cs
 0.1 kb	 0.0% Packages/com.unity.render-pipelines.core/Runtime/UnifiedRayTracing/Common/Utilities/Utils.cs
 0.1 kb	 0.0% Packages/com.unity.render-pipelines.core/Runtime/PathTracing/ShaderProperties.cs
 0.1 kb	 0.0% Packages/com.unity.render-pipelines.core/Runtime/PathTracing/LightFalloffLUT.cs
 0.1 kb	 0.0% Packages/com.unity.render-pipelines.core/Runtime/PathTracing/Environment/CubemapRender.cs
 0.1 kb	 0.0% Packages/com.unity.render-pipelines.core/Runtime/PathTracing/Core/TextureQuadTree.cs
 0.1 kb	 0.0% Packages/com.unity.render-pipelines.core/Runtime/GPUDriven/BatchLayers.cs
 0.1 kb	 0.0% Packages/com.unity.render-pipelines.core/Runtime/Debugging/DebugUI.Containers.cs
 0.1 kb	 0.0% Packages/com.unity.inputsystem/InputSystem/Utilities/StringHelpers.cs
 0.1 kb	 0.0% Packages/com.unity.inputsystem/InputSystem/Utilities/SpriteUtilities.cs
 0.1 kb	 0.0% Packages/com.unity.inputsystem/InputSystem/Utilities/PrimitiveValue.cs
 0.1 kb	 0.0% Packages/com.unity.inputsystem/InputSystem/Utilities/PredictiveParser.cs
 0.1 kb	 0.0% Packages/com.unity.inputsystem/InputSystem/Utilities/NumberHelpers.cs
 0.1 kb	 0.0% Packages/com.unity.inputsystem/InputSystem/Utilities/MemoryHelpers.cs
 0.1 kb	 0.0% Packages/com.unity.inputsystem/InputSystem/Utilities/InternedString.cs
 0.1 kb	 0.0% Packages/com.unity.inputsystem/InputSystem/Utilities/ExceptionHelpers.cs
 0.1 kb	 0.0% Packages/com.unity.inputsystem/InputSystem/Utilities/DelegateHelpers.cs
 0.1 kb	 0.0% Packages/com.unity.inputsystem/InputSystem/Plugins/iOS/iOSStepCounter.cs
 0.1 kb	 0.0% Packages/com.unity.inputsystem/InputSystem/Plugins/XR/TrackedPoseDriver.cs
 0.1 kb	 0.0% Packages/com.unity.inputsystem/InputSystem/Plugins/XR/Haptics/BufferedRumble.cs
 0.1 kb	 0.0% Packages/com.unity.inputsystem/InputSystem/Plugins/UI/VirtualMouseInput.cs
 0.1 kb	 0.0% Packages/com.unity.inputsystem/InputSystem/Plugins/UI/INavigationEventData.cs
 0.1 kb	 0.0% Packages/com.unity.inputsystem/InputSystem/Plugins/UI/BaseInputOverride.cs
 0.1 kb	 0.0% Packages/com.unity.inputsystem/InputSystem/Plugins/DualShock/DualShockSupport.cs
 0.1 kb	 0.0% Packages/com.unity.inputsystem/InputSystem/Plugins/DualShock/DualShockGamepad.cs
 0.1 kb	 0.0% Packages/com.unity.inputsystem/InputSystem/Controls/Processors/ScaleProcessor.cs
 0.1 kb	 0.0% Packages/com.unity.inputsystem/InputSystem/Controls/Processors/InvertProcessor.cs
 0.1 kb	 0.0% Packages/com.unity.inputsystem/InputSystem/Controls/Processors/ClampProcessor.cs
 0.1 kb	 0.0% Packages/com.unity.inputsystem/InputSystem/Actions/Interactions/TapInteraction.cs
 0.1 kb	 0.0% Packages/com.unity.inputsystem/InputSystem/Actions/Interactions/PressInteraction.cs
 0.1 kb	 0.0% Packages/com.unity.inputsystem/InputSystem/Actions/Interactions/HoldInteraction.cs
 0.1 kb	 0.0% Packages/com.unity.inputsystem/InputSystem/Actions/InputActionTrace.cs
 0.1 kb	 0.0% Packages/com.unity.inputsystem/InputSystem/Actions/Composites/Vector3Composite.cs
 0.1 kb	 0.0% Packages/com.unity.inputsystem/InputSystem/Actions/Composites/Vector2Composite.cs
 0.1 kb	 0.0% Packages/com.unity.inputsystem/InputSystem/Actions/Composites/AxisComposite.cs
 0.1 kb	 0.0% Packages/com.unity.collections/Unity.Collections/UnsafeBitArray.cs
 0.1 kb	 0.0% Packages/com.unity.collections/Unity.Collections/UTF8ArrayUnsafeUtility.cs
 0.1 kb	 0.0% Packages/com.unity.collections/Unity.Collections/StreamCompressionModel.cs
 0.1 kb	 0.0% Packages/com.unity.collections/Unity.Collections/NativeArrayExtensions.cs
 0.1 kb	 0.0% Packages/com.unity.collections/Unity.Collections/FixedStringInternalMethods.cs
 0.1 kb	 0.0% Packages/com.unity.collections/Unity.Collections/FixedStringFormatMethods.gen.cs
 0.1 kb	 0.0% Packages/com.unity.burst/Runtime/CompilerServices/SkipLocalsInitAttribute.cs
 0.1 kb	 0.0% Packages/com.unity.burst/Runtime/CompilerServices/IgnoreWarningAttribute.cs
 0.1 kb	 0.0% Packages/com.unity.visualeffectgraph/Runtime/Utilities/SDF/MeshToSDFBaker.cs
 0.1 kb	 0.0% Packages/com.unity.ugui/Runtime/TMP/TMP_ScrollbarEventHandler.cs
 0.1 kb	 0.0% Packages/com.unity.ugui/Runtime/TMP/TMP_PackageResourceImporter.cs
 0.1 kb	 0.0% Packages/com.unity.ugui/Runtime/InternalBridge/ObjectUtilsBridge.cs
 0.1 kb	 0.0% Packages/com.unity.render-pipelines.high-definition/Runtime/RenderPipeline/HDDynamicResolution.cs
 0.1 kb	 0.0% Packages/com.unity.render-pipelines.high-definition/Runtime/Core/CoreResources/GPUCopy.cs
 0.1 kb	 0.0% Packages/com.unity.render-pipelines.core/Runtime/Vrs/VrsShaders.cs
 0.1 kb	 0.0% Packages/com.unity.render-pipelines.core/Runtime/Vrs/VrsResources.cs
 0.1 kb	 0.0% Packages/com.unity.render-pipelines.core/Runtime/Volume/VolumeStack.cs
 0.1 kb	 0.0% Packages/com.unity.render-pipelines.core/Runtime/Utilities/TextureCurve.cs
 0.1 kb	 0.0% Packages/com.unity.render-pipelines.core/Runtime/Utilities/MeshGizmo.cs
 0.1 kb	 0.0% Packages/com.unity.render-pipelines.core/Runtime/Utilities/HashFNV1A32.cs
 0.1 kb	 0.0% Packages/com.unity.render-pipelines.core/Runtime/Utilities/HableCurve.cs
 0.1 kb	 0.0% Packages/com.unity.render-pipelines.core/Runtime/Utilities/GPUPrefixSum/GPUPrefixSum.cs
 0.1 kb	 0.0% Packages/com.unity.render-pipelines.core/Runtime/Utilities/CoreUtils.cs
 0.1 kb	 0.0% Packages/com.unity.render-pipelines.core/Runtime/Utilities/ColorUtils.cs
 0.1 kb	 0.0% Packages/com.unity.render-pipelines.core/Runtime/Textures/TextureXR.cs
 0.1 kb	 0.0% Packages/com.unity.render-pipelines.core/Runtime/Textures/RTHandles.cs
 0.1 kb	 0.0% Packages/com.unity.render-pipelines.core/Runtime/Stripping/IStripper.cs
 0.1 kb	 0.0% Packages/com.unity.render-pipelines.core/Runtime/ShaderLibrary/Sampling/Hammersley.cs
 0.1 kb	 0.0% Packages/com.unity.render-pipelines.core/Runtime/Lighting/ProbeVolume/ProbeVolume.cs
 0.1 kb	 0.0% Packages/com.unity.render-pipelines.core/Runtime/GPUDriven/FrustumPlanes.cs
 0.1 kb	 0.0% Packages/com.unity.render-pipelines.core/Runtime/Debugging/Prefabs/Scripts/UIFoldout.cs
 0.1 kb	 0.0% Packages/com.unity.render-pipelines.core/Runtime/Debugging/DebugUpdater.cs
 0.1 kb	 0.0% Packages/com.unity.render-pipelines.core/Runtime/Debugging/DebugUI.Panel.cs
 0.1 kb	 0.0% Packages/com.unity.render-pipelines.core/Runtime/Debugging/DebugUI.Fields.cs
 0.1 kb	 0.0% Packages/com.unity.render-pipelines.core/Runtime/Debugging/DebugShapes.cs
 0.1 kb	 0.0% Packages/com.unity.render-pipelines.core/Runtime/Debugging/DebugOverlay.cs
 0.1 kb	 0.0% Packages/com.unity.render-pipelines.core/Runtime/Debugging/DebugManager.cs
 0.1 kb	 0.0% Packages/com.unity.render-pipelines.core/Runtime/Camera/FreeCamera.cs
 0.1 kb	 0.0% Packages/com.unity.mathematics/Unity.Mathematics/PropertyAttributes.cs
 0.1 kb	 0.0% Packages/com.unity.inputsystem/InputSystem/State/InputStateBlock.cs
 0.1 kb	 0.0% Packages/com.unity.inputsystem/InputSystem/Plugins/iOS/iOSPostProcessBuild.cs
 0.1 kb	 0.0% Packages/com.unity.inputsystem/InputSystem/Plugins/XInput/XInputSupport.cs
 0.1 kb	 0.0% Packages/com.unity.inputsystem/InputSystem/Plugins/XInput/XInputController.cs
 0.1 kb	 0.0% Packages/com.unity.inputsystem/InputSystem/Plugins/XInput/IXboxOneRumble.cs
 0.1 kb	 0.0% Packages/com.unity.inputsystem/InputSystem/Plugins/WebGL/WebGLJoystick.cs
 0.1 kb	 0.0% Packages/com.unity.inputsystem/InputSystem/Plugins/UnityRemote/UnityRemoteSupport.cs
 0.1 kb	 0.0% Packages/com.unity.inputsystem/InputSystem/Plugins/Switch/SwitchSupportHID.cs
 0.1 kb	 0.0% Packages/com.unity.inputsystem/InputSystem/Plugins/PlayerInput/PlayerInputManager.cs
 0.1 kb	 0.0% Packages/com.unity.inputsystem/InputSystem/Plugins/PlayerInput/DefaultInputActions.cs
 0.1 kb	 0.0% Packages/com.unity.inputsystem/InputSystem/Plugins/OnScreen/OnScreenSupport.cs
 0.1 kb	 0.0% Packages/com.unity.inputsystem/InputSystem/Plugins/OnScreen/OnScreenStick.cs
 0.1 kb	 0.0% Packages/com.unity.inputsystem/InputSystem/Plugins/OnScreen/OnScreenControl.cs
 0.1 kb	 0.0% Packages/com.unity.inputsystem/InputSystem/Plugins/OnScreen/OnScreenButton.cs
 0.1 kb	 0.0% Packages/com.unity.inputsystem/InputSystem/Plugins/Linux/SDLDeviceBuilder.cs
 0.1 kb	 0.0% Packages/com.unity.inputsystem/InputSystem/Plugins/EnhancedTouch/TouchHistory.cs
 0.1 kb	 0.0% Packages/com.unity.inputsystem/InputSystem/Plugins/Android/AndroidSupport.cs
 0.1 kb	 0.0% Packages/com.unity.inputsystem/InputSystem/InputSystemObject.cs
 0.1 kb	 0.0% Packages/com.unity.inputsystem/InputSystem/InputManagerStateMonitors.cs
 0.1 kb	 0.0% Packages/com.unity.inputsystem/InputSystem/InputFeatureNames.cs
 0.1 kb	 0.0% Packages/com.unity.inputsystem/InputSystem/IInputRuntime.cs
 0.1 kb	 0.0% Packages/com.unity.inputsystem/InputSystem/IInputDiagnostics.cs
 0.1 kb	 0.0% Packages/com.unity.inputsystem/InputSystem/Events/InputEventTrace.cs
 0.1 kb	 0.0% Packages/com.unity.inputsystem/InputSystem/Events/InputEventStream.cs
 0.1 kb	 0.0% Packages/com.unity.inputsystem/InputSystem/Events/InputEventPtr.cs
 0.1 kb	 0.0% Packages/com.unity.inputsystem/InputSystem/Events/InputEventBuffer.cs
 0.1 kb	 0.0% Packages/com.unity.inputsystem/InputSystem/Events/DeviceResetEvent.cs
 0.1 kb	 0.0% Packages/com.unity.inputsystem/InputSystem/Events/DeltaStateEvent.cs
 0.1 kb	 0.0% Packages/com.unity.inputsystem/InputSystem/Editor/UITKAssetEditor/Views/PropertiesView.cs
 0.1 kb	 0.0% Packages/com.unity.inputsystem/InputSystem/Editor/UITKAssetEditor/Views/DropManipulator.cs
 0.1 kb	 0.0% Packages/com.unity.inputsystem/InputSystem/Editor/UITKAssetEditor/Views/CopyPasteHelper.cs
 0.1 kb	 0.0% Packages/com.unity.inputsystem/InputSystem/Editor/UITKAssetEditor/Views/ActionsTreeView.cs
 0.1 kb	 0.0% Packages/com.unity.inputsystem/InputSystem/Editor/UITKAssetEditor/Views/ActionMapsView.cs
 0.1 kb	 0.0% Packages/com.unity.inputsystem/InputSystem/Editor/UITKAssetEditor/StateContainer.cs
 0.1 kb	 0.0% Packages/com.unity.inputsystem/InputSystem/Editor/UITKAssetEditor/ExpressionUtils.cs
 0.1 kb	 0.0% Packages/com.unity.inputsystem/InputSystem/Editor/Internal/TreeViewHelpers.cs
 0.1 kb	 0.0% Packages/com.unity.inputsystem/InputSystem/Editor/Internal/InputStateWindow.cs
 0.1 kb	 0.0% Packages/com.unity.inputsystem/InputSystem/Editor/Internal/EditorHelpers.cs
 0.1 kb	 0.0% Packages/com.unity.inputsystem/InputSystem/Editor/Internal/AdvancedDropdown/AdvancedDropdown.cs
 0.1 kb	 0.0% Packages/com.unity.inputsystem/InputSystem/Editor/InputDiagnostics.cs
 0.1 kb	 0.0% Packages/com.unity.inputsystem/InputSystem/Devices/Haptics/IDualMotorRumble.cs
 0.1 kb	 0.0% Packages/com.unity.inputsystem/InputSystem/Devices/Haptics/DualMotorRumble.cs
 0.1 kb	 0.0% Packages/com.unity.inputsystem/InputSystem/Controls/Vector3Control.cs
 0.1 kb	 0.0% Packages/com.unity.inputsystem/InputSystem/Controls/Vector2Control.cs
 0.1 kb	 0.0% Packages/com.unity.inputsystem/InputSystem/Controls/IntegerControl.cs
 0.1 kb	 0.0% Packages/com.unity.inputsystem/InputSystem/Controls/DoubleControl.cs
 0.1 kb	 0.0% Packages/com.unity.inputsystem/InputSystem/Controls/ButtonControl.cs
 0.1 kb	 0.0% Packages/com.unity.inputsystem/InputSystem/Controls/AnyKeyControl.cs
 0.1 kb	 0.0% Packages/com.unity.inputsystem/InputSystem/Actions/InputControlScheme.cs
 0.1 kb	 0.0% Packages/com.unity.inputsystem/InputSystem/Actions/InputBindingResolver.cs
 0.1 kb	 0.0% Packages/com.unity.inputsystem/InputSystem/Actions/InputActionReference.cs
 0.1 kb	 0.0% Packages/com.unity.inputsystem/InputSystem/Actions/InputActionProperty.cs
 0.1 kb	 0.0% Packages/com.unity.inputsystem/InputSystem/Actions/IInputInteraction.cs
 0.1 kb	 0.0% Packages/com.unity.collections/Unity.Collections/UnsafeList.cs
 0.1 kb	 0.0% Packages/com.unity.collections/Unity.Collections/FixedStringParseMethods.cs
 0.1 kb	 0.0% Packages/com.unity.collections/Unity.Collections/FixedStringAppendMethods.cs
 0.1 kb	 0.0% Packages/com.unity.ugui/Runtime/UGUI/UI/Core/Utility/ReflectionMethodsCache.cs
 0.1 kb	 0.0% Packages/com.unity.ugui/Runtime/UGUI/UI/Core/MultipleDisplayUtilities.cs
 0.1 kb	 0.0% Packages/com.unity.ugui/Runtime/UGUI/UI/Core/Layout/HorizontalLayoutGroup.cs
 0.1 kb	 0.0% Packages/com.unity.ugui/Runtime/UGUI/UI/Core/IGraphicEnabledDisabled.cs
 0.1 kb	 0.0% Packages/com.unity.ugui/Runtime/UGUI/UI/Core/GraphicRebuildTracker.cs
 0.1 kb	 0.0% Packages/com.unity.ugui/Runtime/UGUI/UI/Core/Culling/RectangularVertexClipper.cs
 0.1 kb	 0.0% Packages/com.unity.ugui/Runtime/UGUI/EventSystem/UIElements/PanelEventHandler.cs
 0.1 kb	 0.0% Packages/com.unity.ugui/Runtime/UGUI/EventSystem/Raycasters/Physics2DRaycaster.cs
 0.1 kb	 0.0% Packages/com.unity.ugui/Runtime/UGUI/EventSystem/InputModules/PointerInputModule.cs
 0.1 kb	 0.0% Packages/com.unity.render-pipelines.core/ShaderLibrary/DummyShaderLibrary.cs
 0.1 kb	 0.0% Packages/com.unity.render-pipelines.core/Runtime/Utilities/GPUSort/GPUSort.Data.cs
 0.1 kb	 0.0% Packages/com.unity.render-pipelines.core/Runtime/Utilities/BitArray.cs
 0.1 kb	 0.0% Packages/com.unity.render-pipelines.core/Runtime/UnifiedRayTracing/Compute/RadeonRays/StringIDs.cs
 0.1 kb	 0.0% Packages/com.unity.render-pipelines.core/Runtime/UnifiedRayTracing/Compute/RadeonRays/Common.cs
 0.1 kb	 0.0% Packages/com.unity.render-pipelines.core/Runtime/UnifiedRayTracing/Compute/RadeonRays/BvhCheck.cs
 0.1 kb	 0.0% Packages/com.unity.render-pipelines.core/Runtime/PathTracing/UVMesh.cs
 0.1 kb	 0.0% Packages/com.unity.render-pipelines.core/Runtime/PathTracing/MaterialPool/MaterialPool.cs
 0.1 kb	 0.0% Packages/com.unity.render-pipelines.core/Runtime/Inputs/InputRegistering.cs
 0.1 kb	 0.0% Packages/com.unity.inputsystem/InputSystem/Utilities/TypeTable.cs
 0.1 kb	 0.0% Packages/com.unity.inputsystem/InputSystem/Utilities/TypeHelpers.cs
 0.1 kb	 0.0% Packages/com.unity.inputsystem/InputSystem/Utilities/Substring.cs
 0.1 kb	 0.0% Packages/com.unity.inputsystem/InputSystem/Utilities/SavedState.cs
 0.1 kb	 0.0% Packages/com.unity.inputsystem/InputSystem/Utilities/Observables/Observable.cs
 0.1 kb	 0.0% Packages/com.unity.inputsystem/InputSystem/Utilities/NamedValue.cs
 0.1 kb	 0.0% Packages/com.unity.inputsystem/InputSystem/Utilities/MiscHelpers.cs
 0.1 kb	 0.0% Packages/com.unity.inputsystem/InputSystem/Utilities/JsonParser.cs
 0.1 kb	 0.0% Packages/com.unity.inputsystem/InputSystem/Utilities/ArrayHelpers.cs
 0.1 kb	 0.0% Packages/com.unity.inputsystem/InputSystem/Plugins/iOS/InputSettingsiOS.cs
 0.1 kb	 0.0% Packages/com.unity.inputsystem/InputSystem/Plugins/XR/XRLayoutBuilder.cs
 0.1 kb	 0.0% Packages/com.unity.inputsystem/InputSystem/Plugins/UI/NavigationModel.cs
 0.1 kb	 0.0% Packages/com.unity.inputsystem/InputSystem/InputUpdateType.cs
 0.1 kb	 0.0% Packages/com.unity.collections/Unity.Collections/UnsafeText.cs
 0.1 kb	 0.0% Packages/com.unity.collections/Unity.Collections/UnsafeStream.cs
 0.1 kb	 0.0% Packages/com.unity.collections/Unity.Collections/RewindableAllocator.cs
 0.1 kb	 0.0% Packages/com.unity.collections/Unity.Collections/FixedStringMethods.cs
 0.1 kb	 0.0% Packages/com.unity.collections/Unity.Collections/AutoFreeAllocator.cs
 0.1 kb	 0.0% Packages/com.unity.burst/Runtime/CompilerServices/AssumeRangeAttribute.cs
 0.1 kb	 0.0% Packages/com.unity.ugui/Runtime/UGUI/UI/Animation/CoroutineTween.cs
 0.1 kb	 0.0% Packages/com.unity.ugui/Runtime/UGUI/EventSystem/EventInterfaces.cs
 0.1 kb	 0.0% Packages/com.unity.ugui/Runtime/TMP/TMPro_ExtensionMethods.cs
 0.1 kb	 0.0% Packages/com.unity.ugui/Runtime/TMP/TMP_TextParsingUtilities.cs
 0.1 kb	 0.0% Packages/com.unity.ugui/Runtime/TMP/TMP_TextElement_Legacy.cs
 0.1 kb	 0.0% Packages/com.unity.ugui/Runtime/TMP/TMP_FontAssetUtilities.cs
 0.1 kb	 0.0% Packages/com.unity.ugui/Runtime/TMP/MaterialReferenceManager.cs
 0.1 kb	 0.0% Packages/com.unity.ugui/Runtime/TMP/FontFeatureCommonGSUB.cs
 0.1 kb	 0.0% Packages/com.unity.render-pipelines.high-definition/Runtime/Tools/ColorChecker/ColorCheckerTool.cs
 0.1 kb	 0.0% Packages/com.unity.render-pipelines.core/Runtime/Vrs/VrsLut.cs
 0.1 kb	 0.0% Packages/com.unity.render-pipelines.core/Runtime/Volume/Volume.cs
 0.1 kb	 0.0% Packages/com.unity.render-pipelines.core/Runtime/Utilities/GPUSort/GPUSort.cs
 0.1 kb	 0.0% Packages/com.unity.render-pipelines.core/Runtime/Utilities/FSRUtils.cs
 0.1 kb	 0.0% Packages/com.unity.render-pipelines.core/Runtime/Utilities/Blitter.cs
 0.1 kb	 0.0% Packages/com.unity.render-pipelines.core/Runtime/Textures/RTHandle.cs
 0.1 kb	 0.0% Packages/com.unity.render-pipelines.core/Runtime/PathTracing/PathTracingUtil.cs
 0.1 kb	 0.0% Packages/com.unity.render-pipelines.core/Runtime/Debugging/DebugUI.cs
 0.1 kb	 0.0% Packages/com.unity.inputsystem/InputSystem/Utilities/DynamicBitfield.cs
 0.1 kb	 0.0% Packages/com.unity.inputsystem/InputSystem/State/InputState.cs
 0.1 kb	 0.0% Packages/com.unity.inputsystem/InputSystem/Plugins/WebGL/WebGLSupport.cs
 0.1 kb	 0.0% Packages/com.unity.inputsystem/InputSystem/Plugins/WebGL/WebGLGamepad.cs
 0.1 kb	 0.0% Packages/com.unity.inputsystem/InputSystem/Plugins/Users/InputUser.cs
 0.1 kb	 0.0% Packages/com.unity.inputsystem/InputSystem/Plugins/Linux/LinuxSupport.cs
 0.1 kb	 0.0% Packages/com.unity.inputsystem/InputSystem/Plugins/EnhancedTouch/Touch.cs
 0.1 kb	 0.0% Packages/com.unity.inputsystem/InputSystem/Plugins/EnhancedTouch/Finger.cs
 0.1 kb	 0.0% Packages/com.unity.inputsystem/InputSystem/InputSettings.cs
 0.1 kb	 0.0% Packages/com.unity.inputsystem/InputSystem/InputMetrics.cs
 0.1 kb	 0.0% Packages/com.unity.inputsystem/InputSystem/InputExtensions.cs
 0.1 kb	 0.0% Packages/com.unity.inputsystem/InputSystem/InputAnalytics.cs
 0.1 kb	 0.0% Packages/com.unity.inputsystem/InputSystem/Events/TextEvent.cs
 0.1 kb	 0.0% Packages/com.unity.inputsystem/InputSystem/Events/StateEvent.cs
 0.1 kb	 0.0% Packages/com.unity.inputsystem/InputSystem/Events/InputEvent.cs
 0.1 kb	 0.0% Packages/com.unity.inputsystem/InputSystem/Events/ActionEvent.cs
 0.1 kb	 0.0% Packages/com.unity.inputsystem/InputSystem/Editor/UITKAssetEditor/Views/Selectors.cs
 0.1 kb	 0.0% Packages/com.unity.inputsystem/InputSystem/Editor/UITKAssetEditor/Views/ContextMenu.cs
 0.1 kb	 0.0% Packages/com.unity.inputsystem/InputSystem/Editor/Internal/GUIHelpers.cs
 0.1 kb	 0.0% Packages/com.unity.inputsystem/InputSystem/Devices/TrackedDevice.cs
 0.1 kb	 0.0% Packages/com.unity.inputsystem/InputSystem/Devices/Remote/InputRemoting.cs
 0.1 kb	 0.0% Packages/com.unity.inputsystem/InputSystem/Devices/Precompiled/FastTouchscreen.cs
 0.1 kb	 0.0% Packages/com.unity.inputsystem/InputSystem/Devices/Precompiled/FastMouse.partial.cs
 0.1 kb	 0.0% Packages/com.unity.inputsystem/InputSystem/Devices/IEventMerger.cs
 0.1 kb	 0.0% Packages/com.unity.inputsystem/InputSystem/Controls/TouchControl.cs
 0.1 kb	 0.0% Packages/com.unity.inputsystem/InputSystem/Controls/StickControl.cs
 0.1 kb	 0.0% Packages/com.unity.inputsystem/InputSystem/Controls/KeyControl.cs
 0.1 kb	 0.0% Packages/com.unity.inputsystem/InputSystem/Controls/InputProcessor.cs
 0.1 kb	 0.0% Packages/com.unity.inputsystem/InputSystem/Controls/InputControlPath.cs
 0.1 kb	 0.0% Packages/com.unity.inputsystem/InputSystem/Controls/DpadControl.cs
 0.1 kb	 0.0% Packages/com.unity.inputsystem/InputSystem/Controls/DeltaControl.cs
 0.1 kb	 0.0% Packages/com.unity.inputsystem/InputSystem/Controls/AxisControl.cs
 0.1 kb	 0.0% Packages/com.unity.inputsystem/InputSystem/Actions/InputActionState.cs
 0.1 kb	 0.0% Packages/com.unity.inputsystem/InputSystem/Actions/InputActionMap.cs
 0.1 kb	 0.0% Packages/com.unity.inputsystem/InputSystem/Actions/InputActionAsset.cs
 0.1 kb	 0.0% Packages/com.unity.collections/Unity.Collections/UnsafeQueue.cs
 0.1 kb	 0.0% Packages/com.unity.collections/Unity.Collections/NativeHashMap.cs
 0.1 kb	 0.0% Packages/com.unity.collections/Unity.Collections/FixedStringFormat.gen.cs
 0.1 kb	 0.0% Packages/com.unity.collections/Unity.Collections/FixedString.gen.cs
 0.1 kb	 0.0% Assets/Benchmark/Scripts/DemoTerrainReference.cs
 0.1 kb	 0.0% Assets/Benchmark/Scripts/DemoAudioRecorder.cs
 0.1 kb	 0.0% Packages/com.unity.visualeffectgraph/Runtime/Types/VFXTypes.cs
 0.1 kb	 0.0% Packages/com.unity.visualeffectgraph/Runtime/CustomSpawners/SetSpawnTime.cs
 0.1 kb	 0.0% Packages/com.unity.visualeffectgraph/Runtime/CustomSpawners/LoopAndDelay.cs
 0.1 kb	 0.0% Packages/com.unity.ugui/Runtime/UGUI/UI/Core/SetPropertyUtility.cs
 0.1 kb	 0.0% Packages/com.unity.ugui/Runtime/UGUI/UI/Core/MaterialModifiers/IMaterialModifier.cs
 0.1 kb	 0.0% Packages/com.unity.ugui/Runtime/UGUI/UI/Core/Layout/VerticalLayoutGroup.cs
 0.1 kb	 0.0% Packages/com.unity.ugui/Runtime/UGUI/UI/Core/Layout/ContentSizeFitter.cs
 0.1 kb	 0.0% Packages/com.unity.ugui/Runtime/UGUI/UI/Core/Layout/AspectRatioFitter.cs
 0.1 kb	 0.0% Packages/com.unity.ugui/Runtime/UGUI/UI/Core/FontUpdateTracker.cs
 0.1 kb	 0.0% Packages/com.unity.ugui/Runtime/UGUI/UI/Core/CanvasUpdateRegistry.cs
 0.1 kb	 0.0% Packages/com.unity.ugui/Runtime/UGUI/UI/Core/AnimationTriggers.cs
 0.1 kb	 0.0% Packages/com.unity.ugui/Runtime/UGUI/EventSystem/UIElements/PanelRaycaster.cs
 0.1 kb	 0.0% Packages/com.unity.ugui/Runtime/UGUI/EventSystem/Raycasters/PhysicsRaycaster.cs
 0.1 kb	 0.0% Packages/com.unity.ugui/Runtime/UGUI/EventSystem/Raycasters/BaseRaycaster.cs
 0.1 kb	 0.0% Packages/com.unity.ugui/Runtime/UGUI/EventSystem/RaycasterManager.cs
 0.1 kb	 0.0% Packages/com.unity.ugui/Runtime/UGUI/EventSystem/RaycastResult.cs
 0.1 kb	 0.0% Packages/com.unity.ugui/Runtime/UGUI/EventSystem/InputModules/TouchInputModule.cs
 0.1 kb	 0.0% Packages/com.unity.ugui/Runtime/UGUI/EventSystem/InputModules/BaseInputModule.cs
 0.1 kb	 0.0% Packages/com.unity.ugui/Runtime/UGUI/EventSystem/ExecuteEvents.cs
 0.1 kb	 0.0% Packages/com.unity.ugui/Runtime/UGUI/EventSystem/EventData/PointerEventData.cs
 0.1 kb	 0.0% Packages/com.unity.ugui/Runtime/UGUI/EventSystem/EventData/BaseEventData.cs
 0.1 kb	 0.0% Packages/com.unity.ugui/Runtime/UGUI/EventSystem/EventData/AxisEventData.cs
 0.1 kb	 0.0% Packages/com.unity.ugui/Runtime/TMP/TMP_TextProcessingStack.cs
 0.1 kb	 0.0% Packages/com.unity.ugui/Runtime/TMP/TMP_FontFeaturesCommon.cs
 0.1 kb	 0.0% Packages/com.unity.render-pipelines.core/Runtime/UnifiedRayTracing/Compute/RadeonRays/Scan.cs
 0.1 kb	 0.0% Packages/com.unity.render-pipelines.core/Runtime/PathTracing/World.cs
 0.1 kb	 0.0% Packages/com.unity.render-pipelines.core/Runtime/Lights/LightAnchor.cs
 0.1 kb	 0.0% Packages/com.unity.render-pipelines.core/Runtime/GPUDriven/AABB.cs
 0.1 kb	 0.0% Packages/com.unity.mathematics/Unity.Mathematics/rigid_transform.cs
 0.1 kb	 0.0% Packages/com.unity.mathematics/Unity.Mathematics/math_unity_conversion.cs
 0.1 kb	 0.0% Packages/com.unity.mathematics/Unity.Mathematics/affine_transform.cs
 0.1 kb	 0.0% Packages/com.unity.mathematics/Unity.Mathematics/Geometry/MinMaxAABB.cs
 0.1 kb	 0.0% Packages/com.unity.inputsystem/InputSystem/Utilities/FourCC.cs
 0.1 kb	 0.0% Packages/com.unity.inputsystem/InputSystem/Plugins/iOS/iOSSupport.cs
 0.1 kb	 0.0% Packages/com.unity.inputsystem/InputSystem/Plugins/XR/XRSupport.cs
 0.1 kb	 0.0% Packages/com.unity.inputsystem/InputSystem/Plugins/XR/GenericXRDevice.cs
 0.1 kb	 0.0% Packages/com.unity.inputsystem/InputSystem/Plugins/XR/Devices/WindowsMR.cs
 0.1 kb	 0.0% Packages/com.unity.inputsystem/InputSystem/Plugins/UI/PointerModel.cs
 0.1 kb	 0.0% Packages/com.unity.inputsystem/InputSystem/Plugins/OSX/OSXSupport.cs
 0.1 kb	 0.0% Packages/com.unity.inputsystem/InputSystem/Plugins/HID/HIDSupport.cs
 0.1 kb	 0.0% Packages/com.unity.inputsystem/InputSystem/Plugins/HID/HIDParser.cs
 0.1 kb	 0.0% Packages/com.unity.collections/Unity.Collections/xxHash3.StreamingState.cs
 0.1 kb	 0.0% Packages/com.unity.collections/Unity.Collections/NativeSort.cs
 0.1 kb	 0.0% Packages/com.unity.collections/Unity.Collections/NativeBitArray.cs
 0.1 kb	 0.0% Packages/com.unity.collections/Unity.Collections/ListExtensions.cs
 0.1 kb	 0.0% Packages/com.unity.collections/Unity.Collections/Jobs/IJobParallelForDefer.cs
 0.1 kb	 0.0% Packages/com.unity.collections/Unity.Collections/Jobs/IJobParallelForBatch.cs
 0.1 kb	 0.0% Packages/com.unity.collections/Unity.Collections/FixedStringUtils.cs
 0.1 kb	 0.0% Packages/com.unity.collections/Unity.Collections/DataStreamWriter.cs
 0.1 kb	 0.0% Packages/com.unity.collections/Unity.Collections/DataStreamReader.cs
 0.1 kb	 0.0% Packages/com.unity.collections/Unity.Collections/ConcurrentMask.cs
 0.1 kb	 0.0% Packages/com.unity.collections/Unity.Collections/CollectionHelper.cs
 0.1 kb	 0.0% Packages/com.unity.collections/Unity.Collections/AllocatorManager.cs
 0.1 kb	 0.0% Packages/com.unity.burst/Runtime/SafeStringArrayHelper.cs
 0.1 kb	 0.0% Packages/com.unity.burst/Runtime/Editor/BurstEditorOptions.cs
 0.1 kb	 0.0% Packages/com.unity.burst/Runtime/Editor/BurstCompileTarget.cs
 0.1 kb	 0.0% Packages/com.unity.burst/Runtime/Editor/BurstAssemblyDisable.cs
 0.1 kb	 0.0% Packages/com.unity.burst/Runtime/BurstCompileAttribute.cs
 0.1 kb	 0.0% Packages/com.unity.ugui/Runtime/TMP/TMPro_EventManager.cs
 0.1 kb	 0.0% Packages/com.unity.ugui/Runtime/TMP/TMP_UpdateRegistery.cs
 0.1 kb	 0.0% Packages/com.unity.ugui/Runtime/TMP/TMP_UpdateManager.cs
 0.1 kb	 0.0% Packages/com.unity.ugui/Runtime/TMP/TMP_TextUtilities.cs
 0.1 kb	 0.0% Packages/com.unity.ugui/Runtime/TMP/TMP_TextProcessingCommon.cs
 0.1 kb	 0.0% Packages/com.unity.ugui/Runtime/TMP/TMP_SpriteCharacter.cs
 0.1 kb	 0.0% Packages/com.unity.ugui/Runtime/TMP/TMP_SpriteAnimator.cs
 0.1 kb	 0.0% Packages/com.unity.ugui/Runtime/TMP/TMP_SelectionCaret.cs
 0.1 kb	 0.0% Packages/com.unity.ugui/Runtime/TMP/TMP_ResourcesManager.cs
 0.1 kb	 0.0% Packages/com.unity.ugui/Runtime/TMP/TMP_MaterialManager.cs
 0.1 kb	 0.0% Packages/com.unity.ugui/Runtime/TMP/TMP_InputValidator.cs
 0.1 kb	 0.0% Packages/com.unity.ugui/Runtime/TMP/TMP_FontFeatureTable.cs
 0.1 kb	 0.0% Packages/com.unity.ugui/Runtime/TMP/TMP_DefaultControls.cs
 0.1 kb	 0.0% Packages/com.unity.ugui/Runtime/TMP/TMP_Compatibility.cs
 0.1 kb	 0.0% Packages/com.unity.ugui/Runtime/TMP/TMP_ColorGradient.cs
 0.1 kb	 0.0% Packages/com.unity.ugui/Runtime/TMP/TMP_CharacterInfo.cs
 0.1 kb	 0.0% Packages/com.unity.ugui/Runtime/TMP/ITextPreProcessor.cs
 0.1 kb	 0.0% Packages/com.unity.ugui/Runtime/TMP/FontFeatureCommonGPOS.cs
 0.1 kb	 0.0% Packages/com.unity.ugui/Runtime/InternalBridge/TMPHelpURL.cs
 0.1 kb	 0.0% Packages/com.unity.render-pipelines.core/Runtime/Vrs/Vrs.cs
 0.1 kb	 0.0% Packages/com.unity.render-pipelines.core/Runtime/STP/STP.cs
 0.1 kb	 0.0% Packages/com.unity.mathematics/Unity.Mathematics/double4x4.gen.cs
 0.1 kb	 0.0% Packages/com.unity.mathematics/Unity.Mathematics/double4x3.gen.cs
 0.1 kb	 0.0% Packages/com.unity.mathematics/Unity.Mathematics/double4x2.gen.cs
 0.1 kb	 0.0% Packages/com.unity.mathematics/Unity.Mathematics/double3x4.gen.cs
 0.1 kb	 0.0% Packages/com.unity.mathematics/Unity.Mathematics/double3x3.gen.cs
 0.1 kb	 0.0% Packages/com.unity.mathematics/Unity.Mathematics/double3x2.gen.cs
 0.1 kb	 0.0% Packages/com.unity.mathematics/Unity.Mathematics/double2x4.gen.cs
 0.1 kb	 0.0% Packages/com.unity.mathematics/Unity.Mathematics/double2x3.gen.cs
 0.1 kb	 0.0% Packages/com.unity.mathematics/Unity.Mathematics/double2x2.gen.cs
 0.1 kb	 0.0% Packages/com.unity.inputsystem/InputSystem/Plugins/PlayerInput/PlayerInput.cs
 0.1 kb	 0.0% Packages/com.unity.inputsystem/InputSystem/Plugins/PlayerInput/InputValue.cs
 0.1 kb	 0.0% Packages/com.unity.inputsystem/InputSystem/InputSystem.cs
 0.1 kb	 0.0% Packages/com.unity.inputsystem/InputSystem/InputManager.cs
 0.1 kb	 0.0% Packages/com.unity.inputsystem/InputSystem/Editor/UITKAssetEditor/Commands/Commands.cs
 0.1 kb	 0.0% Packages/com.unity.inputsystem/InputSystem/Editor/Dialog.cs
 0.1 kb	 0.0% Packages/com.unity.inputsystem/InputSystem/Devices/Touchscreen.cs
 0.1 kb	 0.0% Packages/com.unity.inputsystem/InputSystem/Devices/Precompiled/FastMouse.cs
 0.1 kb	 0.0% Packages/com.unity.inputsystem/InputSystem/Devices/Precompiled/FastKeyboard.cs
 0.1 kb	 0.0% Packages/com.unity.inputsystem/InputSystem/Devices/InputDevice.cs
 0.1 kb	 0.0% Packages/com.unity.inputsystem/InputSystem/Devices/Haptics/IHaptics.cs
 0.1 kb	 0.0% Packages/com.unity.inputsystem/InputSystem/Controls/InputControl.cs
 0.1 kb	 0.0% Packages/com.unity.inputsystem/InputSystem/Controls/CommonUsages.cs
 0.1 kb	 0.0% Packages/com.unity.inputsystem/InputSystem/AssemblyInfo.cs
 0.1 kb	 0.0% Packages/com.unity.inputsystem/InputSystem/Actions/InputBinding.cs
 0.1 kb	 0.0% Packages/com.unity.inputsystem/InputSystem/Actions/InputAction.cs
 0.1 kb	 0.0% Packages/com.unity.collections/Unity.Collections/NativeText.gen.cs
 0.1 kb	 0.0% Packages/com.unity.collections/Unity.Collections/FixedList.gen.cs
 0.1 kb	 0.0% Assets/Benchmark/Scripts/DemoRenderTuning.cs
 0.1 kb	 0.0% Assets/Benchmark/Scripts/DemoDeformation.cs
 0.1 kb	 0.0% Assets/Benchmark/Scripts/DemoCombatAudio.cs
 0.1 kb	 0.0% Packages/com.unity.ugui/Runtime/UGUI/UI/Core/VertexModifiers/PositionAsUV1.cs
 0.1 kb	 0.0% Packages/com.unity.ugui/Runtime/UGUI/UI/Core/VertexModifiers/IMeshModifier.cs
 0.1 kb	 0.0% Packages/com.unity.ugui/Runtime/UGUI/UI/Core/VertexModifiers/BaseMeshEffect.cs
 0.1 kb	 0.0% Packages/com.unity.ugui/Runtime/UGUI/UI/Core/StencilMaterial.cs
 0.1 kb	 0.0% Packages/com.unity.ugui/Runtime/UGUI/UI/Core/MaskableGraphic.cs
 0.1 kb	 0.0% Packages/com.unity.ugui/Runtime/UGUI/UI/Core/MaskUtilities.cs
 0.1 kb	 0.0% Packages/com.unity.ugui/Runtime/UGUI/UI/Core/Layout/LayoutUtility.cs
 0.1 kb	 0.0% Packages/com.unity.ugui/Runtime/UGUI/UI/Core/Layout/LayoutRebuilder.cs
 0.1 kb	 0.0% Packages/com.unity.ugui/Runtime/UGUI/UI/Core/Layout/LayoutElement.cs
 0.1 kb	 0.0% Packages/com.unity.ugui/Runtime/UGUI/UI/Core/Layout/ILayoutElement.cs
 0.1 kb	 0.0% Packages/com.unity.ugui/Runtime/UGUI/UI/Core/Layout/GridLayoutGroup.cs
 0.1 kb	 0.0% Packages/com.unity.ugui/Runtime/UGUI/UI/Core/GraphicRegistry.cs
 0.1 kb	 0.0% Packages/com.unity.ugui/Runtime/UGUI/UI/Core/GraphicRaycaster.cs
 0.1 kb	 0.0% Packages/com.unity.ugui/Runtime/UGUI/UI/Core/DefaultControls.cs
 0.1 kb	 0.0% Packages/com.unity.ugui/Runtime/UGUI/UI/Core/Culling/ClipperRegistry.cs
 0.1 kb	 0.0% Packages/com.unity.ugui/Runtime/UGUI/EventSystem/UIBehaviour.cs
 0.1 kb	 0.0% Packages/com.unity.ugui/Runtime/UGUI/EventSystem/InputModules/BaseInput.cs
 0.1 kb	 0.0% Packages/com.unity.ugui/Runtime/UGUI/EventSystem/EventTrigger.cs
 0.1 kb	 0.0% Packages/com.unity.ugui/Runtime/UGUI/EventSystem/EventSystem.cs
 0.1 kb	 0.0% Packages/com.unity.ugui/Runtime/TMP/TMPro_MeshUtilities.cs
 0.1 kb	 0.0% Packages/com.unity.ugui/Runtime/TMP/TMP_ShaderUtilities.cs
 0.1 kb	 0.0% Packages/com.unity.ugui/Runtime/TMP/TMP_RichTextTagsCommon.cs
 0.1 kb	 0.0% Packages/com.unity.ugui/Runtime/TMP/TMP_FontAssetCommon.cs
 0.1 kb	 0.0% Packages/com.unity.mathematics/Unity.Mathematics/quaternion.cs
 0.1 kb	 0.0% Packages/com.unity.mathematics/Unity.Mathematics/Noise/classicnoise4D.cs
 0.1 kb	 0.0% Packages/com.unity.mathematics/Unity.Mathematics/Noise/classicnoise3D.cs
 0.1 kb	 0.0% Packages/com.unity.mathematics/Unity.Mathematics/Noise/classicnoise2D.cs
 0.1 kb	 0.0% Packages/com.unity.mathematics/Unity.Mathematics/Noise/cellular2x2x2.cs
 0.1 kb	 0.0% Packages/com.unity.mathematics/Unity.Mathematics/Geometry/Plane.cs
 0.1 kb	 0.0% Packages/com.unity.inputsystem/InputSystem/Plugins/XR/Devices/Oculus.cs
 0.1 kb	 0.0% Packages/com.unity.collections/Unity.Collections/UIntFloat.cs
 0.1 kb	 0.0% Packages/com.unity.collections/Unity.Collections/NativeStream.cs
 0.1 kb	 0.0% Packages/com.unity.collections/Unity.Collections/Jobs/EarlyInitHelpers.cs
 0.1 kb	 0.0% Packages/com.unity.burst/Runtime/Intrinsics/SimdDebugViews.cs
 0.1 kb	 0.0% Packages/com.unity.burst/Runtime/Editor/BurstReflection.cs
 0.1 kb	 0.0% Packages/com.unity.burst/Runtime/BurstCompilerOptions.cs
 0.1 kb	 0.0% Packages/com.unity.ugui/Runtime/TMP/TextMeshProUGUI.cs
 0.1 kb	 0.0% Packages/com.unity.ugui/Runtime/TMP/TextContainer.cs
 0.1 kb	 0.0% Packages/com.unity.ugui/Runtime/TMP/TMP_TextElement.cs
 0.1 kb	 0.0% Packages/com.unity.ugui/Runtime/TMP/TMP_SubMeshUI.cs
 0.1 kb	 0.0% Packages/com.unity.ugui/Runtime/TMP/TMP_StyleSheet.cs
 0.1 kb	 0.0% Packages/com.unity.ugui/Runtime/TMP/TMP_SpriteGlyph.cs
 0.1 kb	 0.0% Packages/com.unity.ugui/Runtime/TMP/TMP_SpriteAsset.cs
 0.1 kb	 0.0% Packages/com.unity.ugui/Runtime/TMP/TMP_InputField.cs
 0.1 kb	 0.0% Packages/com.unity.ugui/Runtime/TMP/TMP_FontAsset.cs
 0.1 kb	 0.0% Packages/com.unity.ugui/Runtime/TMP/TMP_CoroutineTween.cs
 0.1 kb	 0.0% Packages/com.unity.ugui/Runtime/TMP/TMP_Character.cs
 0.1 kb	 0.0% Packages/com.unity.mathematics/Unity.Mathematics/uint4x4.gen.cs
 0.1 kb	 0.0% Packages/com.unity.mathematics/Unity.Mathematics/uint4x3.gen.cs
 0.1 kb	 0.0% Packages/com.unity.mathematics/Unity.Mathematics/uint4x2.gen.cs
 0.1 kb	 0.0% Packages/com.unity.mathematics/Unity.Mathematics/uint4.gen.cs
 0.1 kb	 0.0% Packages/com.unity.mathematics/Unity.Mathematics/uint3x4.gen.cs
 0.1 kb	 0.0% Packages/com.unity.mathematics/Unity.Mathematics/uint3x3.gen.cs
 0.1 kb	 0.0% Packages/com.unity.mathematics/Unity.Mathematics/uint3x2.gen.cs
 0.1 kb	 0.0% Packages/com.unity.mathematics/Unity.Mathematics/uint3.gen.cs
 0.1 kb	 0.0% Packages/com.unity.mathematics/Unity.Mathematics/uint2x4.gen.cs
 0.1 kb	 0.0% Packages/com.unity.mathematics/Unity.Mathematics/uint2x3.gen.cs
 0.1 kb	 0.0% Packages/com.unity.mathematics/Unity.Mathematics/uint2x2.gen.cs
 0.1 kb	 0.0% Packages/com.unity.mathematics/Unity.Mathematics/uint2.gen.cs
 0.1 kb	 0.0% Packages/com.unity.mathematics/Unity.Mathematics/int4x4.gen.cs
 0.1 kb	 0.0% Packages/com.unity.mathematics/Unity.Mathematics/int4x3.gen.cs
 0.1 kb	 0.0% Packages/com.unity.mathematics/Unity.Mathematics/int4x2.gen.cs
 0.1 kb	 0.0% Packages/com.unity.mathematics/Unity.Mathematics/int3x4.gen.cs
 0.1 kb	 0.0% Packages/com.unity.mathematics/Unity.Mathematics/int3x3.gen.cs
 0.1 kb	 0.0% Packages/com.unity.mathematics/Unity.Mathematics/int3x2.gen.cs
 0.1 kb	 0.0% Packages/com.unity.mathematics/Unity.Mathematics/int2x4.gen.cs
 0.1 kb	 0.0% Packages/com.unity.mathematics/Unity.Mathematics/int2x3.gen.cs
 0.1 kb	 0.0% Packages/com.unity.mathematics/Unity.Mathematics/int2x2.gen.cs
 0.1 kb	 0.0% Packages/com.unity.mathematics/Unity.Mathematics/half4.gen.cs
 0.1 kb	 0.0% Packages/com.unity.mathematics/Unity.Mathematics/half3.gen.cs
 0.1 kb	 0.0% Packages/com.unity.mathematics/Unity.Mathematics/half2.gen.cs
 0.1 kb	 0.0% Packages/com.unity.mathematics/Unity.Mathematics/float4x4.gen.cs
 0.1 kb	 0.0% Packages/com.unity.mathematics/Unity.Mathematics/float4x3.gen.cs
 0.1 kb	 0.0% Packages/com.unity.mathematics/Unity.Mathematics/float4x2.gen.cs
 0.1 kb	 0.0% Packages/com.unity.mathematics/Unity.Mathematics/float4.gen.cs
 0.1 kb	 0.0% Packages/com.unity.mathematics/Unity.Mathematics/float3x4.gen.cs
 0.1 kb	 0.0% Packages/com.unity.mathematics/Unity.Mathematics/float3x3.gen.cs
 0.1 kb	 0.0% Packages/com.unity.mathematics/Unity.Mathematics/float3x2.gen.cs
 0.1 kb	 0.0% Packages/com.unity.mathematics/Unity.Mathematics/float3.gen.cs
 0.1 kb	 0.0% Packages/com.unity.mathematics/Unity.Mathematics/float2x4.gen.cs
 0.1 kb	 0.0% Packages/com.unity.mathematics/Unity.Mathematics/float2x3.gen.cs
 0.1 kb	 0.0% Packages/com.unity.mathematics/Unity.Mathematics/float2x2.gen.cs
 0.1 kb	 0.0% Packages/com.unity.mathematics/Unity.Mathematics/float2.gen.cs
 0.1 kb	 0.0% Packages/com.unity.mathematics/Unity.Mathematics/double4.gen.cs
 0.1 kb	 0.0% Packages/com.unity.mathematics/Unity.Mathematics/double3.gen.cs
 0.1 kb	 0.0% Packages/com.unity.mathematics/Unity.Mathematics/double2.gen.cs
 0.1 kb	 0.0% Packages/com.unity.mathematics/Unity.Mathematics/bool4x4.gen.cs
 0.1 kb	 0.0% Packages/com.unity.mathematics/Unity.Mathematics/bool4x3.gen.cs
 0.1 kb	 0.0% Packages/com.unity.mathematics/Unity.Mathematics/bool4x2.gen.cs
 0.1 kb	 0.0% Packages/com.unity.mathematics/Unity.Mathematics/bool4.gen.cs
 0.1 kb	 0.0% Packages/com.unity.mathematics/Unity.Mathematics/bool3x4.gen.cs
 0.1 kb	 0.0% Packages/com.unity.mathematics/Unity.Mathematics/bool3x3.gen.cs
 0.1 kb	 0.0% Packages/com.unity.mathematics/Unity.Mathematics/bool3x2.gen.cs
 0.1 kb	 0.0% Packages/com.unity.mathematics/Unity.Mathematics/bool3.gen.cs
 0.1 kb	 0.0% Packages/com.unity.mathematics/Unity.Mathematics/bool2x4.gen.cs
 0.1 kb	 0.0% Packages/com.unity.mathematics/Unity.Mathematics/bool2x3.gen.cs
 0.1 kb	 0.0% Packages/com.unity.mathematics/Unity.Mathematics/bool2x2.gen.cs
 0.1 kb	 0.0% Packages/com.unity.mathematics/Unity.Mathematics/bool2.gen.cs
 0.1 kb	 0.0% Packages/com.unity.mathematics/Unity.Mathematics/Noise/psrdnoise2D.cs
 0.1 kb	 0.0% Packages/com.unity.mathematics/Unity.Mathematics/Noise/noise3Dgrad.cs
 0.1 kb	 0.0% Packages/com.unity.mathematics/Unity.Mathematics/Noise/cellular3D.cs
 0.1 kb	 0.0% Packages/com.unity.mathematics/Unity.Mathematics/Noise/cellular2x2.cs
 0.1 kb	 0.0% Packages/com.unity.mathematics/Unity.Mathematics/Noise/cellular2D.cs
 0.1 kb	 0.0% Packages/com.unity.inputsystem/InputSystem/Plugins/XR/Devices/GoogleVR.cs
 0.1 kb	 0.0% Packages/com.unity.inputsystem/InputSystem/Editor/DownloadableSample.cs
 0.1 kb	 0.0% Packages/com.unity.inputsystem/InputSystem/Devices/Sensor.cs
 0.1 kb	 0.0% Packages/com.unity.inputsystem/InputSystem/Devices/Pointer.cs
 0.1 kb	 0.0% Packages/com.unity.inputsystem/InputSystem/Devices/Mouse.cs
 0.1 kb	 0.0% Packages/com.unity.inputsystem/InputSystem/Devices/Keyboard.cs
 0.1 kb	 0.0% Packages/com.unity.inputsystem/InputSystem/Devices/Joystick.cs
 0.1 kb	 0.0% Packages/com.unity.inputsystem/InputSystem/Devices/Gamepad.cs
 0.1 kb	 0.0% Packages/com.unity.collections/Unity.Collections/xxHash3.AVX2.cs
 0.1 kb	 0.0% Packages/com.unity.burst/Runtime/Intrinsics/Arm/NEON_AArch64_rdma.cs
 0.1 kb	 0.0% Packages/com.unity.burst/Runtime/Intrinsics/Arm/NEON_AArch64_dotprod.cs
 0.1 kb	 0.0% Packages/com.unity.burst/Runtime/Intrinsics/Arm/NEON_AArch64_crypto.cs
 0.1 kb	 0.0% Assets/Benchmark/Scripts/DemoShowcase.cs
 0.1 kb	 0.0% Assets/Benchmark/Scripts/DemoScene.cs
 0.1 kb	 0.0% Assets/Benchmark/Scripts/DemoContacts.cs
 0.1 kb	 0.0% Packages/com.unity.ugui/Runtime/UGUI/UI/Core/Utility/VertexHelper.cs
 0.1 kb	 0.0% Packages/com.unity.ugui/Runtime/UGUI/UI/Core/ToggleGroup.cs
 0.1 kb	 0.0% Packages/com.unity.ugui/Runtime/UGUI/UI/Core/SpriteState.cs
 0.1 kb	 0.0% Packages/com.unity.ugui/Runtime/UGUI/UI/Core/Selectable.cs
 0.1 kb	 0.0% Packages/com.unity.ugui/Runtime/UGUI/UI/Core/Scrollbar.cs
 0.1 kb	 0.0% Packages/com.unity.ugui/Runtime/UGUI/UI/Core/ScrollRect.cs
 0.1 kb	 0.0% Packages/com.unity.ugui/Runtime/UGUI/UI/Core/RectMask2D.cs
 0.1 kb	 0.0% Packages/com.unity.ugui/Runtime/UGUI/UI/Core/Navigation.cs
 0.1 kb	 0.0% Packages/com.unity.ugui/Runtime/UGUI/UI/Core/Layout/LayoutGroup.cs
 0.1 kb	 0.0% Packages/com.unity.ugui/Runtime/UGUI/UI/Core/Layout/CanvasScaler.cs
 0.1 kb	 0.0% Packages/com.unity.ugui/Runtime/UGUI/UI/Core/InputField.cs
 0.1 kb	 0.0% Packages/com.unity.ugui/Runtime/UGUI/UI/Core/IMaskable.cs
 0.1 kb	 0.0% Packages/com.unity.ugui/Runtime/UGUI/UI/Core/ColorBlock.cs
 0.1 kb	 0.0% Packages/com.unity.mathematics/Unity.Mathematics/random.cs
 0.1 kb	 0.0% Packages/com.unity.mathematics/Unity.Mathematics/matrix.gen.cs
 0.1 kb	 0.0% Packages/com.unity.mathematics/Unity.Mathematics/matrix.cs
 0.1 kb	 0.0% Packages/com.unity.mathematics/Unity.Mathematics/Noise/noise4D.cs
 0.1 kb	 0.0% Packages/com.unity.mathematics/Unity.Mathematics/Noise/noise3D.cs
 0.1 kb	 0.0% Packages/com.unity.mathematics/Unity.Mathematics/Noise/noise2D.cs
 0.1 kb	 0.0% Packages/com.unity.mathematics/Unity.Mathematics/Noise/common.cs
 0.1 kb	 0.0% Packages/com.unity.inputsystem/InputSystem/Plugins/XR/Devices/OpenVR.cs
 0.1 kb	 0.0% Packages/com.unity.inputsystem/InputSystem/Plugins/HID/HID.cs
 0.1 kb	 0.0% Packages/com.unity.collections/Unity.Collections/xxHash3.cs
 0.1 kb	 0.0% Packages/com.unity.collections/Unity.Collections/Unicode.cs
 0.1 kb	 0.0% Packages/com.unity.collections/Unity.Collections/Memory.cs
 0.1 kb	 0.0% Packages/com.unity.collections/Unity.Collections/Jobs/IJobFilter.cs
 0.1 kb	 0.0% Packages/com.unity.collections/Unity.Collections/BitField.cs
 0.1 kb	 0.0% Packages/com.unity.burst/Runtime/NoAliasAttribute.cs
 0.1 kb	 0.0% Packages/com.unity.burst/Runtime/FunctionPointer.cs
 0.1 kb	 0.0% Packages/com.unity.burst/Runtime/Editor/BurstLoader.cs
 0.1 kb	 0.0% Packages/com.unity.burst/Runtime/CompilerServices/Constant.cs
 0.1 kb	 0.0% Packages/com.unity.burst/Runtime/CompilerServices/Aliasing.cs
 0.1 kb	 0.0% Packages/com.unity.burst/Runtime/BurstString.Float.cs
 0.1 kb	 0.0% Packages/com.unity.burst/Runtime/BurstCompiler.cs
 0.1 kb	 0.0% Packages/com.unity.ugui/Runtime/UGUI/UI/Core/Culling/IClipRegion.cs
 0.1 kb	 0.0% Packages/com.unity.ugui/Runtime/TMP/TextMeshPro.cs
 0.1 kb	 0.0% Packages/com.unity.ugui/Runtime/TMP/TMP_TextInfo.cs
 0.1 kb	 0.0% Packages/com.unity.ugui/Runtime/TMP/TMP_SubMesh.cs
 0.1 kb	 0.0% Packages/com.unity.ugui/Runtime/TMP/TMP_Style.cs
 0.1 kb	 0.0% Packages/com.unity.ugui/Runtime/TMP/TMP_Sprite.cs
 0.1 kb	 0.0% Packages/com.unity.ugui/Runtime/TMP/TMP_Settings.cs
 0.1 kb	 0.0% Packages/com.unity.ugui/Runtime/TMP/TMP_MeshInfo.cs
 0.1 kb	 0.0% Packages/com.unity.ugui/Runtime/TMP/TMP_LineInfo.cs
 0.1 kb	 0.0% Packages/com.unity.ugui/Runtime/TMP/TMP_Dropdown.cs
 0.1 kb	 0.0% Packages/com.unity.ugui/Runtime/TMP/TMP_Asset.cs
 0.1 kb	 0.0% Packages/com.unity.ugui/Runtime/TMP/FastAction.cs
 0.1 kb	 0.0% Packages/com.unity.mathematics/Unity.Mathematics/int4.gen.cs
 0.1 kb	 0.0% Packages/com.unity.mathematics/Unity.Mathematics/int3.gen.cs
 0.1 kb	 0.0% Packages/com.unity.mathematics/Unity.Mathematics/int2.gen.cs
 0.1 kb	 0.0% Packages/com.unity.inputsystem/InputSystem/Devices/Pen.cs
 0.1 kb	 0.0% Packages/com.unity.burst/Runtime/Intrinsics/Common.cs
 0.1 kb	 0.0% Packages/com.unity.burst/Runtime/Intrinsics/Arm/NEON_ctor.cs
 0.1 kb	 0.0% Packages/com.unity.burst/Runtime/Intrinsics/Arm/NEON_AArch64.cs
 0.1 kb	 0.0% Assets/Benchmark/Scripts/DemoUnit.cs
 0.1 kb	 0.0% Packages/com.unity.visualeffectgraph/Runtime/Utilities/RuntimeResources.asset
 0.1 kb	 0.0% Packages/com.unity.ugui/Runtime/UGUI/UI/Core/VertexModifiers/Shadow.cs
 0.1 kb	 0.0% Packages/com.unity.ugui/Runtime/UGUI/UI/Core/VertexModifiers/Outline.cs
 0.1 kb	 0.0% Packages/com.unity.ugui/Runtime/UGUI/UI/Core/Toggle.cs
 0.1 kb	 0.0% Packages/com.unity.ugui/Runtime/UGUI/UI/Core/Slider.cs
 0.1 kb	 0.0% Packages/com.unity.ugui/Runtime/UGUI/UI/Core/RawImage.cs
 0.1 kb	 0.0% Packages/com.unity.ugui/Runtime/UGUI/UI/Core/Image.cs
 0.1 kb	 0.0% Packages/com.unity.ugui/Runtime/UGUI/UI/Core/IMask.cs
 0.1 kb	 0.0% Packages/com.unity.ugui/Runtime/UGUI/UI/Core/Graphic.cs
 0.1 kb	 0.0% Packages/com.unity.ugui/Runtime/UGUI/UI/Core/FontData.cs
 0.1 kb	 0.0% Packages/com.unity.ugui/Runtime/UGUI/UI/Core/Dropdown.cs
 0.1 kb	 0.0% Packages/com.unity.ugui/Runtime/UGUI/UI/Core/Culling/Clipping.cs
 0.1 kb	 0.0% Packages/com.unity.ugui/Runtime/UGUI/UI/Core/Button.cs
 0.1 kb	 0.0% Packages/com.unity.mathematics/Unity.Mathematics/svd.cs
 0.1 kb	 0.0% Packages/com.unity.mathematics/Unity.Mathematics/math.cs
 0.1 kb	 0.0% Packages/com.unity.mathematics/Unity.Mathematics/half.cs
 0.1 kb	 0.0% Packages/com.unity.burst/Runtime/SharedStatic.cs
 0.1 kb	 0.0% Packages/com.unity.burst/Runtime/Intrinsics/x86/Ssse3.cs
 0.1 kb	 0.0% Packages/com.unity.burst/Runtime/Intrinsics/x86/Sse4_2.cs
 0.1 kb	 0.0% Packages/com.unity.burst/Runtime/Intrinsics/x86/Sse4_1.cs
 0.1 kb	 0.0% Packages/com.unity.burst/Runtime/Intrinsics/x86/Popcnt.cs
 0.1 kb	 0.0% Packages/com.unity.burst/Runtime/Intrinsics/x86/Common.cs
 0.1 kb	 0.0% Packages/com.unity.burst/Runtime/CompilerServices/Hint.cs
 0.1 kb	 0.0% Packages/com.unity.burst/Runtime/BurstString.cs
 0.1 kb	 0.0% Packages/com.unity.burst/Runtime/BurstRuntime.cs
 0.1 kb	 0.0% Packages/com.unity.ugui/Runtime/TMP/TMP_Text.cs
 0.1 kb	 0.0% Packages/com.unity.inputsystem/InputSystem/Plugins/UI/UISupport.cs
 0.1 kb	 0.0% Packages/com.unity.burst/Runtime/Intrinsics/x86/Sse3.cs
 0.1 kb	 0.0% Packages/com.unity.burst/Runtime/Intrinsics/x86/Sse2.cs
 0.1 kb	 0.0% Packages/com.unity.burst/Runtime/Intrinsics/x86/Sse.cs
 0.1 kb	 0.0% Packages/com.unity.burst/Runtime/Intrinsics/x86/Fma.cs
 0.1 kb	 0.0% Packages/com.unity.burst/Runtime/Intrinsics/x86/F16C.cs
 0.1 kb	 0.0% Packages/com.unity.burst/Runtime/Intrinsics/x86/Csr.cs
 0.1 kb	 0.0% Packages/com.unity.burst/Runtime/Intrinsics/x86/Bmi2.cs
 0.1 kb	 0.0% Packages/com.unity.burst/Runtime/Intrinsics/x86/Bmi1.cs
 0.1 kb	 0.0% Packages/com.unity.burst/Runtime/Intrinsics/x86/Avx2.cs
 0.1 kb	 0.0% Packages/com.unity.burst/Runtime/Intrinsics/x86/Avx.cs
 0.1 kb	 0.0% Packages/com.unity.burst/Runtime/Intrinsics/v64.cs
 0.1 kb	 0.0% Packages/com.unity.burst/Runtime/Intrinsics/v256.cs
 0.1 kb	 0.0% Packages/com.unity.burst/Runtime/Intrinsics/v128.cs
 0.1 kb	 0.0% Packages/com.unity.burst/Runtime/Intrinsics/Arm/NEON.cs
 0.1 kb	 0.0% Packages/com.unity.ugui/Runtime/UGUI/UI/Core/Text.cs
 0.1 kb	 0.0% Packages/com.unity.ugui/Runtime/UGUI/UI/Core/Misc.cs
 0.1 kb	 0.0% Packages/com.unity.ugui/Runtime/UGUI/UI/Core/Mask.cs
 0.1 kb	 0.0% Assets/TutorialInfo/Scripts/Readme.cs
 0.1 kb	 0.0% Packages/com.unity.render-pipelines.high-definition/Runtime/RenderPipelineResources/ComputeMaterialLibrary.asset
 0.1 kb	 0.0% Assets/Resources/PerformanceTestRunSettings.json
-------------------------------------------------------------------------------
Unloading 1 Unused Serialized files (Serialized files now loaded: 0)
Unloading 77 unused Assets / (4.0 KB). Loaded Objects now: 5945.
Memory consumption went from 238.4 MB to 238.4 MB.
Total: 14.035300 ms (FindLiveObjects: 0.420600 ms CreateObjectMapping: 0.340500 ms MarkObjects: 12.005700 ms  DeleteObjects: 1.267100 ms)

DisplayProgressNotification: Build Successful
Build Finished, Result: Success.
##utp:{"type":"PlayerBuildInfo","version":2,"phase":"Immediate","time":1791267752646,"processId":32076,"steps":[{"description":"Preprocess Player","duration":1181},{"description":"Prepare For Build","duration":6},{"description":"ProducePlayerScriptAssemblies","duration":9553},{"description":"Verify Build setup","duration":228},{"description":"Prepare assets for target platform","duration":2},{"description":"Prepare splash screen","duration":12},{"description":"Build scripts DLLs","duration":18},{"description":"Building scenes","duration":1250},{"description":"Build GlobalGameManagers file","duration":217},{"description":"Writing asset files","duration":11017},{"description":"Building Resources/unity_builtin_extra","duration":1090},{"description":"Write data build dirty tracking information","duration":187},{"description":"Postprocess built player","duration":10660}],"duration":35421}
Unloading 25 Unused Serialized files (Serialized files now loaded: 0)
Loaded scene 'Temp/__Backupscenes/0.backup'
	Deserialize:            17.509 ms
	Integration:            240.049 ms
	Integration of assets:  329.998 ms
	Thread Wait Time:       0.070 ms
	Total Operation Time:   587.627 ms
Unloading 0 unused Assets / (9.1 KB). Loaded Objects now: 7058.
Memory consumption went from 0.63 GB to 0.63 GB.
Total: 11.193300 ms (FindLiveObjects: 0.445800 ms CreateObjectMapping: 0.368200 ms MarkObjects: 10.352600 ms  DeleteObjects: 0.025600 ms)

KRAG_BUILD_RESULT Succeeded 721257925 bytes
UnityEngine.Debug:ExtractStackTraceNoAlloc (byte*,int,string)
UnityEngine.StackTraceUtility:ExtractStackTrace ()
UnityEngine.DebugLogHandler:Internal_Log (UnityEngine.LogType,UnityEngine.LogOption,string,UnityEngine.Object)
UnityEngine.DebugLogHandler:LogFormat (UnityEngine.LogType,UnityEngine.Object,string,object[])
UnityEngine.Logger:Log (UnityEngine.LogType,object)
UnityEngine.Debug:Log (object)
KragKings.Editor.BenchmarkBuild:BuildWindows () (at Assets/Benchmark/Editor/BenchmarkBuild.cs:74)
KragKings.Editor.BenchmarkBuild:BuildPrepared () (at Assets/Benchmark/Editor/BenchmarkBuild.cs:67)

(Filename: Assets/Benchmark/Editor/BenchmarkBuild.cs Line: 74)

Batchmode quit successfully invoked - shutting down!
[Physics::Module] Cleanup current backend.
[Physics::Module] Id: 0xf2b8ea05
Input System module state changed to: ShutdownInProgress.
Input Polling Thread exited.
Input System module state changed to: Shutdown.
[Licensing::IpcConnector] LicenseClient-Matthew-notifications channel disconnected successfully.
[Licensing::IpcConnector] LicenseClient-Matthew channel disconnected successfully.
AcceleratorClientConnectionCallback - disconnected - :0
Cleanup mono
CodeReloadManager destroyed
Exiting batchmode successfully now!
Exiting without the bug reporter. Application will terminate with return code 0